<?xml version="1.0"?>
<!-- Written on 15-Jun-2010 21:43:40 using the XML Toolbox for Matlab -->
<root xml_tb_version="3.1" idx="1" type="struct" size="1 1">
  <filename idx="1" type="char" size="1 36">00bb9bbcca3d07b25f93957a20482bd9.jpg</filename>
  <features idx="1" type="struct" size="1 1">
    <numFaces idx="1" type="struct" size="1 1">
      <data idx="1" type="double" size="1 1">0</data>
    </numFaces>
    <cornerRatio idx="1" type="struct" size="1 1">
      <data idx="1" type="double" size="1 1">0.001036585365853659</data>
    </cornerRatio>
    <edgeRatio idx="1" type="struct" size="1 1">
      <data idx="1" type="double" size="1 1">0.1500091463414634</data>
    </edgeRatio>
    <gridEdgeRatio idx="1" type="struct" size="1 1">
      <data idx="1" type="double" size="1 9">0.01681808349556568 0.0240374215877136 0.02067669172932333 0.1883517196625569 0.2075492104693924 0.2010733355126949 0.2497256365232661 0.2526064530289728 0.1948252985404689</data>
    </gridEdgeRatio>
    <medianHue idx="1" type="struct" size="1 1">
      <data idx="1" type="double" size="1 1">111</data>
    </medianHue>
    <avgSat idx="1" type="struct" size="1 1">
      <data idx="1" type="double" size="1 1">38.95700609756094</data>
    </avgSat>
    <avgInt idx="1" type="struct" size="1 1">
      <data idx="1" type="double" size="1 1">108.1302317073171</data>
    </avgInt>
    <medHueCells idx="1" type="struct" size="1 1">
      <data idx="1" type="double" size="1 9">111 112 114 30 112 111 111 112 110</data>
    </medHueCells>
    <avgSatCells idx="1" type="struct" size="1 1">
      <data idx="1" type="double" size="1 9">13.60096257841229 64.45095176292445 51.8895138279192 13.27190136275146 54.5936621241618 44.54008450395087 10.7359976027024 57.51179579383243 39.7985957540911</data>
    </avgSatCells>
    <avgIntCells idx="1" type="struct" size="1 1">
      <data idx="1" type="double" size="1 9">150.937946138871 74.28539368375517 71.59413410886744 170.2797425913909 81.78569110966909 93.09141791044779 152.3348588863463 80.9442355889724 97.70082375055286</data>
    </avgIntCells>
    <cornerRatioGrid idx="1" type="struct" size="1 1">
      <data idx="1" type="double" size="1 9">1 0 1 69 58 57 58 49 47</data>
    </cornerRatioGrid>
    <avgR idx="1" type="struct" size="1 1">
      <data idx="1" type="double" size="1 1">103.645375</data>
    </avgR>
    <avgG idx="1" type="struct" size="1 1">
      <data idx="1" type="double" size="1 1">104.1382103658537</data>
    </avgG>
    <avgB idx="1" type="struct" size="1 1">
      <data idx="1" type="double" size="1 1">107.0642957317073</data>
    </avgB>
    <avgRCells idx="1" type="struct" size="1 1">
      <data idx="1" type="double" size="1 9">147.6136707765521 67.35128704304567 68.54411764705881 166.7911799697165 74.73707549210475 89.81672519754164 148.8186498855835 73.93249427917618 95.00995134896061</data>
    </avgRCells>
    <avgGCells idx="1" type="struct" size="1 1">
      <data idx="1" type="double" size="1 9">147.768791910015 68.8439595500757 68.65542690956975 166.5569976205928 76.20462902876913 89.76437664618089 148.9765173804074 75.46276016127277 94.80014374170719</data>
    </avgGCells>
    <avgBCells idx="1" type="struct" size="1 1">
      <data idx="1" type="double" size="1 9">150.0639465714903 74.04058511788887 70.68014705882358 167.7538394981614 81.5788449059053 91.45396180860408 151.1611092949764 80.53781192110712 96.06462848297217</data>
    </avgBCells>
  </features>
</root>
