<?xml version="1.0"?>
<!-- Written on 15-Jun-2010 21:43:41 using the XML Toolbox for Matlab -->
<root xml_tb_version="3.1" idx="1" type="struct" size="1 1">
  <filename idx="1" type="char" size="1 36">03b73a8eb171764df2a76a94c9462119.jpg</filename>
  <features idx="1" type="struct" size="1 1">
    <numFaces idx="1" type="struct" size="1 1">
      <data idx="1" type="double" size="1 1">0</data>
    </numFaces>
    <cornerRatio idx="1" type="struct" size="1 1">
      <data idx="1" type="double" size="1 1">0.0007069905598958334</data>
    </cornerRatio>
    <edgeRatio idx="1" type="struct" size="1 1">
      <data idx="1" type="double" size="1 1">0.09319432576497395</data>
    </edgeRatio>
    <gridEdgeRatio idx="1" type="struct" size="1 1">
      <data idx="1" type="double" size="1 9">0.07729765399230872 0.05819509864154531 0.1429107788927575 0.08811750517668986 0.1318975129132819 0.1043302159419301 0.09996345029239766 0.05855948464912281 0.07793082967836257</data>
    </gridEdgeRatio>
    <medianHue idx="1" type="struct" size="1 1">
      <data idx="1" type="double" size="1 1">103</data>
    </medianHue>
    <avgSat idx="1" type="struct" size="1 1">
      <data idx="1" type="double" size="1 1">62.60144933064774</data>
    </avgSat>
    <avgInt idx="1" type="struct" size="1 1">
      <data idx="1" type="double" size="1 1">165.3852462768555</data>
    </avgInt>
    <medHueCells idx="1" type="struct" size="1 1">
      <data idx="1" type="double" size="1 9">99 118 90 94 120 120 99 125 72</data>
    </medHueCells>
    <avgSatCells idx="1" type="struct" size="1 1">
      <data idx="1" type="double" size="1 9">111.6284501786241 70.21021912758555 33.99754431652047 85.4630236421144 56.94479714201199 55.49307839912281 55.14944137256237 55.91928914374133 38.30923336988304</data>
    </avgSatCells>
    <avgIntCells idx="1" type="struct" size="1 1">
      <data idx="1" type="double" size="1 9">185.3856122147131 126.6284274239424 157.6752215826023 225.3074385054725 102.4945388763739 117.6140693530702 237.8459280496963 166.3585568980817 168.5937043128655</data>
    </avgIntCells>
    <cornerRatioGrid idx="1" type="struct" size="1 1">
      <data idx="1" type="double" size="1 9">52 40 217 25 88 63 27 17 27</data>
    </cornerRatioGrid>
    <avgR idx="1" type="struct" size="1 1">
      <data idx="1" type="double" size="1 1">137.41685740153</data>
    </avgR>
    <avgG idx="1" type="struct" size="1 1">
      <data idx="1" type="double" size="1 1">146.4134928385419</data>
    </avgG>
    <avgB idx="1" type="struct" size="1 1">
      <data idx="1" type="double" size="1 1">155.3323796590169</data>
    </avgB>
    <avgRCells idx="1" type="struct" size="1 1">
      <data idx="1" type="double" size="1 9">109.4751291328191 105.3405010580927 150.119323373538 151.8504562313697 87.40741119985438 104.3326023391813 230.5419710105353 142.1274034632627 155.2109032346491</data>
    </avgRCells>
    <avgGCells idx="1" type="struct" size="1 1">
      <data idx="1" type="double" size="1 9">159.0986301681571 106.422361025781 148.8365200109649 209.3595125947164 92.83994356838926 101.3993740862573 192.2968348237652 148.449564247844 158.6929824561404</data>
    </avgGCells>
    <avgBCells idx="1" type="struct" size="1 1">
      <data idx="1" type="double" size="1 9">180.4234191184838 117.4241131362778 150.6268389071637 221.6813206817301 100.5197738184631 113.1320015533626 195.9596331945298 160.1247752975175 157.7090985928363</data>
    </avgBCells>
  </features>
</root>
