<?xml version="1.0"?>
<!-- Written on 15-Jun-2010 21:43:41 using the XML Toolbox for Matlab -->
<root xml_tb_version="3.1" idx="1" type="struct" size="1 1">
  <filename idx="1" type="char" size="1 36">05a491beded972b9ee7a17f390d68f54.jpg</filename>
  <features idx="1" type="struct" size="1 1">
    <numFaces idx="1" type="struct" size="1 1">
      <data idx="1" type="double" size="1 1">0</data>
    </numFaces>
    <cornerRatio idx="1" type="struct" size="1 1">
      <data idx="1" type="double" size="1 1">0.001322222222222222</data>
    </cornerRatio>
    <edgeRatio idx="1" type="struct" size="1 1">
      <data idx="1" type="double" size="1 1">0.1739444444444445</data>
    </edgeRatio>
    <gridEdgeRatio idx="1" type="struct" size="1 1">
      <data idx="1" type="double" size="1 9">0.1688077027796341 0.1608128511670502 0.1673631840796018 0.2196975322393011 0.2340783643969209 0.2145522388059704 0.1273880597014925 0.1502985074626866 0.1246499999999999</data>
    </gridEdgeRatio>
    <medianHue idx="1" type="struct" size="1 1">
      <data idx="1" type="double" size="1 1">15</data>
    </medianHue>
    <avgSat idx="1" type="struct" size="1 1">
      <data idx="1" type="double" size="1 1">36.21077499999999</data>
    </avgSat>
    <avgInt idx="1" type="struct" size="1 1">
      <data idx="1" type="double" size="1 1">190.9372916666666</data>
    </avgInt>
    <medHueCells idx="1" type="struct" size="1 1">
      <data idx="1" type="double" size="1 9">15 13 15 17 15 16 15 13 15</data>
    </medHueCells>
    <avgSatCells idx="1" type="struct" size="1 1">
      <data idx="1" type="double" size="1 9">55.44055840201976 42.93148684438505 29.22027363184082 22.8681715799114 23.14823890497761 24.5594776119403 55.35154228855722 42.94084577114428 29.19407499999999</data>
    </avgSatCells>
    <avgIntCells idx="1" type="struct" size="1 1">
      <data idx="1" type="double" size="1 9">168.5650602707854 192.9409915596148 204.2928358208954 188.0102720229697 199.621172743249 199.4734577114428 168.5681343283582 192.9358457711442 204.2814</data>
    </avgIntCells>
    <cornerRatioGrid idx="1" type="struct" size="1 1">
      <data idx="1" type="double" size="1 9">46 39 45 69 70 69 41 56 41</data>
    </cornerRatioGrid>
    <avgR idx="1" type="struct" size="1 1">
      <data idx="1" type="double" size="1 1">190.8368277777775</data>
    </avgR>
    <avgG idx="1" type="struct" size="1 1">
      <data idx="1" type="double" size="1 1">177.9067638888887</data>
    </avgG>
    <avgB idx="1" type="struct" size="1 1">
      <data idx="1" type="double" size="1 1">165.4811916666668</data>
    </avgB>
    <avgRCells idx="1" type="struct" size="1 1">
      <data idx="1" type="double" size="1 9">168.4726368159203 192.9191851686839 204.2134577114428 187.7180515333779 199.5483280116827 199.3105970149253 168.487512437811 192.9115671641791 204.201525</data>
    </avgRCells>
    <avgGCells idx="1" type="struct" size="1 1">
      <data idx="1" type="double" size="1 9">151.5796143659811 175.8217865894408 192.4747263681591 180.5300611371006 190.7032004158313 190.5137064676617 151.5560696517413 175.8205223880597 192.4686</data>
    </avgGCells>
    <avgBCells idx="1" type="struct" size="1 1">
      <data idx="1" type="double" size="1 9">135.071904160788 161.6988440880177 181.1935074626865 171.1339818321328 181.6683002895968 180.8896019900497 135.104104477612 161.6959701492537 181.202825</data>
    </avgBCells>
  </features>
</root>
