<?xml version="1.0"?>
<!-- Written on 15-Jun-2010 21:43:41 using the XML Toolbox for Matlab -->
<root xml_tb_version="3.1" idx="1" type="struct" size="1 1">
  <filename idx="1" type="char" size="1 31">07_01_10_Desk_by_fediaFedia.jpg</filename>
  <features idx="1" type="struct" size="1 1">
    <numFaces idx="1" type="struct" size="1 1">
      <data idx="1" type="double" size="1 1">1</data>
    </numFaces>
    <cornerRatio idx="1" type="struct" size="1 1">
      <data idx="1" type="double" size="1 1">0.0003032407407407407</data>
    </cornerRatio>
    <edgeRatio idx="1" type="struct" size="1 1">
      <data idx="1" type="double" size="1 1">0.02378626543209876</data>
    </edgeRatio>
    <gridEdgeRatio idx="1" type="struct" size="1 1">
      <data idx="1" type="double" size="1 9">0.04090315718222685 0.01016017295087071 0.02066029900332225 0.003170305495886891 0.007134914111658297 0.03154069767441862 0.01291060291060291 0.03900207900207903 0.04825694444444441</data>
    </gridEdgeRatio>
    <medianHue idx="1" type="struct" size="1 1">
      <data idx="1" type="double" size="1 1">45</data>
    </medianHue>
    <avgSat idx="1" type="struct" size="1 1">
      <data idx="1" type="double" size="1 1">31.75796836419757</data>
    </avgSat>
    <avgInt idx="1" type="struct" size="1 1">
      <data idx="1" type="double" size="1 1">207.0487075617285</data>
    </avgInt>
    <medHueCells idx="1" type="struct" size="1 1">
      <data idx="1" type="double" size="1 9">58 44 35 58 44 35 68 48 38</data>
    </medHueCells>
    <avgSatCells idx="1" type="struct" size="1 1">
      <data idx="1" type="double" size="1 9">28.28407733058894 32.19485982276681 44.32301455301454 25.24577119925957 29.57852204363833 40.31079002079008 31.63248200442969 19.70595238095239 34.59204861111111</data>
    </avgSatCells>
    <avgIntCells idx="1" type="struct" size="1 1">
      <data idx="1" type="double" size="1 9">193.3469239748309 234.1984514542654 234.2714830214833 221.0970914691846 238.7125658753564 218.6060706860706 194.9401993355482 142.6207779623478 185.892888888889</data>
    </avgIntCells>
    <cornerRatioGrid idx="1" type="struct" size="1 1">
      <data idx="1" type="double" size="1 9">85 0 39 3 13 74 29 69 81</data>
    </cornerRatioGrid>
    <avgR idx="1" type="struct" size="1 1">
      <data idx="1" type="double" size="1 1">193.7814791666669</data>
    </avgR>
    <avgG idx="1" type="struct" size="1 1">
      <data idx="1" type="double" size="1 1">206.2963533950617</data>
    </avgG>
    <avgB idx="1" type="struct" size="1 1">
      <data idx="1" type="double" size="1 1">181.8699413580248</data>
    </avgB>
    <avgRCells idx="1" type="struct" size="1 1">
      <data idx="1" type="double" size="1 9">176.0559258466234 220.7128283407355 226.6461261261264 201.7088982670377 226.8353513237234 211.488905058905 171.2605135658914 131.9705011074197 177.6456527777778</data>
    </avgRCells>
    <avgGCells idx="1" type="struct" size="1 1">
      <data idx="1" type="double" size="1 9">191.968718271044 234.1877870715081 232.8420512820514 221.0579495928334 238.6643275015366 216.8061607761609 194.4666666666667 142.1940476190476 184.7310902777778</data>
    </avgGCells>
    <avgBCells idx="1" type="struct" size="1 1">
      <data idx="1" type="double" size="1 9">173.145198610315 204.2759961597171 195.6606375606376 199.9015754829706 210.7575165249585 187.5036313236314 177.5863995016611 128.7963247508305 159.350111111111</data>
    </avgBCells>
  </features>
</root>
