<?xml version="1.0"?>
<!-- Written on 15-Jun-2010 21:43:41 using the XML Toolbox for Matlab -->
<root xml_tb_version="3.1" idx="1" type="struct" size="1 1">
  <filename idx="1" type="char" size="1 36">098521b410d68ae792367da65671f175.jpg</filename>
  <features idx="1" type="struct" size="1 1">
    <numFaces idx="1" type="struct" size="1 1">
      <data idx="1" type="double" size="1 1">0</data>
    </numFaces>
    <cornerRatio idx="1" type="struct" size="1 1">
      <data idx="1" type="double" size="1 1">0.00105157131345689</data>
    </cornerRatio>
    <edgeRatio idx="1" type="struct" size="1 1">
      <data idx="1" type="double" size="1 1">0.2244500402900886</data>
    </edgeRatio>
    <gridEdgeRatio idx="1" type="struct" size="1 1">
      <data idx="1" type="double" size="1 9">0.06532049439494111 0.06891348088531188 0.1230777522276517 0.2850316182811151 0.3139910893935038 0.3007150043115835 0.2891861478147233 0.3192246261071581 0.2593110207637578</data>
    </gridEdgeRatio>
    <medianHue idx="1" type="struct" size="1 1">
      <data idx="1" type="double" size="1 1">27</data>
    </medianHue>
    <avgSat idx="1" type="struct" size="1 1">
      <data idx="1" type="double" size="1 1">153.0841156325545</data>
    </avgSat>
    <avgInt idx="1" type="struct" size="1 1">
      <data idx="1" type="double" size="1 1">146.8111603545528</data>
    </avgInt>
    <medHueCells idx="1" type="struct" size="1 1">
      <data idx="1" type="double" size="1 9">19 27 31 22 25 30 21 25 36</data>
    </medHueCells>
    <avgSatCells idx="1" type="struct" size="1 1">
      <data idx="1" type="double" size="1 9">53.94793762575451 216.1532947686117 199.1179032960649 54.79859514228228 214.2832530899682 208.9530455931464 82.39064745616558 207.1448871802241 143.3845106722811</data>
    </avgSatCells>
    <avgIntCells idx="1" type="struct" size="1 1">
      <data idx="1" type="double" size="1 9">187.6396773498132 143.9250862316757 131.5885908232903 180.1521270480024 181.4135347801092 140.6374146943517 123.5790097729232 115.166265449842 116.4606142006679</data>
    </avgIntCells>
    <cornerRatioGrid idx="1" type="struct" size="1 1">
      <data idx="1" type="double" size="1 9">29 16 45 112 82 87 69 61 21</data>
    </cornerRatioGrid>
    <avgR idx="1" type="struct" size="1 1">
      <data idx="1" type="double" size="1 1">142.1268432715551</data>
    </avgR>
    <avgG idx="1" type="struct" size="1 1">
      <data idx="1" type="double" size="1 1">133.2796655922642</data>
    </avgG>
    <avgB idx="1" type="struct" size="1 1">
      <data idx="1" type="double" size="1 1">79.4913315874295</data>
    </avgB>
    <avgRCells idx="1" type="struct" size="1 1">
      <data idx="1" type="double" size="1 9">183.2066326530612 143.0948368784134 123.1982902570059 175.7786181373958 181.2101537798217 134.3776862204152 121.4644114688128 113.4338710836447 102.5897161318426</data>
    </avgRCells>
    <avgGCells idx="1" type="struct" size="1 1">
      <data idx="1" type="double" size="1 9">168.393054757114 131.3772995113538 130.6567627413968 156.3311296349524 156.4513150330555 137.480633802817 109.3879347513653 102.5798541247486 106.3777225206912</data>
    </avgGCells>
    <avgBCells idx="1" type="struct" size="1 1">
      <data idx="1" type="double" size="1 9">166.9156187122738 34.66116340902558 53.30287135182223 157.3578614544411 33.07726717447542 39.307572237549 109.8304649324519 35.85825668295485 83.10073326557274</data>
    </avgBCells>
  </features>
</root>
