<?xml version="1.0"?>
<!-- Written on 15-Jun-2010 21:43:42 using the XML Toolbox for Matlab -->
<root xml_tb_version="3.1" idx="1" type="struct" size="1 1">
  <filename idx="1" type="char" size="1 36">0d671372fbe874159e4e22b5eaa5f668.jpg</filename>
  <features idx="1" type="struct" size="1 1">
    <numFaces idx="1" type="struct" size="1 1">
      <data idx="1" type="double" size="1 1">0</data>
    </numFaces>
    <cornerRatio idx="1" type="struct" size="1 1">
      <data idx="1" type="double" size="1 1">0.001342592811455531</data>
    </cornerRatio>
    <edgeRatio idx="1" type="struct" size="1 1">
      <data idx="1" type="double" size="1 1">0.0882423852768625</data>
    </edgeRatio>
    <gridEdgeRatio idx="1" type="struct" size="1 1">
      <data idx="1" type="double" size="1 9">0 0.03770401923158028 0.06309307916157057 0.09362743030660872 0.171186369195732 0.1085150352157227 0.1072497996710387 0.09906794314874956 0.1163173210746067</data>
    </gridEdgeRatio>
    <medianHue idx="1" type="struct" size="1 1">
      <data idx="1" type="double" size="1 1">0</data>
    </medianHue>
    <avgSat idx="1" type="struct" size="1 1">
      <data idx="1" type="double" size="1 1">0</data>
    </avgSat>
    <avgInt idx="1" type="struct" size="1 1">
      <data idx="1" type="double" size="1 1">199.3341921515049</data>
    </avgInt>
    <medHueCells idx="1" type="struct" size="1 1">
      <data idx="1" type="double" size="1 9">0 0 0 0 0 0 0 0 0</data>
    </medHueCells>
    <avgSatCells idx="1" type="struct" size="1 1">
      <data idx="1" type="double" size="1 9">0 0 0 0 0 0 0 0 0</data>
    </avgSatCells>
    <avgIntCells idx="1" type="struct" size="1 1">
      <data idx="1" type="double" size="1 9">254.9983130192738 211.5605836953314 189.7065075281515 235.2661212095653 155.8432373160136 166.758761756147 211.3132723208637 181.5254944962253 185.8703555311881</data>
    </avgIntCells>
    <cornerRatioGrid idx="1" type="struct" size="1 1">
      <data idx="1" type="double" size="1 9">0 10 25 17 65 44 34 38 51</data>
    </cornerRatioGrid>
    <avgR idx="1" type="struct" size="1 1">
      <data idx="1" type="double" size="1 1">199.3341921515049</data>
    </avgR>
    <avgG idx="1" type="struct" size="1 1">
      <data idx="1" type="double" size="1 1">199.3341921515049</data>
    </avgG>
    <avgB idx="1" type="struct" size="1 1">
      <data idx="1" type="double" size="1 1">199.3341921515049</data>
    </avgB>
    <avgRCells idx="1" type="struct" size="1 1">
      <data idx="1" type="double" size="1 9">254.9983130192738 211.5605836953314 189.7065075281515 235.2661212095653 155.8432373160136 166.758761756147 211.3132723208637 181.5254944962253 185.8703555311881</data>
    </avgRCells>
    <avgGCells idx="1" type="struct" size="1 1">
      <data idx="1" type="double" size="1 9">254.9983130192738 211.5605836953314 189.7065075281515 235.2661212095653 155.8432373160136 166.758761756147 211.3132723208637 181.5254944962253 185.8703555311881</data>
    </avgGCells>
    <avgBCells idx="1" type="struct" size="1 1">
      <data idx="1" type="double" size="1 9">254.9983130192738 211.5605836953314 189.7065075281515 235.2661212095653 155.8432373160136 166.758761756147 211.3132723208637 181.5254944962253 185.8703555311881</data>
    </avgBCells>
  </features>
</root>
