<?xml version="1.0"?>
<!-- Written on 15-Jun-2010 21:43:42 using the XML Toolbox for Matlab -->
<root xml_tb_version="3.1" idx="1" type="struct" size="1 1">
  <filename idx="1" type="char" size="1 36">0dc4f390f09da59ea19f63b16a23bf65.png</filename>
  <features idx="1" type="struct" size="1 1">
    <numFaces idx="1" type="struct" size="1 1">
      <data idx="1" type="double" size="1 1">0</data>
    </numFaces>
    <cornerRatio idx="1" type="struct" size="1 1">
      <data idx="1" type="double" size="1 1">0.000554016620498615</data>
    </cornerRatio>
    <edgeRatio idx="1" type="struct" size="1 1">
      <data idx="1" type="double" size="1 1">0.2074417128347184</data>
    </edgeRatio>
    <gridEdgeRatio idx="1" type="struct" size="1 1">
      <data idx="1" type="double" size="1 9">0.275139879882963 0.2809147374364765 0.2401084710743803 0.1944458703351984 0.2657204455623429 0.1160382231404959 0.1411749482401657 0.2137939958592132 0.1380729166666667</data>
    </gridEdgeRatio>
    <medianHue idx="1" type="struct" size="1 1">
      <data idx="1" type="double" size="1 1">110</data>
    </medianHue>
    <avgSat idx="1" type="struct" size="1 1">
      <data idx="1" type="double" size="1 1">103.071900969529</data>
    </avgSat>
    <avgInt idx="1" type="struct" size="1 1">
      <data idx="1" type="double" size="1 1">83.46546918282552</data>
    </avgInt>
    <medHueCells idx="1" type="struct" size="1 1">
      <data idx="1" type="double" size="1 9">106 26 117 105 20 21 110 128 122</data>
    </medHueCells>
    <avgSatCells idx="1" type="struct" size="1 1">
      <data idx="1" type="double" size="1 9">92.14442277090498 92.41124685591086 130.531185300207 96.00284892972643 95.5748678199271 134.4908126293996 93.58564049586775 67.03385847107435 126.1532552083333</data>
    </avgSatCells>
    <avgIntCells idx="1" type="struct" size="1 1">
      <data idx="1" type="double" size="1 9">80.54178430265384 105.8774190236641 79.08372153209113 89.21808428725421 91.03926903136394 98.65147515527954 75.63310950413226 58.39155475206612 72.13976562500001</data>
    </avgIntCells>
    <cornerRatioGrid idx="1" type="struct" size="1 1">
      <data idx="1" type="double" size="1 9">5 25 3 20 33 5 25 51 25</data>
    </cornerRatioGrid>
    <avgR idx="1" type="struct" size="1 1">
      <data idx="1" type="double" size="1 1">77.31053497229917</data>
    </avgR>
    <avgG idx="1" type="struct" size="1 1">
      <data idx="1" type="double" size="1 1">64.60494575253921</data>
    </avgG>
    <avgB idx="1" type="struct" size="1 1">
      <data idx="1" type="double" size="1 1">62.71789877654659</data>
    </avgB>
    <avgRCells idx="1" type="struct" size="1 1">
      <data idx="1" type="double" size="1 9">68.60556439607825 103.4899389148401 73.45082815734989 80.25671166777884 88.90434269288028 94.4660455486542 64.28292871900824 55.01234504132231 66.76114583333333</data>
    </avgRCells>
    <avgGCells idx="1" type="struct" size="1 1">
      <data idx="1" type="double" size="1 9">66.9949437913865 84.75719932241674 53.93328157349901 74.24837020686823 72.45539243365329 67.82564699792958 59.47066115702478 49.49690082644629 51.60445312499998</data>
    </avgGCells>
    <avgBCells idx="1" type="struct" size="1 1">
      <data idx="1" type="double" size="1 9">70.34767209075513 69.99404548021147 56.80786749482401 68.75447872285815 58.39425594168679 59.70701345755693 69.20668904958677 53.19602272727273 57.39854166666667</data>
    </avgBCells>
  </features>
</root>
