<?xml version="1.0"?>
<!-- Written on 15-Jun-2010 21:43:42 using the XML Toolbox for Matlab -->
<root xml_tb_version="3.1" idx="1" type="struct" size="1 1">
  <filename idx="1" type="char" size="1 30">10069_Screenshot_by_LALAax.jpg</filename>
  <features idx="1" type="struct" size="1 1">
    <numFaces idx="1" type="struct" size="1 1">
      <data idx="1" type="double" size="1 1">1</data>
    </numFaces>
    <cornerRatio idx="1" type="struct" size="1 1">
      <data idx="1" type="double" size="1 1">0.0005133928571428571</data>
    </cornerRatio>
    <edgeRatio idx="1" type="struct" size="1 1">
      <data idx="1" type="double" size="1 1">0.1165575396825397</data>
    </edgeRatio>
    <gridEdgeRatio idx="1" type="struct" size="1 1">
      <data idx="1" type="double" size="1 9">0.1561438561438562 0.1748695748695749 0.1955377955377956 0.08004218004218001 0.06764346764346767 0.0876234876234876 0.1044337606837608 0.1344929665242166 0.046340811965812</data>
    </gridEdgeRatio>
    <medianHue idx="1" type="struct" size="1 1">
      <data idx="1" type="double" size="1 1">90</data>
    </medianHue>
    <avgSat idx="1" type="struct" size="1 1">
      <data idx="1" type="double" size="1 1">37.48286706349205</data>
    </avgSat>
    <avgInt idx="1" type="struct" size="1 1">
      <data idx="1" type="double" size="1 1">110.8389099702383</data>
    </avgInt>
    <medHueCells idx="1" type="struct" size="1 1">
      <data idx="1" type="double" size="1 9">101 90 17 95 100 30 101 100 30</data>
    </medHueCells>
    <avgSatCells idx="1" type="struct" size="1 1">
      <data idx="1" type="double" size="1 9">28.53569763569762 15.55152625152624 65.56848735754986 29.32521922521924 29.74975024975025 88.26830706908827 26.2936174936175 33.56364746364746 20.81120904558404</data>
    </avgSatCells>
    <avgIntCells idx="1" type="struct" size="1 1">
      <data idx="1" type="double" size="1 9">75.47755577755578 221.2185370185371 57.59754496082621 81.75900765900771 171.1979464979465 87.22438123219369 91.44013764013765 181.1398379398379 28.0860487891738</data>
    </avgIntCells>
    <cornerRatioGrid idx="1" type="struct" size="1 1">
      <data idx="1" type="double" size="1 9">60 69 47 70 24 60 33 33 18</data>
    </cornerRatioGrid>
    <avgR idx="1" type="struct" size="1 1">
      <data idx="1" type="double" size="1 1">103.5227170138889</data>
    </avgR>
    <avgG idx="1" type="struct" size="1 1">
      <data idx="1" type="double" size="1 1">104.5625967261906</data>
    </avgG>
    <avgB idx="1" type="struct" size="1 1">
      <data idx="1" type="double" size="1 1">106.2080406746032</data>
    </avgB>
    <avgRCells idx="1" type="struct" size="1 1">
      <data idx="1" type="double" size="1 9">70.05601065601068 210.8424575424575 57.1464342948718 75.58489288489287 155.581696081696 82.27398281695157 85.28251748251749 164.8758463758464 27.79922320156694</data>
    </avgRCells>
    <avgGCells idx="1" type="struct" size="1 1">
      <data idx="1" type="double" size="1 9">73.05298035298034 217.4178932178934 46.66964921652423 79.68101898101897 163.5235431235429 68.80843794515665 87.90512820512821 173.8168165168165 27.72674056267807</data>
    </avgGCells>
    <avgBCells idx="1" type="struct" size="1 1">
      <data idx="1" type="double" size="1 9">74.04595404595408 221.0616272616271 42.37100471866098 80.47433677433679 169.6456876456879 68.85975338319088 89.54757464757465 180.8963480963481 26.44190705128207</data>
    </avgBCells>
  </features>
</root>
