<?xml version="1.0"?>
<!-- Written on 15-Jun-2010 21:43:43 using the XML Toolbox for Matlab -->
<root xml_tb_version="3.1" idx="1" type="struct" size="1 1">
  <filename idx="1" type="char" size="1 24">10_Vongola_by_LALAax.jpg</filename>
  <features idx="1" type="struct" size="1 1">
    <numFaces idx="1" type="struct" size="1 1">
      <data idx="1" type="double" size="1 1">1</data>
    </numFaces>
    <cornerRatio idx="1" type="struct" size="1 1">
      <data idx="1" type="double" size="1 1">0.001297737223113269</data>
    </cornerRatio>
    <edgeRatio idx="1" type="struct" size="1 1">
      <data idx="1" type="double" size="1 1">0.1617565780918115</data>
    </edgeRatio>
    <gridEdgeRatio idx="1" type="struct" size="1 1">
      <data idx="1" type="double" size="1 9">0.1728669436660549 0.16127162044642 0.1746835443037974 0.1658614358875254 0.1511015557058653 0.1591041869522882 0.1103971398202725 0.1472606048893612 0.2144352482960079</data>
    </gridEdgeRatio>
    <medianHue idx="1" type="struct" size="1 1">
      <data idx="1" type="double" size="1 1">19</data>
    </medianHue>
    <avgSat idx="1" type="struct" size="1 1">
      <data idx="1" type="double" size="1 1">87.10352637738954</data>
    </avgSat>
    <avgInt idx="1" type="struct" size="1 1">
      <data idx="1" type="double" size="1 1">108.8169025532099</data>
    </avgInt>
    <medHueCells idx="1" type="struct" size="1 1">
      <data idx="1" type="double" size="1 9">19 20 16 30 16 16 22 19 17</data>
    </medHueCells>
    <avgSatCells idx="1" type="struct" size="1 1">
      <data idx="1" type="double" size="1 9">79.5325876896318 118.9505990916996 69.1003237027732 58.4485940670596 134.9881147936999 55.85776403517247 104.150170399221 104.7065481986368 59.08527263875365</data>
    </avgSatCells>
    <avgIntCells idx="1" type="struct" size="1 1">
      <data idx="1" type="double" size="1 9">129.3494057396851 76.34276258575704 101.1367765001449 167.2261812735529 80.12682384771476 110.2073871871679 102.4128773125609 100.2550876338852 112.3332765335931</data>
    </avgIntCells>
    <cornerRatioGrid idx="1" type="struct" size="1 1">
      <data idx="1" type="double" size="1 9">92 71 97 93 40 57 10 9 10</data>
    </cornerRatioGrid>
    <avgR idx="1" type="struct" size="1 1">
      <data idx="1" type="double" size="1 1">107.274640751658</data>
    </avgR>
    <avgG idx="1" type="struct" size="1 1">
      <data idx="1" type="double" size="1 1">100.0481490311673</data>
    </avgG>
    <avgB idx="1" type="struct" size="1 1">
      <data idx="1" type="double" size="1 1">90.71908730330756</data>
    </avgB>
    <avgRCells idx="1" type="struct" size="1 1">
      <data idx="1" type="double" size="1 9">127.5207266402551 75.4832834090251 101.1229828968983 158.5714803362645 80.03548652043683 110.1917818146681 100.8281888997079 99.50477117818886 112.3159688412853</data>
    </avgRCells>
    <avgGCells idx="1" type="struct" size="1 1">
      <data idx="1" type="double" size="1 9">118.9963523045705 68.7165909749735 94.89578703256366 153.0349550681226 67.96250845492322 105.9224562759687 95.75771665043818 87.73354430379754 107.2851022395326</data>
    </avgGCells>
    <avgBCells idx="1" type="struct" size="1 1">
      <data idx="1" type="double" size="1 9">106.4379408638516 56.07082809933327 86.70195187940865 145.0405836312688 56.9195816020872 100.8734660353658 88.67035053554034 75.12541382667962 100.2964216163582</data>
    </avgBCells>
  </features>
</root>
