<?xml version="1.0"?>
<!-- Written on 15-Jun-2010 21:43:43 using the XML Toolbox for Matlab -->
<root xml_tb_version="3.1" idx="1" type="struct" size="1 1">
  <filename idx="1" type="char" size="1 32">10_Xanxus_x_Squalo_by_LALAax.jpg</filename>
  <features idx="1" type="struct" size="1 1">
    <numFaces idx="1" type="struct" size="1 1">
      <data idx="1" type="double" size="1 1">1</data>
    </numFaces>
    <cornerRatio idx="1" type="struct" size="1 1">
      <data idx="1" type="double" size="1 1">0.0002986857825567503</data>
    </cornerRatio>
    <edgeRatio idx="1" type="struct" size="1 1">
      <data idx="1" type="double" size="1 1">0.103305455993628</data>
    </edgeRatio>
    <gridEdgeRatio idx="1" type="struct" size="1 1">
      <data idx="1" type="double" size="1 9">0.0909623891840034 0.1078224101479915 0.08237076648841353 0.09376943166272848 0.120507399577167 0.07837789661319071 0.09429143000035735 0.1354624370378309 0.126594982078853</data>
    </gridEdgeRatio>
    <medianHue idx="1" type="struct" size="1 1">
      <data idx="1" type="double" size="1 1">18</data>
    </medianHue>
    <avgSat idx="1" type="struct" size="1 1">
      <data idx="1" type="double" size="1 1">86.59523496614904</data>
    </avgSat>
    <avgInt idx="1" type="struct" size="1 1">
      <data idx="1" type="double" size="1 1">117.2856491437675</data>
    </avgInt>
    <medHueCells idx="1" type="struct" size="1 1">
      <data idx="1" type="double" size="1 9">18 18 18 18 17 18 17 18 18</data>
    </medHueCells>
    <avgSatCells idx="1" type="struct" size="1 1">
      <data idx="1" type="double" size="1 9">111.2434132215253 105.5575532538597 84.95997213589115 95.18149839216875 81.16685913265945 55.69083342264134 115.3955436720142 78.53121212121215 50.77491039426525</data>
    </avgSatCells>
    <avgIntCells idx="1" type="struct" size="1 1">
      <data idx="1" type="double" size="1 9">83.92703466164483 79.17050118144518 102.5070017504376 146.8912182209036 144.4028105956971 141.3887936269781 85.07971479500893 105.9580392156863 167.4655376344086</data>
    </avgIntCells>
    <cornerRatioGrid idx="1" type="struct" size="1 1">
      <data idx="1" type="double" size="1 9">5 19 15 4 24 9 21 32 21</data>
    </cornerRatioGrid>
    <avgR idx="1" type="struct" size="1 1">
      <data idx="1" type="double" size="1 1">117.2782536837914</data>
    </avgR>
    <avgG idx="1" type="struct" size="1 1">
      <data idx="1" type="double" size="1 1">104.0008442851454</data>
    </avgG>
    <avgB idx="1" type="struct" size="1 1">
      <data idx="1" type="double" size="1 1">85.130455993628</data>
    </avgB>
    <avgRCells idx="1" type="struct" size="1 1">
      <data idx="1" type="double" size="1 9">83.92628848579604 79.16504699131241 102.4980173614833 146.8894593778315 144.3909961447582 141.3535705354911 85.07942959001784 105.9567736185384 167.4647849462366</data>
    </avgRCells>
    <avgGCells idx="1" type="struct" size="1 1">
      <data idx="1" type="double" size="1 9">71.51136141560214 67.52308703608293 90.97283249383771 127.2423117238438 125.4002700445928 132.0736255492446 72.68137254901956 93.90884135472373 155.8867921146953</data>
    </avgGCells>
    <avgBCells idx="1" type="struct" size="1 1">
      <data idx="1" type="double" size="1 9">53.29960736937481 49.67662160001426 74.48849712428107 97.66830706912788 101.6104606747561 117.9617940199336 56.52814616755796 77.66196078431375 138.4544982078853</data>
    </avgBCells>
  </features>
</root>
