<?xml version="1.0"?>
<!-- Written on 15-Jun-2010 21:43:43 using the XML Toolbox for Matlab -->
<root xml_tb_version="3.1" idx="1" type="struct" size="1 1">
  <filename idx="1" type="char" size="1 19">10_XS_by_LALAax.jpg</filename>
  <features idx="1" type="struct" size="1 1">
    <numFaces idx="1" type="struct" size="1 1">
      <data idx="1" type="double" size="1 1">0</data>
    </numFaces>
    <cornerRatio idx="1" type="struct" size="1 1">
      <data idx="1" type="double" size="1 1">0.0001844863731656185</data>
    </cornerRatio>
    <edgeRatio idx="1" type="struct" size="1 1">
      <data idx="1" type="double" size="1 1">0.03113417190775681</data>
    </edgeRatio>
    <gridEdgeRatio idx="1" type="struct" size="1 1">
      <data idx="1" type="double" size="1 9">0.01681660382993019 0.0348090634215536 0.03573033707865144 0.03999776027473965 0.05074844152450635 0.01696629213483147 0.04224554515252189 0.03611069163394749 0.006571969696969699</data>
    </gridEdgeRatio>
    <medianHue idx="1" type="struct" size="1 1">
      <data idx="1" type="double" size="1 1">19</data>
    </medianHue>
    <avgSat idx="1" type="struct" size="1 1">
      <data idx="1" type="double" size="1 1">58.74441509433963</data>
    </avgSat>
    <avgInt idx="1" type="struct" size="1 1">
      <data idx="1" type="double" size="1 1">97.2414046121592</data>
    </avgInt>
    <medHueCells idx="1" type="struct" size="1 1">
      <data idx="1" type="double" size="1 9">21 21 20 18 19 17 19 19 20</data>
    </medHueCells>
    <avgSatCells idx="1" type="struct" size="1 1">
      <data idx="1" type="double" size="1 9">60.27453432378956 60.40988838702452 55.49788583509515 63.64877375041995 56.42866475045728 61.94369148293568 55.14818352059923 55.59971910112362 59.60878787878787</data>
    </avgSatCells>
    <avgIntCells idx="1" type="struct" size="1 1">
      <data idx="1" type="double" size="1 9">98.16521706670649 91.38299301952289 94.43489504681372 86.3683601478218 98.30962335286866 95.51113711869526 115.2737265917602 119.3059737827715 76.53448863636369</data>
    </avgIntCells>
    <cornerRatioGrid idx="1" type="struct" size="1 1">
      <data idx="1" type="double" size="1 9">3 14 12 7 23 0 11 17 1</data>
    </cornerRatioGrid>
    <avgR idx="1" type="struct" size="1 1">
      <data idx="1" type="double" size="1 1">96.8339769392033</data>
    </avgR>
    <avgG idx="1" type="struct" size="1 1">
      <data idx="1" type="double" size="1 1">88.59549895178195</data>
    </avgG>
    <avgB idx="1" type="struct" size="1 1">
      <data idx="1" type="double" size="1 1">75.43617819706492</data>
    </avgB>
    <avgRCells idx="1" type="struct" size="1 1">
      <data idx="1" type="double" size="1 9">98.15648213819104 91.30521855985661 94.25804137722741 85.44518272425246 97.28304527977895 95.34817653276959 115.214213483146 118.7145131086142 75.9006818181819</data>
    </avgRCells>
    <avgGCells idx="1" type="struct" size="1 1">
      <data idx="1" type="double" size="1 9">90.72223673896004 84.3212139310911 87.2000717305949 76.38041733547355 89.3234163275972 84.85444352159465 105.8911610486891 109.5658052434457 69.22660984848484</data>
    </avgGCells>
    <avgBCells idx="1" type="struct" size="1 1">
      <data idx="1" type="double" size="1 9">75.1233528687148 69.05571316585169 73.08301872546059 65.4953152413304 79.04305871813061 72.33843627302926 90.8787640449438 95.2539700374532 58.79960227272728</data>
    </avgBCells>
  </features>
</root>
