<?xml version="1.0"?>
<!-- Written on 15-Jun-2010 21:43:43 using the XML Toolbox for Matlab -->
<root xml_tb_version="3.1" idx="1" type="struct" size="1 1">
  <filename idx="1" type="char" size="1 21">11254_by_Udodelig.jpg</filename>
  <features idx="1" type="struct" size="1 1">
    <numFaces idx="1" type="struct" size="1 1">
      <data idx="1" type="double" size="1 1">0</data>
    </numFaces>
    <cornerRatio idx="1" type="struct" size="1 1">
      <data idx="1" type="double" size="1 1">9.009009009009009e-05</data>
    </cornerRatio>
    <edgeRatio idx="1" type="struct" size="1 1">
      <data idx="1" type="double" size="1 1">0.01058258258258258</data>
    </edgeRatio>
    <gridEdgeRatio idx="1" type="struct" size="1 1">
      <data idx="1" type="double" size="1 9">0.008450255102040812 0.07142857142857142 0.003163878163878164 0.007068452380952372 0 0.004558129558129558 0 0 0</data>
    </gridEdgeRatio>
    <medianHue idx="1" type="struct" size="1 1">
      <data idx="1" type="double" size="1 1">17</data>
    </medianHue>
    <avgSat idx="1" type="struct" size="1 1">
      <data idx="1" type="double" size="1 1">54.28465465465464</data>
    </avgSat>
    <avgInt idx="1" type="struct" size="1 1">
      <data idx="1" type="double" size="1 1">187.2721861861861</data>
    </avgInt>
    <medHueCells idx="1" type="struct" size="1 1">
      <data idx="1" type="double" size="1 9">14 19 17 11 16 16 17 19 18</data>
    </medHueCells>
    <avgSatCells idx="1" type="struct" size="1 1">
      <data idx="1" type="double" size="1 9">18.56499787414966 60.24633290816328 51.85214070567985 82.63052721088434 41.16868622448978 32.64296471600691 65.73900686400687 78.56241956241962 57.12075328340388</data>
    </avgSatCells>
    <avgIntCells idx="1" type="struct" size="1 1">
      <data idx="1" type="double" size="1 9">211.3521471088436 146.1910076530613 190.069599827883 187.3152104591838 203.2689732142856 203.5176419965576 194.3472758472759 163.4700772200772 186.5229024204928</data>
    </avgIntCells>
    <cornerRatioGrid idx="1" type="struct" size="1 1">
      <data idx="1" type="double" size="1 9">1 14 0 0 0 0 0 0 0</data>
    </cornerRatioGrid>
    <avgR idx="1" type="struct" size="1 1">
      <data idx="1" type="double" size="1 1">187.2579219219218</data>
    </avgR>
    <avgG idx="1" type="struct" size="1 1">
      <data idx="1" type="double" size="1 1">170.0170810810809</data>
    </avgG>
    <avgB idx="1" type="struct" size="1 1">
      <data idx="1" type="double" size="1 1">150.1850330330331</data>
    </avgB>
    <avgRCells idx="1" type="struct" size="1 1">
      <data idx="1" type="double" size="1 9">211.3069196428571 146.1344068877551 190.069599827883 187.3050063775511 203.2688137755101 203.5176419965576 194.3396074646075 163.4609609609609 186.5229024204928</data>
    </avgRCells>
    <avgGCells idx="1" type="struct" size="1 1">
      <data idx="1" type="double" size="1 9">202.8064413265306 136.1579506802721 174.9837564543889 148.3055909863945 188.7261373299319 191.3793567125646 172.9183826683826 145.7919347919348 169.6567893194399</data>
    </avgGCells>
    <avgBCells idx="1" type="struct" size="1 1">
      <data idx="1" type="double" size="1 9">196.4689625850339 119.1799532312925 153.7211166092943 130.9471726190476 170.6124574829932 177.1023558519793 144.0071857571857 114.9100707850708 145.0549766634104</data>
    </avgBCells>
  </features>
</root>
