<?xml version="1.0"?>
<!-- Written on 15-Jun-2010 21:43:43 using the XML Toolbox for Matlab -->
<root xml_tb_version="3.1" idx="1" type="struct" size="1 1">
  <filename idx="1" type="char" size="1 36">11c48c922c36c4ad1a0cb5145ba4682b.jpg</filename>
  <features idx="1" type="struct" size="1 1">
    <numFaces idx="1" type="struct" size="1 1">
      <data idx="1" type="double" size="1 1">1</data>
    </numFaces>
    <cornerRatio idx="1" type="struct" size="1 1">
      <data idx="1" type="double" size="1 1">0.00018</data>
    </cornerRatio>
    <edgeRatio idx="1" type="struct" size="1 1">
      <data idx="1" type="double" size="1 1">0.033885</data>
    </edgeRatio>
    <gridEdgeRatio idx="1" type="struct" size="1 1">
      <data idx="1" type="double" size="1 9">0.006152274342572849 0.02949538024164887 0.008339327459090093 0.0589907604832978 0.1052327647476901 0.04751843193670205 0.00405030433225922 0.02862065878983175 0.01626053084518527</data>
    </gridEdgeRatio>
    <medianHue idx="1" type="struct" size="1 1">
      <data idx="1" type="double" size="1 1">0</data>
    </medianHue>
    <avgSat idx="1" type="struct" size="1 1">
      <data idx="1" type="double" size="1 1">15.51126749999999</data>
    </avgSat>
    <avgInt idx="1" type="struct" size="1 1">
      <data idx="1" type="double" size="1 1">236.9049975000001</data>
    </avgInt>
    <medHueCells idx="1" type="struct" size="1 1">
      <data idx="1" type="double" size="1 9">0 0 0 0 17 0 0 0 0</data>
    </medHueCells>
    <avgSatCells idx="1" type="struct" size="1 1">
      <data idx="1" type="double" size="1 9">2.111718194740583 19.14290156361051 1.820175438596491 23.02418710021322 50.4393656716418 20.65614930182598 2.500989030749865 16.62500000000001 3.188830510009966</data>
    </avgSatCells>
    <avgIntCells idx="1" type="struct" size="1 1">
      <data idx="1" type="double" size="1 9">252.1052771855009 228.5569029850745 253.2924274973147 226.2797396943853 195.2585954157783 233.641939670605 253.2351195828088 237.7696907031109 252.2055439804333</data>
    </avgIntCells>
    <cornerRatioGrid idx="1" type="struct" size="1 1">
      <data idx="1" type="double" size="1 9">3 6 1 11 24 13 1 8 5</data>
    </cornerRatioGrid>
    <avgR idx="1" type="struct" size="1 1">
      <data idx="1" type="double" size="1 1">233.24212</data>
    </avgR>
    <avgG idx="1" type="struct" size="1 1">
      <data idx="1" type="double" size="1 1">233.8258474999999</data>
    </avgG>
    <avgB idx="1" type="struct" size="1 1">
      <data idx="1" type="double" size="1 1">228.6874575</data>
    </avgB>
    <avgRCells idx="1" type="struct" size="1 1">
      <data idx="1" type="double" size="1 9">251.9006307746979 225.1036336176261 252.1237244897958 224.8714463397299 185.7826270433547 225.3350787683493 253.2199019960439 231.2930677935624 249.596521424042</data>
    </avgRCells>
    <avgGCells idx="1" type="struct" size="1 1">
      <data idx="1" type="double" size="1 9">251.5721393034825 224.2591950959487 253.2917337987826 219.6941409026298 184.4912713219617 231.7772332617259 252.3311229994605 235.1201897140802 252.2033472234807</data>
    </avgGCells>
    <avgBCells idx="1" type="struct" size="1 1">
      <data idx="1" type="double" size="1 9">250.7031583155649 217.4582889125799 253.0865780522735 209.7295442430704 167.1464552238806 227.5648943788039 250.9726443085776 230.1407570580832 251.8148609475494</data>
    </avgBCells>
  </features>
</root>
