<?xml version="1.0"?>
<!-- Written on 15-Jun-2010 21:43:44 using the XML Toolbox for Matlab -->
<root xml_tb_version="3.1" idx="1" type="struct" size="1 1">
  <filename idx="1" type="char" size="1 36">1346e8259dd545430094e82fb623bbab.png</filename>
  <features idx="1" type="struct" size="1 1">
    <numFaces idx="1" type="struct" size="1 1">
      <data idx="1" type="double" size="1 1">0</data>
    </numFaces>
    <cornerRatio idx="1" type="struct" size="1 1">
      <data idx="1" type="double" size="1 1">0.0003703256671348314</data>
    </cornerRatio>
    <edgeRatio idx="1" type="struct" size="1 1">
      <data idx="1" type="double" size="1 1">0.08800172270014045</data>
    </edgeRatio>
    <gridEdgeRatio idx="1" type="struct" size="1 1">
      <data idx="1" type="double" size="1 9">0.05580126787557132 0.06457319770013284 0.1351294903926484 0.06719003390830035 0.125841564696054 0.1003366258784217 0.1129662391272301 0.06786574278834365 0.06153865054793855</data>
    </gridEdgeRatio>
    <medianHue idx="1" type="struct" size="1 1">
      <data idx="1" type="double" size="1 1">37</data>
    </medianHue>
    <avgSat idx="1" type="struct" size="1 1">
      <data idx="1" type="double" size="1 1">73.43679638123231</data>
    </avgSat>
    <avgInt idx="1" type="struct" size="1 1">
      <data idx="1" type="double" size="1 1">117.3777157215589</data>
    </avgInt>
    <medHueCells idx="1" type="struct" size="1 1">
      <data idx="1" type="double" size="1 9">43 33 42 28 126 38 35 31 37</data>
    </medHueCells>
    <avgSatCells idx="1" type="struct" size="1 1">
      <data idx="1" type="double" size="1 9">31.3859771978967 94.22690304191855 99.26497616590497 41.93579537077991 78.77557865251366 104.2838714433142 65.18468966533986 63.37242616344788 82.80975723622784</data>
    </avgSatCells>
    <avgIntCells idx="1" type="struct" size="1 1">
      <data idx="1" type="double" size="1 9">182.5511204481794 94.26595901518499 51.54410536144282 163.9044179075138 122.2789817681458 66.03669713499438 148.0501990269793 135.9954420364637 91.14994594328965</data>
    </avgIntCells>
    <cornerRatioGrid idx="1" type="struct" size="1 1">
      <data idx="1" type="double" size="1 9">1 11 27 29 62 53 39 45 3</data>
    </cornerRatioGrid>
    <avgR idx="1" type="struct" size="1 1">
      <data idx="1" type="double" size="1 1">111.568630947156</data>
    </avgR>
    <avgG idx="1" type="struct" size="1 1">
      <data idx="1" type="double" size="1 1">111.1849872717697</data>
    </avgG>
    <avgB idx="1" type="struct" size="1 1">
      <data idx="1" type="double" size="1 1">97.14093771945225</data>
    </avgB>
    <avgRCells idx="1" type="struct" size="1 1">
      <data idx="1" type="double" size="1 9">170.2871025603224 90.00089684996799 45.20702491522925 162.626099562632 120.0020762691041 60.62791783380021 137.5125436139368 134.1795419922356 83.18570937146788</data>
    </avgRCells>
    <avgGCells idx="1" type="struct" size="1 1">
      <data idx="1" type="double" size="1 9">181.18745392894 87.31246007174798 47.93596736940388 159.5950660966139 110.8643913705834 60.93656936458794 137.7426040591677 125.6355103444886 88.78971939653057</data>
    </avgGCells>
    <avgBCells idx="1" type="struct" size="1 1">
      <data idx="1" type="double" size="1 9">165.6176593444394 65.73353727455896 33.2872868445624 146.1904270480123 110.4234974691632 46.64030173472899 121.6138508034793 118.1983144134846 65.98716153127918</data>
    </avgBCells>
  </features>
</root>
