<?xml version="1.0"?>
<!-- Written on 15-Jun-2010 21:43:44 using the XML Toolbox for Matlab -->
<root xml_tb_version="3.1" idx="1" type="struct" size="1 1">
  <filename idx="1" type="char" size="1 36">13a585028df38cde9f0e1203680f1d54.jpg</filename>
  <features idx="1" type="struct" size="1 1">
    <numFaces idx="1" type="struct" size="1 1">
      <data idx="1" type="double" size="1 1">0</data>
    </numFaces>
    <cornerRatio idx="1" type="struct" size="1 1">
      <data idx="1" type="double" size="1 1">0.0006998697916666667</data>
    </cornerRatio>
    <edgeRatio idx="1" type="struct" size="1 1">
      <data idx="1" type="double" size="1 1">0.08943359375</data>
    </edgeRatio>
    <gridEdgeRatio idx="1" type="struct" size="1 1">
      <data idx="1" type="double" size="1 9">0.01416381261972483 0.06753932779938468 0.03434579439252332 0.07534683926394613 0.1332501306089278 0.05332943925233637 0.1694723399315028 0.2293492772972658 0.02815420560747657</data>
    </gridEdgeRatio>
    <medianHue idx="1" type="struct" size="1 1">
      <data idx="1" type="double" size="1 1">13</data>
    </medianHue>
    <avgSat idx="1" type="struct" size="1 1">
      <data idx="1" type="double" size="1 1">108.5833854166667</data>
    </avgSat>
    <avgInt idx="1" type="struct" size="1 1">
      <data idx="1" type="double" size="1 1">122.0957975260416</data>
    </avgInt>
    <medHueCells idx="1" type="struct" size="1 1">
      <data idx="1" type="double" size="1 9">13 13 15 13 14 13 12 12 11</data>
    </medHueCells>
    <avgSatCells idx="1" type="struct" size="1 1">
      <data idx="1" type="double" size="1 9">133.1278226040518 120.9583792883264 79.20534625877983 79.18302664422126 44.94206768444885 88.49294711789635 146.6675525700934 125.3625876168225 159.4191588785046</data>
    </avgSatCells>
    <avgIntCells idx="1" type="struct" size="1 1">
      <data idx="1" type="double" size="1 9">121.492598827422 121.7177105706159 140.2180878852964 158.8943809136819 187.4140012770651 112.0936611133686 91.58014018691593 104.5073014018692 60.6659170560748</data>
    </avgIntCells>
    <cornerRatioGrid idx="1" type="struct" size="1 1">
      <data idx="1" type="double" size="1 9">3 13 9 32 58 13 42 42 3</data>
    </cornerRatioGrid>
    <avgR idx="1" type="struct" size="1 1">
      <data idx="1" type="double" size="1 1">121.9691796875</data>
    </avgR>
    <avgG idx="1" type="struct" size="1 1">
      <data idx="1" type="double" size="1 1">99.27821614583331</data>
    </avgG>
    <avgB idx="1" type="struct" size="1 1">
      <data idx="1" type="double" size="1 1">82.32105143229167</data>
    </avgB>
    <avgRCells idx="1" type="struct" size="1 1">
      <data idx="1" type="double" size="1 9">121.4752423521216 121.6895570906136 139.98363034771 158.8202530910781 186.7550937481859 112.077842920996 91.55876168224302 104.4742698598131 60.61585864485981</data>
    </avgRCells>
    <avgGCells idx="1" type="struct" size="1 1">
      <data idx="1" type="double" size="1 9">91.34820340163692 94.17132988912752 123.2950600801068 139.8806524641552 174.0220583967028 93.93515992337609 62.5240362149533 77.55099299065417 36.40207359813085</data>
    </avgGCells>
    <avgBCells idx="1" type="struct" size="1 1">
      <data idx="1" type="double" size="1 9">66.60489348116332 76.1427990944448 105.3958611481976 124.7984268880246 163.7453416149068 78.61046612875133 43.42675233644861 59.35198598130844 22.38802570093458</data>
    </avgBCells>
  </features>
</root>
