<?xml version="1.0"?>
<!-- Written on 15-Jun-2010 21:43:44 using the XML Toolbox for Matlab -->
<root xml_tb_version="3.1" idx="1" type="struct" size="1 1">
  <filename idx="1" type="char" size="1 36">15fa986c70804e85dcdc642ef5759ba1.jpg</filename>
  <features idx="1" type="struct" size="1 1">
    <numFaces idx="1" type="struct" size="1 1">
      <data idx="1" type="double" size="1 1">0</data>
    </numFaces>
    <cornerRatio idx="1" type="struct" size="1 1">
      <data idx="1" type="double" size="1 1">0.0002547065337763012</data>
    </cornerRatio>
    <edgeRatio idx="1" type="struct" size="1 1">
      <data idx="1" type="double" size="1 1">0.0948920265780731</data>
    </edgeRatio>
    <gridEdgeRatio idx="1" type="struct" size="1 1">
      <data idx="1" type="double" size="1 9">0.03502290527560212 0.09300034481060036 0.04163366336633656 0.202921038372494 0.1317176493768779 0.02621287128712868 0.1384577114427861 0.1558457711442787 0.02892500000000001</data>
    </gridEdgeRatio>
    <medianHue idx="1" type="struct" size="1 1">
      <data idx="1" type="double" size="1 1">66</data>
    </medianHue>
    <avgSat idx="1" type="struct" size="1 1">
      <data idx="1" type="double" size="1 1">52.75563399778515</data>
    </avgSat>
    <avgInt idx="1" type="struct" size="1 1">
      <data idx="1" type="double" size="1 1">139.6306284606866</data>
    </avgInt>
    <medHueCells idx="1" type="struct" size="1 1">
      <data idx="1" type="double" size="1 9">96 101 103 60 37 82 32 32 33</data>
    </medHueCells>
    <avgSatCells idx="1" type="struct" size="1 1">
      <data idx="1" type="double" size="1 9">67.52822521058076 75.82252105807596 88.55733830845766 55.2311708782819 38.87249396581453 53.92410447761192 42.68997524752474 26.87930693069306 24.88927499999998</data>
    </avgSatCells>
    <avgIntCells idx="1" type="struct" size="1 1">
      <data idx="1" type="double" size="1 9">34.47571548199596 62.71937342988032 63.06402985074624 117.3422737796168 171.761243288508 164.8122139303483 201.3841089108911 221.8654702970296 221.1052750000001</data>
    </avgIntCells>
    <cornerRatioGrid idx="1" type="struct" size="1 1">
      <data idx="1" type="double" size="1 9">0 18 5 6 22 7 17 17 0</data>
    </cornerRatioGrid>
    <avgR idx="1" type="struct" size="1 1">
      <data idx="1" type="double" size="1 1">129.1632834994464</data>
    </avgR>
    <avgG idx="1" type="struct" size="1 1">
      <data idx="1" type="double" size="1 1">135.1599916943521</data>
    </avgG>
    <avgB idx="1" type="struct" size="1 1">
      <data idx="1" type="double" size="1 1">126.8178322259136</data>
    </avgB>
    <avgRCells idx="1" type="struct" size="1 1">
      <data idx="1" type="double" size="1 9">25.90990591596473 44.27988769026156 41.79199004975123 109.2573272252598 161.5470666469632 147.037935323383 197.1027722772277 219.0441089108911 218.3362999999999</data>
    </avgRCells>
    <avgGCells idx="1" type="struct" size="1 1">
      <data idx="1" type="double" size="1 9">31.76454361854097 55.32663415595293 53.45310945273631 114.8075217969558 166.2837791241812 155.7994527363184 199.9032673267328 220.7656188118811 220.1755249999999</data>
    </avgGCells>
    <avgBCells idx="1" type="struct" size="1 1">
      <data idx="1" type="double" size="1 9">33.0787645928772 62.22117137086846 62.47472636815917 100.9844588936506 158.70966947441 155.2391293532338 170.1862376237623 199.6667821782178 200.562</data>
    </avgBCells>
  </features>
</root>
