<?xml version="1.0"?>
<!-- Written on 15-Jun-2010 21:43:44 using the XML Toolbox for Matlab -->
<root xml_tb_version="3.1" idx="1" type="struct" size="1 1">
  <filename idx="1" type="char" size="1 36">170ab64d6e026bd7cf4a3ac0cab85c2a.jpg</filename>
  <features idx="1" type="struct" size="1 1">
    <numFaces idx="1" type="struct" size="1 1">
      <data idx="1" type="double" size="1 1">0</data>
    </numFaces>
    <cornerRatio idx="1" type="struct" size="1 1">
      <data idx="1" type="double" size="1 1">0.002429159049360146</data>
    </cornerRatio>
    <edgeRatio idx="1" type="struct" size="1 1">
      <data idx="1" type="double" size="1 1">0.1945132541133455</data>
    </edgeRatio>
    <gridEdgeRatio idx="1" type="struct" size="1 1">
      <data idx="1" type="double" size="1 9">0.03060517086697657 0.01435445722208621 0.01320925263979621 0.2519778158388383 0.2547304461300056 0.2571592916718022 0.3012193132697172 0.331987602968763 0.2950614240519331</data>
    </gridEdgeRatio>
    <medianHue idx="1" type="struct" size="1 1">
      <data idx="1" type="double" size="1 1">18</data>
    </medianHue>
    <avgSat idx="1" type="struct" size="1 1">
      <data idx="1" type="double" size="1 1">37.69756398537475</data>
    </avgSat>
    <avgInt idx="1" type="struct" size="1 1">
      <data idx="1" type="double" size="1 1">119.3441384826326</data>
    </avgInt>
    <medHueCells idx="1" type="struct" size="1 1">
      <data idx="1" type="double" size="1 9">18 18 19 18 19 19 16 19 18</data>
    </medHueCells>
    <avgSatCells idx="1" type="struct" size="1 1">
      <data idx="1" type="double" size="1 9">31.45273631840795 40.79569366283336 52.92531196476632 25.72742843161243 30.85076665851074 49.75152923905065 24.01951600312258 29.88997082871112 53.36507251735895</data>
    </avgSatCells>
    <avgIntCells idx="1" type="struct" size="1 1">
      <data idx="1" type="double" size="1 9">114.983586167523 101.3699535111329 95.49851154065746 150.3307030421662 125.7736114509421 97.94502895359268 156.9602078967911 131.9340769957682 100.9334607009327</data>
    </avgIntCells>
    <cornerRatioGrid idx="1" type="struct" size="1 1">
      <data idx="1" type="double" size="1 9">1 0 3 148 139 170 184 221 197</data>
    </cornerRatioGrid>
    <avgR idx="1" type="struct" size="1 1">
      <data idx="1" type="double" size="1 1">119.2703473491772</data>
    </avgR>
    <avgG idx="1" type="struct" size="1 1">
      <data idx="1" type="double" size="1 1">115.6718350091407</data>
    </avgG>
    <avgB idx="1" type="struct" size="1 1">
      <data idx="1" type="double" size="1 1">109.8473903107861</data>
    </avgB>
    <avgRCells idx="1" type="struct" size="1 1">
      <data idx="1" type="double" size="1 9">114.9605456324933 101.292451676046 95.34479243128615 150.3275630046489 125.7345037109534 97.80262621319633 156.9480668885327 131.877275155101 100.7788117835573</data>
    </avgRCells>
    <avgGCells idx="1" type="struct" size="1 1">
      <data idx="1" type="double" size="1 9">111.4235380474676 97.48650191664633 92.79728407144604 145.3344139955959 121.735931000734 94.77887203327627 152.6317432926577 128.4964049467933 97.95116890587126</data>
    </avgGCells>
    <avgBCells idx="1" type="struct" size="1 1">
      <data idx="1" type="double" size="1 9">105.6929287986299 91.34807519778155 88.54948617567895 137.5842100970557 115.143748470761 89.6635470190033 146.3128928879576 122.6151238752619 93.23546571346401</data>
    </avgBCells>
  </features>
</root>
