<?xml version="1.0"?>
<!-- Written on 15-Jun-2010 21:43:45 using the XML Toolbox for Matlab -->
<root xml_tb_version="3.1" idx="1" type="struct" size="1 1">
  <filename idx="1" type="char" size="1 36">2009_06_17_Desktop_by_fediaFedia.png</filename>
  <features idx="1" type="struct" size="1 1">
    <numFaces idx="1" type="struct" size="1 1">
      <data idx="1" type="double" size="1 1">1</data>
    </numFaces>
    <cornerRatio idx="1" type="struct" size="1 1">
      <data idx="1" type="double" size="1 1">0.001124064127604167</data>
    </cornerRatio>
    <edgeRatio idx="1" type="struct" size="1 1">
      <data idx="1" type="double" size="1 1">0.1040327284071181</data>
    </edgeRatio>
    <gridEdgeRatio idx="1" type="struct" size="1 1">
      <data idx="1" type="double" size="1 9">0.04932884889252497 0.07340241796200363 0.06564554737448129 0.1375481016877253 0.1642577947459318 0.07996242765809183 0.1346399853801169 0.1240101120857698 0.1069992690058479</data>
    </gridEdgeRatio>
    <medianHue idx="1" type="struct" size="1 1">
      <data idx="1" type="double" size="1 1">105</data>
    </medianHue>
    <avgSat idx="1" type="struct" size="1 1">
      <data idx="1" type="double" size="1 1">144.9739261203339</data>
    </avgSat>
    <avgInt idx="1" type="struct" size="1 1">
      <data idx="1" type="double" size="1 1">108.1376563178169</data>
    </avgInt>
    <medHueCells idx="1" type="struct" size="1 1">
      <data idx="1" type="double" size="1 9">107 106 103 106 100 29 105 105 105</data>
    </medHueCells>
    <avgSatCells idx="1" type="struct" size="1 1">
      <data idx="1" type="double" size="1 9">191.5554343544526 127.7825955216192 113.7526346247564 186.2219343696027 84.62673090325127 81.75421844541914 188.3408326515772 181.968381662273 148.9254538255361</data>
    </avgSatCells>
    <avgIntCells idx="1" type="struct" size="1 1">
      <data idx="1" type="double" size="1 9">66.7329788201073 123.3513165469807 123.5755056042885 56.15534951368061 164.3256067630214 152.9014528508772 79.01055964609279 105.2438566190953 102.3954221491228</data>
    </avgIntCells>
    <cornerRatioGrid idx="1" type="struct" size="1 1">
      <data idx="1" type="double" size="1 9">45 49 31 118 121 58 118 95 28</data>
    </cornerRatioGrid>
    <avgR idx="1" type="struct" size="1 1">
      <data idx="1" type="double" size="1 1">67.77190653483073</data>
    </avgR>
    <avgG idx="1" type="struct" size="1 1">
      <data idx="1" type="double" size="1 1">86.0256856282553</data>
    </avgG>
    <avgB idx="1" type="struct" size="1 1">
      <data idx="1" type="double" size="1 1">104.1541561550565</data>
    </avgB>
    <avgRCells idx="1" type="struct" size="1 1">
      <data idx="1" type="double" size="1 9">23.41450777202072 84.37034512014054 96.7263036062378 23.38841923461502 131.1702269490652 137.1920687134503 26.55799472775201 33.42505226797564 53.92000182748535</data>
    </avgRCells>
    <avgGCells idx="1" type="struct" size="1 1">
      <data idx="1" type="double" size="1 9">42.41014453231524 101.677165712208 109.5453368664718 36.30632063751781 146.6959821834379 140.9982791179339 48.74526558191677 69.2267066630306 78.91345333820664</data>
    </avgGCells>
    <avgBCells idx="1" type="struct" size="1 1">
      <data idx="1" type="double" size="1 9">64.13144259612767 118.950610550556 113.9936647173489 54.0881738023816 159.1943762688241 141.9828673245614 78.75471926794533 104.5544495954913 102.1627680311891</data>
    </avgBCells>
  </features>
</root>
