<?xml version="1.0"?>
<!-- Written on 15-Jun-2010 21:43:45 using the XML Toolbox for Matlab -->
<root xml_tb_version="3.1" idx="1" type="struct" size="1 1">
  <filename idx="1" type="char" size="1 29">2010_NYE_02_by_stereoflow.jpg</filename>
  <features idx="1" type="struct" size="1 1">
    <numFaces idx="1" type="struct" size="1 1">
      <data idx="1" type="double" size="1 1">0</data>
    </numFaces>
    <cornerRatio idx="1" type="struct" size="1 1">
      <data idx="1" type="double" size="1 1">0.0003666666666666667</data>
    </cornerRatio>
    <edgeRatio idx="1" type="struct" size="1 1">
      <data idx="1" type="double" size="1 1">0.039225</data>
    </edgeRatio>
    <gridEdgeRatio idx="1" type="struct" size="1 1">
      <data idx="1" type="double" size="1 9">0 0.1358505977574811 0.001963864886095837 0 0.1410670527957228 0 0 0.07186567164179102 0.0006954887218045113</data>
    </gridEdgeRatio>
    <medianHue idx="1" type="struct" size="1 1">
      <data idx="1" type="double" size="1 1">19</data>
    </medianHue>
    <avgSat idx="1" type="struct" size="1 1">
      <data idx="1" type="double" size="1 1">82.69887291666672</data>
    </avgSat>
    <avgInt idx="1" type="struct" size="1 1">
      <data idx="1" type="double" size="1 1">176.0810624999999</data>
    </avgInt>
    <medHueCells idx="1" type="struct" size="1 1">
      <data idx="1" type="double" size="1 9">22 21 20 19 21 16 18 16 16</data>
    </medHueCells>
    <avgSatCells idx="1" type="struct" size="1 1">
      <data idx="1" type="double" size="1 9">45.06569763124677 31.64860399495061 53.70847014925374 147.0404692953146 113.1491980396525 164.0067164179104 66.39288519806982 52.00003740695021 69.5756203007519</data>
    </avgSatCells>
    <avgIntCells idx="1" type="struct" size="1 1">
      <data idx="1" type="double" size="1 9">188.3044850374989 206.9025395411004 181.4193097014926 140.5550048266133 163.0739771292789 140.3950373134329 180.2748475666779 202.5890846519284 182.675037593985</data>
    </avgIntCells>
    <cornerRatioGrid idx="1" type="struct" size="1 1">
      <data idx="1" type="double" size="1 9">0 75 0 0 64 0 0 37 0</data>
    </cornerRatioGrid>
    <avgR idx="1" type="struct" size="1 1">
      <data idx="1" type="double" size="1 1">172.8299500000003</data>
    </avgR>
    <avgG idx="1" type="struct" size="1 1">
      <data idx="1" type="double" size="1 1">156.3525520833334</data>
    </avgG>
    <avgB idx="1" type="struct" size="1 1">
      <data idx="1" type="double" size="1 1">130.5663541666668</data>
    </avgB>
    <avgRCells idx="1" type="struct" size="1 1">
      <data idx="1" type="double" size="1 9">188.304466473602 206.9018526769138 181.4192723880597 133.1631023984555 141.6539689611644 140.0570895522388 180.2728088878914 202.5871956009427 182.6750000000001</data>
    </avgRCells>
    <avgGCells idx="1" type="struct" size="1 1">
      <data idx="1" type="double" size="1 9">179.7458416870871 198.9604774634292 169.836697761194 113.2341093042252 136.2088252766021 104.269682835821 162.8371862492051 183.4851307372909 160.2682330827067</data>
    </avgGCells>
    <avgBCells idx="1" type="struct" size="1 1">
      <data idx="1" type="double" size="1 9">156.2339793569467 181.784454592708 144.6164365671641 78.05700972748198 123.6327318630727 60.7839365671642 135.2165862417237 162.28229154977 134.4346616541354</data>
    </avgBCells>
  </features>
</root>
