<?xml version="1.0"?>
<!-- Written on 15-Jun-2010 21:43:45 using the XML Toolbox for Matlab -->
<root xml_tb_version="3.1" idx="1" type="struct" size="1 1">
  <filename idx="1" type="char" size="1 29">2010_NYE_01_by_stereoflow.jpg</filename>
  <features idx="1" type="struct" size="1 1">
    <numFaces idx="1" type="struct" size="1 1">
      <data idx="1" type="double" size="1 1">0</data>
    </numFaces>
    <cornerRatio idx="1" type="struct" size="1 1">
      <data idx="1" type="double" size="1 1">0.0003395833333333333</data>
    </cornerRatio>
    <edgeRatio idx="1" type="struct" size="1 1">
      <data idx="1" type="double" size="1 1">0.05066666666666667</data>
    </edgeRatio>
    <gridEdgeRatio idx="1" type="struct" size="1 1">
      <data idx="1" type="double" size="1 9">0 0.03189277493131357 0.04567164179104476 0 0.07761565307789409 0.1117723880597016 0.04890958740133921 0.09282534694946322 0.04778195488721804</data>
    </gridEdgeRatio>
    <medianHue idx="1" type="struct" size="1 1">
      <data idx="1" type="double" size="1 1">19</data>
    </medianHue>
    <avgSat idx="1" type="struct" size="1 1">
      <data idx="1" type="double" size="1 1">80.16872083333332</data>
    </avgSat>
    <avgInt idx="1" type="struct" size="1 1">
      <data idx="1" type="double" size="1 1">168.7227666666668</data>
    </avgInt>
    <medHueCells idx="1" type="struct" size="1 1">
      <data idx="1" type="double" size="1 9">19 16 17 20 20 18 21 21 18</data>
    </medHueCells>
    <avgSatCells idx="1" type="struct" size="1 1">
      <data idx="1" type="double" size="1 9">38.71586099353976 20.40292938293608 85.61397897729401 62.97725922625678 56.67624563748422 98.58698986271648 109.2988619402985 112.2804104477612 138.0088909774437</data>
    </avgSatCells>
    <avgIntCells idx="1" type="struct" size="1 1">
      <data idx="1" type="double" size="1 9">196.0728818593598 230.2406066681519 126.9318819436652 191.4545741442043 207.0197705502337 150.5903003778102 154.433656716418 151.1621641791045 110.0280827067669</data>
    </avgIntCells>
    <cornerRatioGrid idx="1" type="struct" size="1 1">
      <data idx="1" type="double" size="1 9">0 16 9 0 40 44 16 25 13</data>
    </cornerRatioGrid>
    <avgR idx="1" type="struct" size="1 1">
      <data idx="1" type="double" size="1 1">165.5612270833336</data>
    </avgR>
    <avgG idx="1" type="struct" size="1 1">
      <data idx="1" type="double" size="1 1">153.4549458333333</data>
    </avgG>
    <avgB idx="1" type="struct" size="1 1">
      <data idx="1" type="double" size="1 1">130.3690000000001</data>
    </avgB>
    <avgRCells idx="1" type="struct" size="1 1">
      <data idx="1" type="double" size="1 9">196.0713967476052 230.2349261156905 126.8349418321925 190.6559738620331 201.021070023019 148.8196423895559 151.9045149253731 137.7025 105.8194360902255</data>
    </avgRCells>
    <avgGCells idx="1" type="struct" size="1 1">
      <data idx="1" type="double" size="1 9">185.9742333110567 222.0550605183037 111.1705195825384 180.1809979950992 196.4262270735873 132.6862679085774 134.8551679104477 129.1707276119403 87.83163533834589</data>
    </avgGCells>
    <avgBCells idx="1" type="struct" size="1 1">
      <data idx="1" type="double" size="1 9">167.6723286552314 212.2058179252988 89.01241910747018 155.1800698002523 180.5402465285512 107.6298769311338 96.28095149253735 104.5344216417911 59.68763157894737</data>
    </avgBCells>
  </features>
</root>
