<?xml version="1.0"?>
<!-- Written on 15-Jun-2010 21:43:45 using the XML Toolbox for Matlab -->
<root xml_tb_version="3.1" idx="1" type="struct" size="1 1">
  <filename idx="1" type="char" size="1 36">22e83da8de9195c23500bd65364764de.jpg</filename>
  <features idx="1" type="struct" size="1 1">
    <numFaces idx="1" type="struct" size="1 1">
      <data idx="1" type="double" size="1 1">0</data>
    </numFaces>
    <cornerRatio idx="1" type="struct" size="1 1">
      <data idx="1" type="double" size="1 1">0.001883208255159475</data>
    </cornerRatio>
    <edgeRatio idx="1" type="struct" size="1 1">
      <data idx="1" type="double" size="1 1">0.285874765478424</data>
    </edgeRatio>
    <gridEdgeRatio idx="1" type="struct" size="1 1">
      <data idx="1" type="double" size="1 9">0.3513507879596433 0.3390727924622695 0.3470197840971142 0.2667180855499042 0.1976986575502377 0.2716847985886504 0.2768572392275908 0.2083227928155832 0.3141752686801751</data>
    </gridEdgeRatio>
    <medianHue idx="1" type="struct" size="1 1">
      <data idx="1" type="double" size="1 1">0</data>
    </medianHue>
    <avgSat idx="1" type="struct" size="1 1">
      <data idx="1" type="double" size="1 1">0.004803001876172608</data>
    </avgSat>
    <avgInt idx="1" type="struct" size="1 1">
      <data idx="1" type="double" size="1 1">122.5703517823639</data>
    </avgInt>
    <medHueCells idx="1" type="struct" size="1 1">
      <data idx="1" type="double" size="1 9">0 0 0 0 0 0 0 0 0</data>
    </medHueCells>
    <avgSatCells idx="1" type="struct" size="1 1">
      <data idx="1" type="double" size="1 9">0 0 0.00155999662703432 0 0 0.001075132810523653 0.0006720712395513925 0.01392447599445541 0.0260821545388896</data>
    </avgSatCells>
    <avgIntCells idx="1" type="struct" size="1 1">
      <data idx="1" type="double" size="1 9">114.9183065121321 120.1527140832152 131.8203474154649 111.5231593429501 119.2828733427833 88.21865250021091 190.1326710631326 150.2356449783677 77.20778641519053</data>
    </avgIntCells>
    <cornerRatioGrid idx="1" type="struct" size="1 1">
      <data idx="1" type="double" size="1 9">90 125 187 96 77 65 95 57 11</data>
    </cornerRatioGrid>
    <avgR idx="1" type="struct" size="1 1">
      <data idx="1" type="double" size="1 1">122.5703470919324</data>
    </avgR>
    <avgG idx="1" type="struct" size="1 1">
      <data idx="1" type="double" size="1 1">122.5702110694183</data>
    </avgG>
    <avgB idx="1" type="struct" size="1 1">
      <data idx="1" type="double" size="1 1">122.5692237335835</data>
    </avgB>
    <avgRCells idx="1" type="struct" size="1 1">
      <data idx="1" type="double" size="1 9">114.9183065121321 120.1527140832152 131.8203052533939 111.5231593429501 119.2828733427833 88.21865250021091 190.1326710631326 150.2356449783677 77.20778641519053</data>
    </avgRCells>
    <avgGCells idx="1" type="struct" size="1 1">
      <data idx="1" type="double" size="1 9">114.9183065121321 120.1527140832152 131.8203052533939 111.5231593429501 119.2828733427833 88.21844168985591 190.1323350275128 150.2349729071281 77.20778641519053</data>
    </avgGCells>
    <avgBCells idx="1" type="struct" size="1 1">
      <data idx="1" type="double" size="1 9">114.9183065121321 120.1527140832152 131.8190403912639 111.5231593429501 119.2828733427833 88.2185470950334 190.1321670097029 150.2324526399798 77.20273140478314</data>
    </avgBCells>
  </features>
</root>
