<?xml version="1.0"?>
<!-- Written on 15-Jun-2010 21:43:45 using the XML Toolbox for Matlab -->
<root xml_tb_version="3.1" idx="1" type="struct" size="1 1">
  <filename idx="1" type="char" size="1 36">235492b79716e2a52f99c0b99d8ba59f.jpg</filename>
  <features idx="1" type="struct" size="1 1">
    <numFaces idx="1" type="struct" size="1 1">
      <data idx="1" type="double" size="1 1">0</data>
    </numFaces>
    <cornerRatio idx="1" type="struct" size="1 1">
      <data idx="1" type="double" size="1 1">0.0001406792799517671</data>
    </cornerRatio>
    <edgeRatio idx="1" type="struct" size="1 1">
      <data idx="1" type="double" size="1 1">0.03938014986649824</data>
    </edgeRatio>
    <gridEdgeRatio idx="1" type="struct" size="1 1">
      <data idx="1" type="double" size="1 9">0.02005697566984907 0.1184939944564213 0.01106149265989117 0.02870598501180576 0.07431218560722717 0.0142695821784211 0.00952982745725118 0.03710055966781008 0.04085317102107135</data>
    </gridEdgeRatio>
    <medianHue idx="1" type="struct" size="1 1">
      <data idx="1" type="double" size="1 1">0</data>
    </medianHue>
    <avgSat idx="1" type="struct" size="1 1">
      <data idx="1" type="double" size="1 1">26.73582871579916</data>
    </avgSat>
    <avgInt idx="1" type="struct" size="1 1">
      <data idx="1" type="double" size="1 1">244.8243245959058</data>
    </avgInt>
    <medHueCells idx="1" type="struct" size="1 1">
      <data idx="1" type="double" size="1 9">0 0 0 6 8 0 0 0 0</data>
    </medHueCells>
    <avgSatCells idx="1" type="struct" size="1 1">
      <data idx="1" type="double" size="1 9">10.74096601991582 24.49568832768709 0.2370850849818172 79.11393850734017 73.01246021968998 9.344608361488662 11.97165332101427 22.92753567395544 9.240734531761793</data>
    </avgSatCells>
    <avgIntCells idx="1" type="struct" size="1 1">
      <data idx="1" type="double" size="1 9">250.4383405194538 245.6972718406735 253.3623655636655 224.4219022687608 234.2866107175855 247.959069455549 251.471268350272 249.2220382917565 246.484035282284</data>
    </avgIntCells>
    <cornerRatioGrid idx="1" type="struct" size="1 1">
      <data idx="1" type="double" size="1 9">6 47 1 3 26 2 6 3 4</data>
    </cornerRatioGrid>
    <avgR idx="1" type="struct" size="1 1">
      <data idx="1" type="double" size="1 1">244.3036605322843</data>
    </avgR>
    <avgG idx="1" type="struct" size="1 1">
      <data idx="1" type="double" size="1 1">224.5220378398551</data>
    </avgG>
    <avgB idx="1" type="struct" size="1 1">
      <data idx="1" type="double" size="1 1">223.8617323648476</data>
    </avgB>
    <avgRCells idx="1" type="struct" size="1 1">
      <data idx="1" type="double" size="1 9">250.2089364541629 245.5459398419055 253.3410491837103 223.5043373370291 232.8827379119187 247.2696721945683 251.3031644595011 249.0600041063546 245.5461016686869</data>
    </avgRCells>
    <avgGCells idx="1" type="struct" size="1 1">
      <data idx="1" type="double" size="1 9">242.5887742531567 228.0295400882868 253.2549712428752 166.7231033774766 176.1894569346063 241.5139787996802 241.3240683708038 230.548827122472 240.0506924921982</data>
    </avgGCells>
    <avgBCells idx="1" type="struct" size="1 1">
      <data idx="1" type="double" size="1 9">242.1842213325121 227.7284159737193 253.2729734609135 164.1515758135714 173.5931244225438 241.3354911923245 241.5755697566985 230.0757237449954 240.3822376395945</data>
    </avgBCells>
  </features>
</root>
