<?xml version="1.0"?>
<!-- Written on 15-Jun-2010 21:43:46 using the XML Toolbox for Matlab -->
<root xml_tb_version="3.1" idx="1" type="struct" size="1 1">
  <filename idx="1" type="char" size="1 22">2911_by_zihnisinir.jpg</filename>
  <features idx="1" type="struct" size="1 1">
    <numFaces idx="1" type="struct" size="1 1">
      <data idx="1" type="double" size="1 1">1</data>
    </numFaces>
    <cornerRatio idx="1" type="struct" size="1 1">
      <data idx="1" type="double" size="1 1">0.0002386050780055063</data>
    </cornerRatio>
    <edgeRatio idx="1" type="struct" size="1 1">
      <data idx="1" type="double" size="1 1">0.1176475986540226</data>
    </edgeRatio>
    <gridEdgeRatio idx="1" type="struct" size="1 1">
      <data idx="1" type="double" size="1 9">0.006696064020904785 0.05961130164951827 0.06834884860362574 0.06195220207959068 0.1550438238336329 0.2361859654853286 0.1204025365315687 0.1931899641577062 0.1605734767025089</data>
    </gridEdgeRatio>
    <medianHue idx="1" type="struct" size="1 1">
      <data idx="1" type="double" size="1 1">0</data>
    </medianHue>
    <avgSat idx="1" type="struct" size="1 1">
      <data idx="1" type="double" size="1 1">3.985026001835411</data>
    </avgSat>
    <avgInt idx="1" type="struct" size="1 1">
      <data idx="1" type="double" size="1 1">125.8890547568063</data>
    </avgInt>
    <medHueCells idx="1" type="struct" size="1 1">
      <data idx="1" type="double" size="1 9">0 0 0 0 0 0 0 0 0</data>
    </medHueCells>
    <avgSatCells idx="1" type="struct" size="1 1">
      <data idx="1" type="double" size="1 9">0.03318090260765404 12.43399205182645 9.752881169010196 0.1599706026457617 13.67118514889215 0.01011855527984562 0.0266753769938484 0.0274919701671294 0.04494072236007724</data>
    </avgSatCells>
    <avgIntCells idx="1" type="struct" size="1 1">
      <data idx="1" type="double" size="1 9">230.9591975611084 136.1539550329359 108.5533498759305 176.4976318797975 101.652049648865 80.33234077750207 133.6543633295226 88.91550982633791 75.16983733112768</data>
    </avgIntCells>
    <cornerRatioGrid idx="1" type="struct" size="1 1">
      <data idx="1" type="double" size="1 9">0 18 13 6 24 4 5 5 3</data>
    </cornerRatioGrid>
    <avgR idx="1" type="struct" size="1 1">
      <data idx="1" type="double" size="1 1">125.6153992046498</data>
    </avgR>
    <avgG idx="1" type="struct" size="1 1">
      <data idx="1" type="double" size="1 1">124.834478433772</data>
    </avgG>
    <avgB idx="1" type="struct" size="1 1">
      <data idx="1" type="double" size="1 1">123.9530559804221</data>
    </avgB>
    <avgRCells idx="1" type="struct" size="1 1">
      <data idx="1" type="double" size="1 9">230.9262616364527 135.6203113941967 108.5031430934657 176.412379552507 99.89387010724596 80.33234077750207 133.6400457292177 88.91550982633791 75.16978218913707</data>
    </avgRCells>
    <avgGCells idx="1" type="struct" size="1 1">
      <data idx="1" type="double" size="1 9">230.9374217431542 134.0198159943382 102.019382409705 176.4472208612337 100.9142577168055 80.33101736972709 133.6431215635038 88.91243399205189 75.16606010476977</data>
    </avgGCells>
    <avgBCells idx="1" type="struct" size="1 1">
      <data idx="1" type="double" size="1 9">230.9589525831564 129.0020687027055 103.0360628618693 176.4964886493549 96.72701290217215 80.3255583126551 133.6506886602428 88.9049213348577 75.14846980976012</data>
    </avgBCells>
  </features>
</root>
