<?xml version="1.0"?>
<!-- Written on 15-Jun-2010 21:43:46 using the XML Toolbox for Matlab -->
<root xml_tb_version="3.1" idx="1" type="struct" size="1 1">
  <filename idx="1" type="char" size="1 22">2964_by_zihnisinir.jpg</filename>
  <features idx="1" type="struct" size="1 1">
    <numFaces idx="1" type="struct" size="1 1">
      <data idx="1" type="double" size="1 1">0</data>
    </numFaces>
    <cornerRatio idx="1" type="struct" size="1 1">
      <data idx="1" type="double" size="1 1">0.0001057173678532902</data>
    </cornerRatio>
    <edgeRatio idx="1" type="struct" size="1 1">
      <data idx="1" type="double" size="1 1">0.02741531823085221</data>
    </edgeRatio>
    <gridEdgeRatio idx="1" type="struct" size="1 1">
      <data idx="1" type="double" size="1 9">0.03867647341232505 0.08107848597161689 0 0.0004032800107541335 0.04541701073492982 0.05148362235067438 0 0.01080219929669134 0.01853801169590644</data>
    </gridEdgeRatio>
    <medianHue idx="1" type="struct" size="1 1">
      <data idx="1" type="double" size="1 1">109</data>
    </medianHue>
    <avgSat idx="1" type="struct" size="1 1">
      <data idx="1" type="double" size="1 1">137.9340302049622</data>
    </avgSat>
    <avgInt idx="1" type="struct" size="1 1">
      <data idx="1" type="double" size="1 1">166.9469946062566</data>
    </avgInt>
    <medHueCells idx="1" type="struct" size="1 1">
      <data idx="1" type="double" size="1 9">109 109 109 109 106 108 109 109 108</data>
    </medHueCells>
    <avgSatCells idx="1" type="struct" size="1 1">
      <data idx="1" type="double" size="1 9">143.4804601232884 177.4579724617365 174.1424880029533 77.9790486432508 80.94476984233673 152.0998620582463 158.7899614643546 113.8856840077071 162.9571929824561</data>
    </avgSatCells>
    <avgIntCells idx="1" type="struct" size="1 1">
      <data idx="1" type="double" size="1 9">147.1904633879362 171.2747105025638 186.0966175127743 153.6327271330633 169.7838035066157 189.9964640282879 158.1057996146435 151.8570905587669 175.2379337231968</data>
    </avgIntCells>
    <cornerRatioGrid idx="1" type="struct" size="1 1">
      <data idx="1" type="double" size="1 9">8 11 0 0 7 7 0 5 11</data>
    </cornerRatioGrid>
    <avgR idx="1" type="struct" size="1 1">
      <data idx="1" type="double" size="1 1">75.77244012944982</data>
    </avgR>
    <avgG idx="1" type="struct" size="1 1">
      <data idx="1" type="double" size="1 1">108.1090960086299</data>
    </avgG>
    <avgB idx="1" type="struct" size="1 1">
      <data idx="1" type="double" size="1 1">165.3203408845737</data>
    </avgB>
    <avgRCells idx="1" type="struct" size="1 1">
      <data idx="1" type="double" size="1 9">61.39323641810532 51.79707333935052 58.66526782071457 109.7446277341424 116.8965490753366 77.40144935983372 59.99938342967241 83.44813102119456 62.72933723196881</data>
    </avgRCells>
    <avgGCells idx="1" type="struct" size="1 1">
      <data idx="1" type="double" size="1 9">91.02686613024024 94.37268834136691 104.813118066484 123.0553453805234 135.8509208226913 118.4887412329274 93.81709055876688 107.7739499036609 104.1462573099415</data>
    </avgGCells>
    <avgBCells idx="1" type="struct" size="1 1">
      <data idx="1" type="double" size="1 9">145.7606629155223 171.2747105025638 186.0966175127743 148.9469974843007 165.3842874426286 188.9784344582386 158.1057996146435 149.2392292870905 174.7893567251462</data>
    </avgBCells>
  </features>
</root>
