<?xml version="1.0"?>
<!-- Written on 15-Jun-2010 21:43:46 using the XML Toolbox for Matlab -->
<root xml_tb_version="3.1" idx="1" type="struct" size="1 1">
  <filename idx="1" type="char" size="1 33">29___May___2009_by_fediaFedia.png</filename>
  <features idx="1" type="struct" size="1 1">
    <numFaces idx="1" type="struct" size="1 1">
      <data idx="1" type="double" size="1 1">1</data>
    </numFaces>
    <cornerRatio idx="1" type="struct" size="1 1">
      <data idx="1" type="double" size="1 1">0.0002330246913580247</data>
    </cornerRatio>
    <edgeRatio idx="1" type="struct" size="1 1">
      <data idx="1" type="double" size="1 1">0.02152006172839506</data>
    </edgeRatio>
    <gridEdgeRatio idx="1" type="struct" size="1 1">
      <data idx="1" type="double" size="1 9">0.003805747991794503 0 0.04927325581395348 0 0.002590118869188636 0.05638150609080848 0.01577962577962582 0.04020790020790026 0.02591666666666649</data>
    </gridEdgeRatio>
    <medianHue idx="1" type="struct" size="1 1">
      <data idx="1" type="double" size="1 1">36</data>
    </medianHue>
    <avgSat idx="1" type="struct" size="1 1">
      <data idx="1" type="double" size="1 1">224.2891836419755</data>
    </avgSat>
    <avgInt idx="1" type="struct" size="1 1">
      <data idx="1" type="double" size="1 1">62.88126234567888</data>
    </avgInt>
    <medHueCells idx="1" type="struct" size="1 1">
      <data idx="1" type="double" size="1 9">41 40 36 36 33 36 42 36 38</data>
    </medHueCells>
    <avgSatCells idx="1" type="struct" size="1 1">
      <data idx="1" type="double" size="1 9">235.7698385837919 240.3173482708366 218.9649203049203 254.0371043161742 222.0205828112805 216.6003465003464 221.1268480066446 191.146096345515 218.3888611111111</data>
    </avgSatCells>
    <avgIntCells idx="1" type="struct" size="1 1">
      <data idx="1" type="double" size="1 9">25.02822193519869 36.15102119753281 57.99220374220371 71.5538986469219 105.8893155869901 108.74 33.42447397563679 62.7661475636766 64.89042361111102</data>
    </avgIntCells>
    <cornerRatioGrid idx="1" type="struct" size="1 1">
      <data idx="1" type="double" size="1 9">14 0 129 0 0 121 9 16 13</data>
    </cornerRatioGrid>
    <avgR idx="1" type="struct" size="1 1">
      <data idx="1" type="double" size="1 1">51.36747993827169</data>
    </avgR>
    <avgG idx="1" type="struct" size="1 1">
      <data idx="1" type="double" size="1 1">62.79361574074069</data>
    </avgG>
    <avgB idx="1" type="struct" size="1 1">
      <data idx="1" type="double" size="1 1">8.288931327160489</data>
    </avgB>
    <avgRCells idx="1" type="struct" size="1 1">
      <data idx="1" type="double" size="1 9">17.5536016466249 29.62565530007389 45.8864864864865 57.44286888472934 94.9555811881393 90.7579071379071 22.01161406423032 54.16157945736432 50.36899999999999</data>
    </avgRCells>
    <avgGCells idx="1" type="struct" size="1 1">
      <data idx="1" type="double" size="1 9">24.83524771896866 36.14818242725219 57.77433125433117 71.5538986469219 105.8455529385763 108.6900207900208 33.40836101882613 62.62226605758587 64.77097916666663</data>
    </avgGCells>
    <avgBCells idx="1" type="struct" size="1 1">
      <data idx="1" type="double" size="1 9">1.17067156602039 0.07944412595575386 7.538073458073457 0.1392862323094882 18.60160518300055 14.6222591822592 5.300906699889257 14.80695598006646 12.43791666666667</data>
    </avgBCells>
  </features>
</root>
