<?xml version="1.0"?>
<!-- Written on 15-Jun-2010 21:43:47 using the XML Toolbox for Matlab -->
<root xml_tb_version="3.1" idx="1" type="struct" size="1 1">
  <filename idx="1" type="char" size="1 36">29c0e4e0cac17a949a304c52ecfb4c40.jpg</filename>
  <features idx="1" type="struct" size="1 1">
    <numFaces idx="1" type="struct" size="1 1">
      <data idx="1" type="double" size="1 1">0</data>
    </numFaces>
    <cornerRatio idx="1" type="struct" size="1 1">
      <data idx="1" type="double" size="1 1">0.0017140625</data>
    </cornerRatio>
    <edgeRatio idx="1" type="struct" size="1 1">
      <data idx="1" type="double" size="1 1">0.2256796875</data>
    </edgeRatio>
    <gridEdgeRatio idx="1" type="struct" size="1 1">
      <data idx="1" type="double" size="1 9">0.1551709734907552 0.1773362664290486 0.1650908988890135 0.2245628202272222 0.2623914012029407 0.2641538547862192 0.2668331275951073 0.2685024127482886 0.2482616315224151</data>
    </gridEdgeRatio>
    <medianHue idx="1" type="struct" size="1 1">
      <data idx="1" type="double" size="1 1">0</data>
    </medianHue>
    <avgSat idx="1" type="struct" size="1 1">
      <data idx="1" type="double" size="1 1">0</data>
    </avgSat>
    <avgInt idx="1" type="struct" size="1 1">
      <data idx="1" type="double" size="1 1">124.7785546874998</data>
    </avgInt>
    <medHueCells idx="1" type="struct" size="1 1">
      <data idx="1" type="double" size="1 9">0 0 0 0 0 0 0 0 0</data>
    </medHueCells>
    <avgSatCells idx="1" type="struct" size="1 1">
      <data idx="1" type="double" size="1 9">0 0 0 0 0 0 0 0 0</data>
    </avgSatCells>
    <avgIntCells idx="1" type="struct" size="1 1">
      <data idx="1" type="double" size="1 9">106.488262976164 114.2488026286478 113.6166395466278 166.2149003118735 159.2497354644686 115.7078610705869 141.1555661541913 123.6945208169678 82.9961134038103</data>
    </avgIntCells>
    <cornerRatioGrid idx="1" type="struct" size="1 1">
      <data idx="1" type="double" size="1 9">5 103 110 67 73 123 184 227 205</data>
    </cornerRatioGrid>
    <avgR idx="1" type="struct" size="1 1">
      <data idx="1" type="double" size="1 1">124.7785546874998</data>
    </avgR>
    <avgG idx="1" type="struct" size="1 1">
      <data idx="1" type="double" size="1 1">124.7785546874998</data>
    </avgG>
    <avgB idx="1" type="struct" size="1 1">
      <data idx="1" type="double" size="1 1">124.7785546874998</data>
    </avgB>
    <avgRCells idx="1" type="struct" size="1 1">
      <data idx="1" type="double" size="1 9">106.488262976164 114.2488026286478 113.6166395466278 166.2149003118735 159.2497354644686 115.7078610705869 141.1555661541913 123.6945208169678 82.9961134038103</data>
    </avgRCells>
    <avgGCells idx="1" type="struct" size="1 1">
      <data idx="1" type="double" size="1 9">106.488262976164 114.2488026286478 113.6166395466278 166.2149003118735 159.2497354644686 115.7078610705869 141.1555661541913 123.6945208169678 82.9961134038103</data>
    </avgGCells>
    <avgBCells idx="1" type="struct" size="1 1">
      <data idx="1" type="double" size="1 9">106.488262976164 114.2488026286478 113.6166395466278 166.2149003118735 159.2497354644686 115.7078610705869 141.1555661541913 123.6945208169678 82.9961134038103</data>
    </avgBCells>
  </features>
</root>
