<?xml version="1.0"?>
<!-- Written on 15-Jun-2010 21:43:47 using the XML Toolbox for Matlab -->
<root xml_tb_version="3.1" idx="1" type="struct" size="1 1">
  <filename idx="1" type="char" size="1 36">2a705a3002713b6c12cd2bf4f65a8848.jpg</filename>
  <features idx="1" type="struct" size="1 1">
    <numFaces idx="1" type="struct" size="1 1">
      <data idx="1" type="double" size="1 1">1</data>
    </numFaces>
    <cornerRatio idx="1" type="struct" size="1 1">
      <data idx="1" type="double" size="1 1">0.003298568507157464</data>
    </cornerRatio>
    <edgeRatio idx="1" type="struct" size="1 1">
      <data idx="1" type="double" size="1 1">0.2984846625766871</data>
    </edgeRatio>
    <gridEdgeRatio idx="1" type="struct" size="1 1">
      <data idx="1" type="double" size="1 9">0.1543017513166763 0.3203579173728428 0.3054395604395607 0.3140160005831649 0.2639549505221148 0.322142857142857 0.3448440454553799 0.3295515044702685 0.3314575645756457</data>
    </gridEdgeRatio>
    <medianHue idx="1" type="struct" size="1 1">
      <data idx="1" type="double" size="1 1">72</data>
    </medianHue>
    <avgSat idx="1" type="struct" size="1 1">
      <data idx="1" type="double" size="1 1">72.24894683026592</data>
    </avgSat>
    <avgInt idx="1" type="struct" size="1 1">
      <data idx="1" type="double" size="1 1">128.6903926380367</data>
    </avgInt>
    <medHueCells idx="1" type="struct" size="1 1">
      <data idx="1" type="double" size="1 9">32 53 74 84 37 70 77 75 75</data>
    </medHueCells>
    <avgSatCells idx="1" type="struct" size="1 1">
      <data idx="1" type="double" size="1 9">146.7067045723762 78.69272684198056 57.0481540636302 51.66229293094965 88.76784575292032 57.01560463365829 61.50772893772891 50.56459706959706 57.41719557195574</data>
    </avgSatCells>
    <avgIntCells idx="1" type="struct" size="1 1">
      <data idx="1" type="double" size="1 9">156.6983398028175 127.7484373006762 95.7116080116025 108.1295172489202 170.6773458713757 136.0920673385839 102.6608791208791 135.8028388278388 125.2497232472324</data>
    </avgIntCells>
    <cornerRatioGrid idx="1" type="struct" size="1 1">
      <data idx="1" type="double" size="1 9">35 194 138 224 144 169 245 245 219</data>
    </cornerRatioGrid>
    <avgR idx="1" type="struct" size="1 1">
      <data idx="1" type="double" size="1 1">109.924282208589</data>
    </avgR>
    <avgG idx="1" type="struct" size="1 1">
      <data idx="1" type="double" size="1 1">124.084319018405</data>
    </avgG>
    <avgB idx="1" type="struct" size="1 1">
      <data idx="1" type="double" size="1 1">97.04263394683024</data>
    </avgB>
    <avgRCells idx="1" type="struct" size="1 1">
      <data idx="1" type="double" size="1 9">142.7815319009349 113.2256665390994 81.35789686255072 88.69166985584896 155.0745721939751 116.2743294597125 78.50842490842487 114.7526923076923 99.15898523985248</data>
    </avgRCells>
    <avgGCells idx="1" type="struct" size="1 1">
      <data idx="1" type="double" size="1 9">145.8187997740236 121.0510998122939 90.19483762001802 104.5919669053997 166.7226322599456 132.4773916395881 100.0047252747253 134.0340659340659 122.5107380073801</data>
    </avgGCells>
    <avgBCells idx="1" type="struct" size="1 1">
      <data idx="1" type="double" size="1 9">65.67450294315967 88.66551856104091 83.49497897964058 98.54875804129533 108.1484154319975 112.6969029391787 89.93111721611722 117.1302014652015 110.0497047970479</data>
    </avgBCells>
  </features>
</root>
