<?xml version="1.0"?>
<!-- Written on 15-Jun-2010 21:43:47 using the XML Toolbox for Matlab -->
<root xml_tb_version="3.1" idx="1" type="struct" size="1 1">
  <filename idx="1" type="char" size="1 36">2ad6cc96dea9e9e84b85a99c014a5578.jpg</filename>
  <features idx="1" type="struct" size="1 1">
    <numFaces idx="1" type="struct" size="1 1">
      <data idx="1" type="double" size="1 1">0</data>
    </numFaces>
    <cornerRatio idx="1" type="struct" size="1 1">
      <data idx="1" type="double" size="1 1">0.00046875</data>
    </cornerRatio>
    <edgeRatio idx="1" type="struct" size="1 1">
      <data idx="1" type="double" size="1 1">0.06142578125</data>
    </edgeRatio>
    <gridEdgeRatio idx="1" type="struct" size="1 1">
      <data idx="1" type="double" size="1 9">0.0108260289081093 0.0394729204156266 0.02072328321820397 0.0810065594705986 0.09650548557496957 0.01198699715562779 0.180782710280374 0.07278037383177575 0.03974883177570097</data>
    </gridEdgeRatio>
    <medianHue idx="1" type="struct" size="1 1">
      <data idx="1" type="double" size="1 1">15</data>
    </medianHue>
    <avgSat idx="1" type="struct" size="1 1">
      <data idx="1" type="double" size="1 1">139.6500423177083</data>
    </avgSat>
    <avgInt idx="1" type="struct" size="1 1">
      <data idx="1" type="double" size="1 1">142.9281022135416</data>
    </avgInt>
    <medHueCells idx="1" type="struct" size="1 1">
      <data idx="1" type="double" size="1 9">16 16 17 15 16 14 15 15 14</data>
    </medHueCells>
    <avgSatCells idx="1" type="struct" size="1 1">
      <data idx="1" type="double" size="1 9">127.8897660648981 115.4246821849423 121.1827686915888 165.811603877634 94.55848377546869 141.2422021028037 150.5450745922098 166.5315783363326 173.4294976635513</data>
    </avgSatCells>
    <avgIntCells idx="1" type="struct" size="1 1">
      <data idx="1" type="double" size="1 9">163.3563301793695 155.9989551285771 133.2849007009345 138.3647762233703 187.589075288791 117.9841705607477 146.0019736460208 140.3246937946247 103.5067172897196</data>
    </avgIntCells>
    <cornerRatioGrid idx="1" type="struct" size="1 1">
      <data idx="1" type="double" size="1 9">2 4 2 13 38 1 46 31 7</data>
    </cornerRatioGrid>
    <avgR idx="1" type="struct" size="1 1">
      <data idx="1" type="double" size="1 1">142.8402148437501</data>
    </avgR>
    <avgG idx="1" type="struct" size="1 1">
      <data idx="1" type="double" size="1 1">108.0634309895834</data>
    </avgG>
    <avgB idx="1" type="struct" size="1 1">
      <data idx="1" type="double" size="1 1">72.17672526041669</data>
    </avgB>
    <avgRCells idx="1" type="struct" size="1 1">
      <data idx="1" type="double" size="1 9">163.2106867127185 155.9793347651941 133.1136098130842 138.3502931444825 187.52809543159 117.7595210280374 145.93916526383 140.3245776978 103.4150116822429</data>
    </avgRCells>
    <avgGCells idx="1" type="struct" size="1 1">
      <data idx="1" type="double" size="1 9">131.2816218726418 127.839089800894 108.3134345794393 92.51532478086723 158.2953503221687 85.81650116822429 107.4299065420561 94.70253091077964 66.41959696261682</data>
    </avgGCells>
    <avgBCells idx="1" type="struct" size="1 1">
      <data idx="1" type="double" size="1 9">91.02676031810527 91.87133569396879 81.12202102803737 52.2558193533407 124.3063214721076 55.85534462616825 67.22641783247226 50.80025541301444 35.08875584112148</data>
    </avgBCells>
  </features>
</root>
