<?xml version="1.0"?>
<!-- Written on 15-Jun-2010 21:43:47 using the XML Toolbox for Matlab -->
<root xml_tb_version="3.1" idx="1" type="struct" size="1 1">
  <filename idx="1" type="char" size="1 36">2c5ceda32bb876e7e748df4cddabd9ae.jpg</filename>
  <features idx="1" type="struct" size="1 1">
    <numFaces idx="1" type="struct" size="1 1">
      <data idx="1" type="double" size="1 1">0</data>
    </numFaces>
    <cornerRatio idx="1" type="struct" size="1 1">
      <data idx="1" type="double" size="1 1">0.0004521404521404522</data>
    </cornerRatio>
    <edgeRatio idx="1" type="struct" size="1 1">
      <data idx="1" type="double" size="1 1">0.1496464646464646</data>
    </edgeRatio>
    <gridEdgeRatio idx="1" type="struct" size="1 1">
      <data idx="1" type="double" size="1 9">0.04158182402743538 0.05729289465223455 0.05948387096774198 0.0635730361161719 0.2834422891437143 0.211204301075269 0.06297191180912114 0.3245458860076799 0.2457142857142859</data>
    </gridEdgeRatio>
    <medianHue idx="1" type="struct" size="1 1">
      <data idx="1" type="double" size="1 1">0</data>
    </medianHue>
    <avgSat idx="1" type="struct" size="1 1">
      <data idx="1" type="double" size="1 1">0</data>
    </avgSat>
    <avgInt idx="1" type="struct" size="1 1">
      <data idx="1" type="double" size="1 1">114.5920298220297</data>
    </avgInt>
    <medHueCells idx="1" type="struct" size="1 1">
      <data idx="1" type="double" size="1 9">0 0 0 0 0 0 0 0 0</data>
    </medHueCells>
    <avgSatCells idx="1" type="struct" size="1 1">
      <data idx="1" type="double" size="1 9">0 0 0 0 0 0 0 0 0</data>
    </avgSatCells>
    <avgIntCells idx="1" type="struct" size="1 1">
      <data idx="1" type="double" size="1 9">137.5644839781374 127.2298788982961 72.54845320792167 159.5086057228594 134.3144571857251 92.0810286059455 109.3960860215054 128.2658709677419 70.32826839826834</data>
    </avgIntCells>
    <cornerRatioGrid idx="1" type="struct" size="1 1">
      <data idx="1" type="double" size="1 9">6 31 15 6 39 7 5 77 2</data>
    </cornerRatioGrid>
    <avgR idx="1" type="struct" size="1 1">
      <data idx="1" type="double" size="1 1">114.5920298220297</data>
    </avgR>
    <avgG idx="1" type="struct" size="1 1">
      <data idx="1" type="double" size="1 1">114.5920298220297</data>
    </avgG>
    <avgB idx="1" type="struct" size="1 1">
      <data idx="1" type="double" size="1 1">114.5920298220297</data>
    </avgB>
    <avgRCells idx="1" type="struct" size="1 1">
      <data idx="1" type="double" size="1 9">137.5644839781374 127.2298788982961 72.54845320792167 159.5086057228594 134.3144571857251 92.0810286059455 109.3960860215054 128.2658709677419 70.32826839826834</data>
    </avgRCells>
    <avgGCells idx="1" type="struct" size="1 1">
      <data idx="1" type="double" size="1 9">137.5644839781374 127.2298788982961 72.54845320792167 159.5086057228594 134.3144571857251 92.0810286059455 109.3960860215054 128.2658709677419 70.32826839826834</data>
    </avgGCells>
    <avgBCells idx="1" type="struct" size="1 1">
      <data idx="1" type="double" size="1 9">137.5644839781374 127.2298788982961 72.54845320792167 159.5086057228594 134.3144571857251 92.0810286059455 109.3960860215054 128.2658709677419 70.32826839826834</data>
    </avgBCells>
  </features>
</root>
