<?xml version="1.0"?>
<!-- Written on 15-Jun-2010 21:43:47 using the XML Toolbox for Matlab -->
<root xml_tb_version="3.1" idx="1" type="struct" size="1 1">
  <filename idx="1" type="char" size="1 36">2cbca3bed41b6f5f1e75e1ba65c1ce13.jpg</filename>
  <features idx="1" type="struct" size="1 1">
    <numFaces idx="1" type="struct" size="1 1">
      <data idx="1" type="double" size="1 1">0</data>
    </numFaces>
    <cornerRatio idx="1" type="struct" size="1 1">
      <data idx="1" type="double" size="1 1">0.0001153339191564148</data>
    </cornerRatio>
    <edgeRatio idx="1" type="struct" size="1 1">
      <data idx="1" type="double" size="1 1">0.05322385764499121</data>
    </edgeRatio>
    <gridEdgeRatio idx="1" type="struct" size="1 1">
      <data idx="1" type="double" size="1 9">0.03855066771406127 0.1261979575805185 0.1132865057380293 0.03947368421052646 0.05459544383346423 0.06000197863078746 0.01701688923802043 0.01386488609583661 0.01654135338345864</data>
    </gridEdgeRatio>
    <medianHue idx="1" type="struct" size="1 1">
      <data idx="1" type="double" size="1 1">8</data>
    </medianHue>
    <avgSat idx="1" type="struct" size="1 1">
      <data idx="1" type="double" size="1 1">197.2311961775046</data>
    </avgSat>
    <avgInt idx="1" type="struct" size="1 1">
      <data idx="1" type="double" size="1 1">125.2793025043936</data>
    </avgInt>
    <medHueCells idx="1" type="struct" size="1 1">
      <data idx="1" type="double" size="1 9">10 6 1 11 2 1 9 4 3</data>
    </medHueCells>
    <avgSatCells idx="1" type="struct" size="1 1">
      <data idx="1" type="double" size="1 9">226.9080714846818 189.7362529457972 211.9704045561664 194.2235565593087 203.2972996857817 178.2617439120189 208.8079145231499 201.3002572220023 160.3044519192719</data>
    </avgSatCells>
    <avgIntCells idx="1" type="struct" size="1 1">
      <data idx="1" type="double" size="1 9">144.0185781618225 175.245276904949 139.1433326787116 134.5927926158679 102.2447663000785 171.9539277297721 63.32370399683415 83.03655520379897 113.2889790265137</data>
    </avgIntCells>
    <cornerRatioGrid idx="1" type="struct" size="1 1">
      <data idx="1" type="double" size="1 9">9 34 14 1 28 11 5 0 3</data>
    </cornerRatioGrid>
    <avgR idx="1" type="struct" size="1 1">
      <data idx="1" type="double" size="1 1">124.3408128295256</data>
    </avgR>
    <avgG idx="1" type="struct" size="1 1">
      <data idx="1" type="double" size="1 1">45.70631920035148</data>
    </avgG>
    <avgB idx="1" type="struct" size="1 1">
      <data idx="1" type="double" size="1 1">30.63972429701233</data>
    </avgB>
    <avgRCells idx="1" type="struct" size="1 1">
      <data idx="1" type="double" size="1 9">144.010585231736 175.2432148468185 138.8925274941084 134.0644736842106 99.48822663000789 171.4577965435979 62.27958053027307 81.48478432924418 111.4730213692125</data>
    </avgRCells>
    <avgGCells idx="1" type="struct" size="1 1">
      <data idx="1" type="double" size="1 9">62.40991751767478 66.2513256087981 27.61291241162607 72.849499214454 29.79311665357426 54.98804006284368 30.15149386624454 19.39930747922437 47.74911950929963</data>
    </avgGCells>
    <avgBCells idx="1" type="struct" size="1 1">
      <data idx="1" type="double" size="1 9">19.16140023566379 44.06582875098194 24.71607423409271 35.29705420267087 24.31888256087983 50.5778770620581 13.25926988523941 16.60606450336369 47.86501780767711</data>
    </avgBCells>
  </features>
</root>
