<?xml version="1.0"?>
<!-- Written on 15-Jun-2010 21:43:48 using the XML Toolbox for Matlab -->
<root xml_tb_version="3.1" idx="1" type="struct" size="1 1">
  <filename idx="1" type="char" size="1 36">2ea5a978f35da70432693661db0d7068.jpg</filename>
  <features idx="1" type="struct" size="1 1">
    <numFaces idx="1" type="struct" size="1 1">
      <data idx="1" type="double" size="1 1">0</data>
    </numFaces>
    <cornerRatio idx="1" type="struct" size="1 1">
      <data idx="1" type="double" size="1 1">0.0001333333333333333</data>
    </cornerRatio>
    <edgeRatio idx="1" type="struct" size="1 1">
      <data idx="1" type="double" size="1 1">0.02583958333333333</data>
    </edgeRatio>
    <gridEdgeRatio idx="1" type="struct" size="1 1">
      <data idx="1" type="double" size="1 9">0.005216455038241631 0.01290190836860474 0.009011194029850745 0.004195440706913195 0.01499962872206134 0.03781716417910446 0.02076085736729884 0.008584895073504658 0.1198684210526316</data>
    </gridEdgeRatio>
    <medianHue idx="1" type="struct" size="1 1">
      <data idx="1" type="double" size="1 1">0</data>
    </medianHue>
    <avgSat idx="1" type="struct" size="1 1">
      <data idx="1" type="double" size="1 1">0</data>
    </avgSat>
    <avgInt idx="1" type="struct" size="1 1">
      <data idx="1" type="double" size="1 1">154.4095937500001</data>
    </avgInt>
    <medHueCells idx="1" type="struct" size="1 1">
      <data idx="1" type="double" size="1 9">0 0 0 0 0 0 0 0 0</data>
    </medHueCells>
    <avgSatCells idx="1" type="struct" size="1 1">
      <data idx="1" type="double" size="1 9">0 0 0 0 0 0 0 0 0</data>
    </avgSatCells>
    <avgIntCells idx="1" type="struct" size="1 1">
      <data idx="1" type="double" size="1 9">123.4871909111161 147.0985186010248 149.6427262185315 147.4681257889657 181.1458751021015 198.3159203980098 161.460764925373 174.7531529850746 106.6227819548873</data>
    </avgIntCells>
    <cornerRatioGrid idx="1" type="struct" size="1 1">
      <data idx="1" type="double" size="1 9">0 0 0 0 0 17 0 0 47</data>
    </cornerRatioGrid>
    <avgR idx="1" type="struct" size="1 1">
      <data idx="1" type="double" size="1 1">154.4095937500001</data>
    </avgR>
    <avgG idx="1" type="struct" size="1 1">
      <data idx="1" type="double" size="1 1">154.4095937500001</data>
    </avgG>
    <avgB idx="1" type="struct" size="1 1">
      <data idx="1" type="double" size="1 1">154.4095937500001</data>
    </avgB>
    <avgRCells idx="1" type="struct" size="1 1">
      <data idx="1" type="double" size="1 9">123.4871909111161 147.0985186010248 149.6427262185315 147.4681257889657 181.1458751021015 198.3159203980098 161.460764925373 174.7531529850746 106.6227819548873</data>
    </avgRCells>
    <avgGCells idx="1" type="struct" size="1 1">
      <data idx="1" type="double" size="1 9">123.4871909111161 147.0985186010248 149.6427262185315 147.4681257889657 181.1458751021015 198.3159203980098 161.460764925373 174.7531529850746 106.6227819548873</data>
    </avgGCells>
    <avgBCells idx="1" type="struct" size="1 1">
      <data idx="1" type="double" size="1 9">123.4871909111161 147.0985186010248 149.6427262185315 147.4681257889657 181.1458751021015 198.3159203980098 161.460764925373 174.7531529850746 106.6227819548873</data>
    </avgBCells>
  </features>
</root>
