<?xml version="1.0"?>
<!-- Written on 15-Jun-2010 21:43:48 using the XML Toolbox for Matlab -->
<root xml_tb_version="3.1" idx="1" type="struct" size="1 1">
  <filename idx="1" type="char" size="1 22">3027_by_zihnisinir.jpg</filename>
  <features idx="1" type="struct" size="1 1">
    <numFaces idx="1" type="struct" size="1 1">
      <data idx="1" type="double" size="1 1">0</data>
    </numFaces>
    <cornerRatio idx="1" type="struct" size="1 1">
      <data idx="1" type="double" size="1 1">0.001216666666666667</data>
    </cornerRatio>
    <edgeRatio idx="1" type="struct" size="1 1">
      <data idx="1" type="double" size="1 1">0.115675</data>
    </edgeRatio>
    <gridEdgeRatio idx="1" type="struct" size="1 1">
      <data idx="1" type="double" size="1 9">0 0 0.01181592039800996 0.1368282963292985 0.151035865448875 0.2476616915422885 0.1610199004975124 0.1769900497512438 0.1561000000000001</data>
    </gridEdgeRatio>
    <medianHue idx="1" type="struct" size="1 1">
      <data idx="1" type="double" size="1 1">102</data>
    </medianHue>
    <avgSat idx="1" type="struct" size="1 1">
      <data idx="1" type="double" size="1 1">95.198275</data>
    </avgSat>
    <avgInt idx="1" type="struct" size="1 1">
      <data idx="1" type="double" size="1 1">181.5914694444445</data>
    </avgInt>
    <medHueCells idx="1" type="struct" size="1 1">
      <data idx="1" type="double" size="1 9">106 101 14 106 100 18 106 80 11</data>
    </medHueCells>
    <avgSatCells idx="1" type="struct" size="1 1">
      <data idx="1" type="double" size="1 9">114.0952204153362 63.93717977277794 74.34813432835823 121.5911487339422 72.06190440830673 78.4262437810945 123.571368159204 87.18830845771146 121.589125</data>
    </avgSatCells>
    <avgIntCells idx="1" type="struct" size="1 1">
      <data idx="1" type="double" size="1 9">214.9684908789386 149.117447587931 146.8428358208955 213.2708596321874 173.0866315190219 156.7443781094528 212.9709203980099 206.8300995024875 160.548175</data>
    </avgIntCells>
    <cornerRatioGrid idx="1" type="struct" size="1 1">
      <data idx="1" type="double" size="1 9">0 0 6 46 60 107 71 91 57</data>
    </cornerRatioGrid>
    <avgR idx="1" type="struct" size="1 1">
      <data idx="1" type="double" size="1 1">133.8133472222222</data>
    </avgR>
    <avgG idx="1" type="struct" size="1 1">
      <data idx="1" type="double" size="1 1">143.3416055555555</data>
    </avgG>
    <avgB idx="1" type="struct" size="1 1">
      <data idx="1" type="double" size="1 1">160.3395972222222</data>
    </avgB>
    <avgRCells idx="1" type="struct" size="1 1">
      <data idx="1" type="double" size="1 9">118.2881364322664 124.1023737036212 143.4748009950248 111.1405410757159 134.6449097794609 152.2294776119403 109.1945273631841 161.0956965174129 150.585175</data>
    </avgRCells>
    <avgGCells idx="1" type="struct" size="1 1">
      <data idx="1" type="double" size="1 9">162.3427390411128 131.9096061978664 123.1922388059702 158.0277468379496 151.5131556149602 124.709776119403 158.6542537313433 181.244104477612 98.531875</data>
    </avgGCells>
    <avgBCells idx="1" type="struct" size="1 1">
      <data idx="1" type="double" size="1 9">214.9684908789386 138.950595282295 115.3900497512438 213.2708596321874 159.9190366575085 119.4854228855722 212.2780845771143 178.5615422885572 89.89722499999998</data>
    </avgBCells>
  </features>
</root>
