<?xml version="1.0"?>
<!-- Written on 15-Jun-2010 21:43:48 using the XML Toolbox for Matlab -->
<root xml_tb_version="3.1" idx="1" type="struct" size="1 1">
  <filename idx="1" type="char" size="1 22">3053_by_zihnisinir.jpg</filename>
  <features idx="1" type="struct" size="1 1">
    <numFaces idx="1" type="struct" size="1 1">
      <data idx="1" type="double" size="1 1">0</data>
    </numFaces>
    <cornerRatio idx="1" type="struct" size="1 1">
      <data idx="1" type="double" size="1 1">0.0003816116435924743</data>
    </cornerRatio>
    <edgeRatio idx="1" type="struct" size="1 1">
      <data idx="1" type="double" size="1 1">0.1027405040823571</data>
    </edgeRatio>
    <gridEdgeRatio idx="1" type="struct" size="1 1">
      <data idx="1" type="double" size="1 9">0.1024363233665563 0.07063755734852095 0.0863650793650795 0.1039392501186524 0.09745293466223702 0.09558730158730175 0.1267090467671864 0.1372188857653975 0.1053685897435897</data>
    </gridEdgeRatio>
    <medianHue idx="1" type="struct" size="1 1">
      <data idx="1" type="double" size="1 1">0</data>
    </medianHue>
    <avgSat idx="1" type="struct" size="1 1">
      <data idx="1" type="double" size="1 1">0.05274050408235701</data>
    </avgSat>
    <avgInt idx="1" type="struct" size="1 1">
      <data idx="1" type="double" size="1 1">96.66253993610232</data>
    </avgInt>
    <medHueCells idx="1" type="struct" size="1 1">
      <data idx="1" type="double" size="1 9">0 0 0 0 0 0 0 0 0</data>
    </medHueCells>
    <avgSatCells idx="1" type="struct" size="1 1">
      <data idx="1" type="double" size="1 9">0.181221325739598 0.03301692770131309 0.1134359826220294 0.03138743869640875 0 0.03807820086889856 0.07528571428571425 0 0.001570512820512821</data>
    </avgSatCells>
    <avgIntCells idx="1" type="struct" size="1 1">
      <data idx="1" type="double" size="1 9">106.1925802879291 96.63065970574267 126.7716585739842 98.1322891947477 94.60362284448662 74.34626565295171 119.9734126984126 85.3504761904762 67.24706730769232</data>
    </avgIntCells>
    <cornerRatioGrid idx="1" type="struct" size="1 1">
      <data idx="1" type="double" size="1 9">4 7 25 12 20 31 31 33 52</data>
    </cornerRatioGrid>
    <avgR idx="1" type="struct" size="1 1">
      <data idx="1" type="double" size="1 1">96.6580741924033</data>
    </avgR>
    <avgG idx="1" type="struct" size="1 1">
      <data idx="1" type="double" size="1 1">96.64421547745832</data>
    </avgG>
    <avgB idx="1" type="struct" size="1 1">
      <data idx="1" type="double" size="1 1">96.63959353922617</data>
    </avgB>
    <avgRCells idx="1" type="struct" size="1 1">
      <data idx="1" type="double" size="1 9">106.1780256288562 96.62812846068651 126.7577945310504 98.1305173232084 94.60362284448662 74.34601009455662 119.9663015873015 85.3504761904762 67.24706730769232</data>
    </avgRCells>
    <avgGCells idx="1" type="struct" size="1 1">
      <data idx="1" type="double" size="1 9">106.1402309761114 96.61744977060583 126.7236455405059 98.11937984496129 94.60362284448662 74.33671415793509 119.9461269841269 85.3504761904762 67.24604166666668</data>
    </avgGCells>
    <avgBCells idx="1" type="struct" size="1 1">
      <data idx="1" type="double" size="1 9">106.1065812371461 96.61578864103772 126.7285011500127 98.12254390128149 94.60362284448662 74.33115576284182 119.9369999999999 85.3504761904762 67.2465544871795</data>
    </avgBCells>
  </features>
</root>
