<?xml version="1.0"?>
<!-- Written on 15-Jun-2010 21:43:48 using the XML Toolbox for Matlab -->
<root xml_tb_version="3.1" idx="1" type="struct" size="1 1">
  <filename idx="1" type="char" size="1 22">3096_by_zihnisinir.jpg</filename>
  <features idx="1" type="struct" size="1 1">
    <numFaces idx="1" type="struct" size="1 1">
      <data idx="1" type="double" size="1 1">0</data>
    </numFaces>
    <cornerRatio idx="1" type="struct" size="1 1">
      <data idx="1" type="double" size="1 1">0.002994799632915265</data>
    </cornerRatio>
    <edgeRatio idx="1" type="struct" size="1 1">
      <data idx="1" type="double" size="1 1">0.3093667788314469</data>
    </edgeRatio>
    <gridEdgeRatio idx="1" type="struct" size="1 1">
      <data idx="1" type="double" size="1 9">0.3244596875170124 0.3731558604170069 0.3427241548260656 0.3189885132560292 0.3448200773041538 0.3405737928030922 0.1802591673559415 0.2446098704163221 0.3122966639095669</data>
    </gridEdgeRatio>
    <medianHue idx="1" type="struct" size="1 1">
      <data idx="1" type="double" size="1 1">75</data>
    </medianHue>
    <avgSat idx="1" type="struct" size="1 1">
      <data idx="1" type="double" size="1 1">47.69933007035788</data>
    </avgSat>
    <avgInt idx="1" type="struct" size="1 1">
      <data idx="1" type="double" size="1 1">130.4238666258793</data>
    </avgInt>
    <medHueCells idx="1" type="struct" size="1 1">
      <data idx="1" type="double" size="1 9">108 111 108 60 25 33 35 28 42</data>
    </medHueCells>
    <avgSatCells idx="1" type="struct" size="1 1">
      <data idx="1" type="double" size="1 9">44.65093363819477 49.50334803201044 83.98177557209813 47.4336654145571 41.94022537971586 49.32484146677697 31.61214546246394 35.46357994447165 46.21006341328923</data>
    </avgSatCells>
    <avgIntCells idx="1" type="struct" size="1 1">
      <data idx="1" type="double" size="1 9">81.47879579726715 84.6957373836355 117.9194926936863 111.8236975338886 99.31740976645432 166.2685414943479 170.7300615166856 170.1926071098046 172.9205679625035</data>
    </avgIntCells>
    <cornerRatioGrid idx="1" type="struct" size="1 1">
      <data idx="1" type="double" size="1 9">86 192 142 61 147 121 44 63 123</data>
    </cornerRatioGrid>
    <avgR idx="1" type="struct" size="1 1">
      <data idx="1" type="double" size="1 1">119.4764392780667</data>
    </avgR>
    <avgG idx="1" type="struct" size="1 1">
      <data idx="1" type="double" size="1 1">120.4379626797186</data>
    </avgG>
    <avgB idx="1" type="struct" size="1 1">
      <data idx="1" type="double" size="1 1">120.27386356684</data>
    </avgB>
    <avgRCells idx="1" type="struct" size="1 1">
      <data idx="1" type="double" size="1 9">68.3096521313082 70.81806304099298 94.7079128756548 102.3413359464314 93.73536937231201 157.3189137027846 163.6777178942784 163.0826936686809 162.4225255031706</data>
    </avgRCells>
    <avgGCells idx="1" type="struct" size="1 1">
      <data idx="1" type="double" size="1 9">72.92149817627521 73.36096140236269 100.2996415770609 105.5016331863465 92.77497414121615 154.898952302178 163.472453590288 161.8665414557135 160.0108629721533</data>
    </avgGCells>
    <avgBCells idx="1" type="struct" size="1 1">
      <data idx="1" type="double" size="1 9">80.62148184441178 82.77734226141871 111.4033636614282 102.1828896510425 90.24791768740812 146.9322580645161 158.8185802166693 156.7131852577714 154.0451337193273</data>
    </avgBCells>
  </features>
</root>
