<?xml version="1.0"?>
<!-- Written on 15-Jun-2010 21:43:48 using the XML Toolbox for Matlab -->
<root xml_tb_version="3.1" idx="1" type="struct" size="1 1">
  <filename idx="1" type="char" size="1 22">3105_by_zihnisinir.jpg</filename>
  <features idx="1" type="struct" size="1 1">
    <numFaces idx="1" type="struct" size="1 1">
      <data idx="1" type="double" size="1 1">0</data>
    </numFaces>
    <cornerRatio idx="1" type="struct" size="1 1">
      <data idx="1" type="double" size="1 1">0.001325170068027211</data>
    </cornerRatio>
    <edgeRatio idx="1" type="struct" size="1 1">
      <data idx="1" type="double" size="1 1">0.1831006802721089</data>
    </edgeRatio>
    <gridEdgeRatio idx="1" type="struct" size="1 1">
      <data idx="1" type="double" size="1 9">0.2029244892492756 0.2613655733313852 0.09434582511505592 0.2917549370540822 0.2081476611391141 0.1171256726812281 0.1870695970695971 0.19989010989011 0.08483516483516479</data>
    </gridEdgeRatio>
    <medianHue idx="1" type="struct" size="1 1">
      <data idx="1" type="double" size="1 1">0</data>
    </medianHue>
    <avgSat idx="1" type="struct" size="1 1">
      <data idx="1" type="double" size="1 1">30.94232789115636</data>
    </avgSat>
    <avgInt idx="1" type="struct" size="1 1">
      <data idx="1" type="double" size="1 1">133.8576884353741</data>
    </avgInt>
    <medHueCells idx="1" type="struct" size="1 1">
      <data idx="1" type="double" size="1 9">3 0 0 0 0 0 0 0 0</data>
    </medHueCells>
    <avgSatCells idx="1" type="struct" size="1 1">
      <data idx="1" type="double" size="1 9">62.51072637397422 23.40558112352983 0.03682539682539687 33.15210509654954 6.531801689921347 16.75117216117216 15.66669101711837 29.45752063700781 91.86002442002427</data>
    </avgSatCells>
    <avgIntCells idx="1" type="struct" size="1 1">
      <data idx="1" type="double" size="1 9">103.5648574281053 118.877638980203 133.3167643467644 150.5045778849198 140.325224632917 131.8122832722833 145.0837777290768 109.748045876251 171.2210866910867</data>
    </avgIntCells>
    <cornerRatioGrid idx="1" type="struct" size="1 1">
      <data idx="1" type="double" size="1 9">101 184 89 168 157 78 59 103 35</data>
    </cornerRatioGrid>
    <avgR idx="1" type="struct" size="1 1">
      <data idx="1" type="double" size="1 1">120.8948680272108</data>
    </avgR>
    <avgG idx="1" type="struct" size="1 1">
      <data idx="1" type="double" size="1 1">124.4750190476189</data>
    </avgG>
    <avgB idx="1" type="struct" size="1 1">
      <data idx="1" type="double" size="1 1">129.4115238095236</data>
    </avgB>
    <avgRCells idx="1" type="struct" size="1 1">
      <data idx="1" type="double" size="1 9">101.5893174568389 118.235590620206 133.3151770451771 134.1281077263984 137.3715513672779 120.6900122100122 138.0244843791853 98.69339128740842 104.9741147741148</data>
    </avgRCells>
    <avgGCells idx="1" type="struct" size="1 1">
      <data idx="1" type="double" size="1 9">81.80333357683783 108.7174130080112 133.3078266178266 146.8326028197822 138.5934083327246 125.1785347985348 143.7889302846568 103.4736041103562 137.9897191697192</data>
    </avgGCells>
    <avgBCells idx="1" type="struct" size="1 1">
      <data idx="1" type="double" size="1 9">78.54558404558405 107.418998222417 133.3088766788767 149.1523364258407 140.1329534662869 131.7242368742369 143.9780480677917 109.7057856673241 170.6282173382174</data>
    </avgBCells>
  </features>
</root>
