<?xml version="1.0"?>
<!-- Written on 15-Jun-2010 21:43:48 using the XML Toolbox for Matlab -->
<root xml_tb_version="3.1" idx="1" type="struct" size="1 1">
  <filename idx="1" type="char" size="1 22">3108_by_zihnisinir.jpg</filename>
  <features idx="1" type="struct" size="1 1">
    <numFaces idx="1" type="struct" size="1 1">
      <data idx="1" type="double" size="1 1">0</data>
    </numFaces>
    <cornerRatio idx="1" type="struct" size="1 1">
      <data idx="1" type="double" size="1 1">0.001936371979198532</data>
    </cornerRatio>
    <edgeRatio idx="1" type="struct" size="1 1">
      <data idx="1" type="double" size="1 1">0.2311746711532579</data>
    </edgeRatio>
    <gridEdgeRatio idx="1" type="struct" size="1 1">
      <data idx="1" type="double" size="1 9">0.3178725025858786 0.3118024933311557 0.2540421362077414 0.2886384669824161 0.2346616582285373 0.1466601339212805 0.2000827129859389 0.2328921974083266 0.09236283429831818</data>
    </gridEdgeRatio>
    <medianHue idx="1" type="struct" size="1 1">
      <data idx="1" type="double" size="1 1">0</data>
    </medianHue>
    <avgSat idx="1" type="struct" size="1 1">
      <data idx="1" type="double" size="1 1">0.03779443254817986</data>
    </avgSat>
    <avgInt idx="1" type="struct" size="1 1">
      <data idx="1" type="double" size="1 1">112.7573936983786</data>
    </avgInt>
    <medHueCells idx="1" type="struct" size="1 1">
      <data idx="1" type="double" size="1 9">0 0 0 0 0 0 0 0 0</data>
    </medHueCells>
    <avgSatCells idx="1" type="struct" size="1 1">
      <data idx="1" type="double" size="1 9">0.05800533507539882 0.01750231368065763 0.1130686517783292 0.02732865153247322 0 0.0021505376344086 0.04994828243235887 0.02259241112744298 0.04841466776950649</data>
    </avgSatCells>
    <avgIntCells idx="1" type="struct" size="1 1">
      <data idx="1" type="double" size="1 9">106.4294463498286 157.397571996298 148.1167080231597 109.18887800098 109.4170069138222 171.0507857733663 107.3139528553541 46.46524035059066 59.94813895781637</data>
    </avgIntCells>
    <cornerRatioGrid idx="1" type="struct" size="1 1">
      <data idx="1" type="double" size="1 9">122 105 90 97 99 51 15 30 24</data>
    </cornerRatioGrid>
    <avgR idx="1" type="struct" size="1 1">
      <data idx="1" type="double" size="1 1">112.7552646069134</data>
    </avgR>
    <avgG idx="1" type="struct" size="1 1">
      <data idx="1" type="double" size="1 1">112.7524166411748</data>
    </avgG>
    <avgB idx="1" type="struct" size="1 1">
      <data idx="1" type="double" size="1 1">112.7514499847047</data>
    </avgB>
    <avgRCells idx="1" type="struct" size="1 1">
      <data idx="1" type="double" size="1 9">106.4286841962002 157.397571996298 148.1025641025642 109.18887800098 109.4170069138222 171.0507857733663 107.3097337906255 46.46524035059066 59.94813895781637</data>
    </avgRCells>
    <avgGCells idx="1" type="struct" size="1 1">
      <data idx="1" type="double" size="1 9">106.4233491208014 157.3944417224671 148.1028673835126 109.1860471446459 109.4170069138222 171.0490212296663 107.3069029342915 46.46366160378899 59.93981251723187</data>
    </avgGCells>
    <avgBCells idx="1" type="struct" size="1 1">
      <data idx="1" type="double" size="1 9">106.4191028363004 157.3912025695464 148.1165977391784 109.179841036529 109.4170069138222 171.0495175075819 107.3034732429636 46.45936087974304 59.9384063964709</data>
    </avgBCells>
  </features>
</root>
