<?xml version="1.0"?>
<!-- Written on 15-Jun-2010 21:43:49 using the XML Toolbox for Matlab -->
<root xml_tb_version="3.1" idx="1" type="struct" size="1 1">
  <filename idx="1" type="char" size="1 22">3109_by_zihnisinir.jpg</filename>
  <features idx="1" type="struct" size="1 1">
    <numFaces idx="1" type="struct" size="1 1">
      <data idx="1" type="double" size="1 1">1</data>
    </numFaces>
    <cornerRatio idx="1" type="struct" size="1 1">
      <data idx="1" type="double" size="1 1">0.001621290914652799</data>
    </cornerRatio>
    <edgeRatio idx="1" type="struct" size="1 1">
      <data idx="1" type="double" size="1 1">0.2045946772713368</data>
    </edgeRatio>
    <gridEdgeRatio idx="1" type="struct" size="1 1">
      <data idx="1" type="double" size="1 9">0.237982470466547 0.2192552670259681 0.1687081495998694 0.3094615929010837 0.245032391529207 0.1171811203658337 0.2346015991177282 0.1990901571546732 0.1108905431486077</data>
    </gridEdgeRatio>
    <medianHue idx="1" type="struct" size="1 1">
      <data idx="1" type="double" size="1 1">0</data>
    </medianHue>
    <avgSat idx="1" type="struct" size="1 1">
      <data idx="1" type="double" size="1 1">0</data>
    </avgSat>
    <avgInt idx="1" type="struct" size="1 1">
      <data idx="1" type="double" size="1 1">106.7784765983481</data>
    </avgInt>
    <medHueCells idx="1" type="struct" size="1 1">
      <data idx="1" type="double" size="1 9">0 0 0 0 0 0 0 0 0</data>
    </medHueCells>
    <avgSatCells idx="1" type="struct" size="1 1">
      <data idx="1" type="double" size="1 9">0 0 0 0 0 0 0 0 0</data>
    </avgSatCells>
    <avgIntCells idx="1" type="struct" size="1 1">
      <data idx="1" type="double" size="1 9">164.5228646088518 160.1560781751865 115.1508133443617 156.4858729381022 138.2739397898634 74.83928866832095 95.90576514780344 30.51320158963471 23.747752963882</data>
    </avgIntCells>
    <cornerRatioGrid idx="1" type="struct" size="1 1">
      <data idx="1" type="double" size="1 9">65 72 45 100 88 24 90 45 1</data>
    </cornerRatioGrid>
    <avgR idx="1" type="struct" size="1 1">
      <data idx="1" type="double" size="1 1">106.7784765983481</data>
    </avgR>
    <avgG idx="1" type="struct" size="1 1">
      <data idx="1" type="double" size="1 1">106.7784765983481</data>
    </avgG>
    <avgB idx="1" type="struct" size="1 1">
      <data idx="1" type="double" size="1 1">106.7784765983481</data>
    </avgB>
    <avgRCells idx="1" type="struct" size="1 1">
      <data idx="1" type="double" size="1 9">164.5228646088518 160.1560781751865 115.1508133443617 156.4858729381022 138.2739397898634 74.83928866832095 95.90576514780344 30.51320158963471 23.747752963882</data>
    </avgRCells>
    <avgGCells idx="1" type="struct" size="1 1">
      <data idx="1" type="double" size="1 9">164.5228646088518 160.1560781751865 115.1508133443617 156.4858729381022 138.2739397898634 74.83928866832095 95.90576514780344 30.51320158963471 23.747752963882</data>
    </avgGCells>
    <avgBCells idx="1" type="struct" size="1 1">
      <data idx="1" type="double" size="1 9">164.5228646088518 160.1560781751865 115.1508133443617 156.4858729381022 138.2739397898634 74.83928866832095 95.90576514780344 30.51320158963471 23.747752963882</data>
    </avgBCells>
  </features>
</root>
