<?xml version="1.0"?>
<!-- Written on 15-Jun-2010 21:43:49 using the XML Toolbox for Matlab -->
<root xml_tb_version="3.1" idx="1" type="struct" size="1 1">
  <filename idx="1" type="char" size="1 22">3114_by_zihnisinir.jpg</filename>
  <features idx="1" type="struct" size="1 1">
    <numFaces idx="1" type="struct" size="1 1">
      <data idx="1" type="double" size="1 1">3</data>
    </numFaces>
    <cornerRatio idx="1" type="struct" size="1 1">
      <data idx="1" type="double" size="1 1">0.002080555555555556</data>
    </cornerRatio>
    <edgeRatio idx="1" type="struct" size="1 1">
      <data idx="1" type="double" size="1 1">0.2224583333333333</data>
    </edgeRatio>
    <gridEdgeRatio idx="1" type="struct" size="1 1">
      <data idx="1" type="double" size="1 9">0.199153486299844 0.2334595678324795 0.2433084577114427 0.1896240192074455 0.180069800252469 0.2573383084577116 0.1937313432835821 0.2179850746268657 0.2869</data>
    </gridEdgeRatio>
    <medianHue idx="1" type="struct" size="1 1">
      <data idx="1" type="double" size="1 1">0</data>
    </medianHue>
    <avgSat idx="1" type="struct" size="1 1">
      <data idx="1" type="double" size="1 1">0.0485722222222224</data>
    </avgSat>
    <avgInt idx="1" type="struct" size="1 1">
      <data idx="1" type="double" size="1 1">137.6318416666668</data>
    </avgInt>
    <medHueCells idx="1" type="struct" size="1 1">
      <data idx="1" type="double" size="1 9">0 0 0 0 0 0 0 0 0</data>
    </medHueCells>
    <avgSatCells idx="1" type="struct" size="1 1">
      <data idx="1" type="double" size="1 9">0.09380955916932764 0.1628920076235737 0.02388059701492537 0.007772084849384914 0 0.0008208955223880598 0.05537313432835826 0.07313432835820896 0.017175</data>
    </avgSatCells>
    <avgIntCells idx="1" type="struct" size="1 1">
      <data idx="1" type="double" size="1 9">169.0419049033439 154.7157991138833 84.46246268656715 150.0570530432415 116.5939456944135 111.2275870646766 163.0648507462687 169.9774626865672 118.341825</data>
    </avgIntCells>
    <cornerRatioGrid idx="1" type="struct" size="1 1">
      <data idx="1" type="double" size="1 9">94 96 109 87 70 112 54 58 69</data>
    </cornerRatioGrid>
    <avgR idx="1" type="struct" size="1 1">
      <data idx="1" type="double" size="1 1">137.6315222222224</data>
    </avgR>
    <avgG idx="1" type="struct" size="1 1">
      <data idx="1" type="double" size="1 1">137.6287388888891</data>
    </avgG>
    <avgB idx="1" type="struct" size="1 1">
      <data idx="1" type="double" size="1 1">137.6221833333333</data>
    </avgB>
    <avgRCells idx="1" type="struct" size="1 1">
      <data idx="1" type="double" size="1 9">169.0417316403058 154.7150318061435 84.46216417910446 150.0570530432415 116.5939456944135 111.2271890547264 163.0647014925374 169.9769402985075 118.341275</data>
    </avgRCells>
    <avgGCells idx="1" type="struct" size="1 1">
      <data idx="1" type="double" size="1 9">169.0342565778074 154.7096854038267 84.45825870646765 150.0562362317764 116.5939456944135 111.2271890547264 163.0594278606965 169.9748756218906 118.341225</data>
    </avgGCells>
    <avgBCells idx="1" type="struct" size="1 1">
      <data idx="1" type="double" size="1 9">169.0214103611297 154.7017648078019 84.45176616915421 150.0518304002376 116.5939456944135 111.2275870646766 163.0434825870647 169.9683333333334 118.33615</data>
    </avgBCells>
  </features>
</root>
