<?xml version="1.0"?>
<!-- Written on 15-Jun-2010 21:43:49 using the XML Toolbox for Matlab -->
<root xml_tb_version="3.1" idx="1" type="struct" size="1 1">
  <filename idx="1" type="char" size="1 22">3273_by_zihnisinir.jpg</filename>
  <features idx="1" type="struct" size="1 1">
    <numFaces idx="1" type="struct" size="1 1">
      <data idx="1" type="double" size="1 1">0</data>
    </numFaces>
    <cornerRatio idx="1" type="struct" size="1 1">
      <data idx="1" type="double" size="1 1">0.0006733333333333333</data>
    </cornerRatio>
    <edgeRatio idx="1" type="struct" size="1 1">
      <data idx="1" type="double" size="1 1">0.1986644444444444</data>
    </edgeRatio>
    <gridEdgeRatio idx="1" type="struct" size="1 1">
      <data idx="1" type="double" size="1 9">0.2479633703990011 0.2967830171849914 0.194342629482072 0.2421557550890966 0.233295673029276 0.0850796812749006 0.196 0.240636815920398 0.04983999999999995</data>
    </gridEdgeRatio>
    <medianHue idx="1" type="struct" size="1 1">
      <data idx="1" type="double" size="1 1">0</data>
    </medianHue>
    <avgSat idx="1" type="struct" size="1 1">
      <data idx="1" type="double" size="1 1">0.007166666666666657</data>
    </avgSat>
    <avgInt idx="1" type="struct" size="1 1">
      <data idx="1" type="double" size="1 1">107.1165844444444</data>
    </avgInt>
    <medHueCells idx="1" type="struct" size="1 1">
      <data idx="1" type="double" size="1 9">0 0 0 0 0 0 0 0 0</data>
    </medHueCells>
    <avgSatCells idx="1" type="struct" size="1 1">
      <data idx="1" type="double" size="1 9">0.03460783730748646 0.009712394204277415 0.01546268656716418 0.0004757091038829756 0 0 0.002768924302788845 0.0007370517928286853 0.0003</data>
    </avgSatCells>
    <avgIntCells idx="1" type="struct" size="1 1">
      <data idx="1" type="double" size="1 9">95.90148857307094 118.0443995163624 181.0273034825871 155.1386097401439 100.2989435293651 117.6696517412935 88.8478884462151 50.75276892430274 56.35776000000001</data>
    </avgIntCells>
    <cornerRatioGrid idx="1" type="struct" size="1 1">
      <data idx="1" type="double" size="1 9">67 20 34 43 43 12 29 53 2</data>
    </cornerRatioGrid>
    <avgR idx="1" type="struct" size="1 1">
      <data idx="1" type="double" size="1 1">107.11632</data>
    </avgR>
    <avgG idx="1" type="struct" size="1 1">
      <data idx="1" type="double" size="1 1">107.1154222222222</data>
    </avgG>
    <avgB idx="1" type="struct" size="1 1">
      <data idx="1" type="double" size="1 1">107.1147511111111</data>
    </avgB>
    <avgRCells idx="1" type="struct" size="1 1">
      <data idx="1" type="double" size="1 9">95.9001605518226 118.0441616618104 181.027263681592 155.1382926007413 100.2989435293651 117.6696517412935 88.8478884462151 50.75245019920315 56.35764000000001</data>
    </avgRCells>
    <avgGCells idx="1" type="struct" size="1 1">
      <data idx="1" type="double" size="1 9">95.89702880022205 118.0426750708608 181.0238805970149 155.1386097401439 100.2989435293651 117.6696517412935 88.84752988047804 50.75245019920315 56.35764000000001</data>
    </avgGCells>
    <avgBCells idx="1" type="struct" size="1 1">
      <data idx="1" type="double" size="1 9">95.8975639729639 118.0412083011238 181.0186467661692 155.1384511704426 100.2989435293651 117.6696517412935 88.84737051792823 50.75276892430274 56.35776000000001</data>
    </avgBCells>
  </features>
</root>
