<?xml version="1.0"?>
<!-- Written on 15-Jun-2010 21:43:49 using the XML Toolbox for Matlab -->
<root xml_tb_version="3.1" idx="1" type="struct" size="1 1">
  <filename idx="1" type="char" size="1 22">3306_by_zihnisinir.jpg</filename>
  <features idx="1" type="struct" size="1 1">
    <numFaces idx="1" type="struct" size="1 1">
      <data idx="1" type="double" size="1 1">1</data>
    </numFaces>
    <cornerRatio idx="1" type="struct" size="1 1">
      <data idx="1" type="double" size="1 1">0.0003150810645457326</data>
    </cornerRatio>
    <edgeRatio idx="1" type="struct" size="1 1">
      <data idx="1" type="double" size="1 1">0.1179412664423371</data>
    </edgeRatio>
    <gridEdgeRatio idx="1" type="struct" size="1 1">
      <data idx="1" type="double" size="1 9">0.05258860035930104 0.06453808046164743 0.0719690783385052 0.0348957482715445 0.1148402199357615 0.09491534650770322 0.1344913151364763 0.2905155776123519 0.2073338847532396</data>
    </gridEdgeRatio>
    <medianHue idx="1" type="struct" size="1 1">
      <data idx="1" type="double" size="1 1">0</data>
    </medianHue>
    <avgSat idx="1" type="struct" size="1 1">
      <data idx="1" type="double" size="1 1">0.03926888956867541</data>
    </avgSat>
    <avgInt idx="1" type="struct" size="1 1">
      <data idx="1" type="double" size="1 1">101.6284735393086</data>
    </avgInt>
    <medHueCells idx="1" type="struct" size="1 1">
      <data idx="1" type="double" size="1 9">0 0 0 0 0 0 0 0 0</data>
    </medHueCells>
    <avgSatCells idx="1" type="struct" size="1 1">
      <data idx="1" type="double" size="1 9">0.0882465022592412 0.008220371277696118 0.01326164874551971 0.02490609178507266 0 0 0.07654200010887913 0.05517447874135772 0.0855803694513372</data>
    </avgSatCells>
    <avgIntCells idx="1" type="struct" size="1 1">
      <data idx="1" type="double" size="1 9">98.07648756056403 59.95693831999565 113.5291976840364 115.3334966519679 106.0894986117916 148.3970223325062 78.76754314333941 71.92835755893081 124.1973807554452</data>
    </avgIntCells>
    <cornerRatioGrid idx="1" type="struct" size="1 1">
      <data idx="1" type="double" size="1 9">15 14 1 0 36 19 2 9 7</data>
    </cornerRatioGrid>
    <avgR idx="1" type="struct" size="1 1">
      <data idx="1" type="double" size="1 1">101.6233649434077</data>
    </avgR>
    <avgG idx="1" type="struct" size="1 1">
      <data idx="1" type="double" size="1 1">101.6218476598347</data>
    </avgG>
    <avgB idx="1" type="struct" size="1 1">
      <data idx="1" type="double" size="1 1">101.6239216885897</data>
    </avgB>
    <avgRCells idx="1" type="struct" size="1 1">
      <data idx="1" type="double" size="1 9">98.07362948445753 59.95693831999565 113.5291976840364 115.3334966519679 106.0894986117916 148.3970223325062 78.75333442212431 71.9162991997387 124.180617590295</data>
    </avgRCells>
    <avgGCells idx="1" type="struct" size="1 1">
      <data idx="1" type="double" size="1 9">98.0632587511569 59.95606728727748 113.5236834849739 115.3309379933584 106.0894986117916 148.3970223325062 78.75401491643535 71.91806848494747 124.1840088227185</data>
    </avgGCells>
    <avgBCells idx="1" type="struct" size="1 1">
      <data idx="1" type="double" size="1 9">98.05974740051175 59.95541401273886 113.5225806451613 115.3255484784147 106.0894986117916 148.3970223325062 78.75981272796565 71.92835755893081 124.1972980424593</data>
    </avgBCells>
  </features>
</root>
