<?xml version="1.0"?>
<!-- Written on 15-Jun-2010 21:43:49 using the XML Toolbox for Matlab -->
<root xml_tb_version="3.1" idx="1" type="struct" size="1 1">
  <filename idx="1" type="char" size="1 22">3309_by_zihnisinir.jpg</filename>
  <features idx="1" type="struct" size="1 1">
    <numFaces idx="1" type="struct" size="1 1">
      <data idx="1" type="double" size="1 1">0</data>
    </numFaces>
    <cornerRatio idx="1" type="struct" size="1 1">
      <data idx="1" type="double" size="1 1">0.0001518518518518519</data>
    </cornerRatio>
    <edgeRatio idx="1" type="struct" size="1 1">
      <data idx="1" type="double" size="1 1">0.03751296296296296</data>
    </edgeRatio>
    <gridEdgeRatio idx="1" type="struct" size="1 1">
      <data idx="1" type="double" size="1 9">0.05408175071486424 0.06923852498305813 0.05347176079734225 0.06259400671063295 0.00788416720384787 0.02426910299003321 0.02721393034825869 0.01935323383084577 0.02021666666666667</data>
    </gridEdgeRatio>
    <medianHue idx="1" type="struct" size="1 1">
      <data idx="1" type="double" size="1 1">0</data>
    </medianHue>
    <avgSat idx="1" type="struct" size="1 1">
      <data idx="1" type="double" size="1 1">0.06657777777777787</data>
    </avgSat>
    <avgInt idx="1" type="struct" size="1 1">
      <data idx="1" type="double" size="1 1">106.6905444444445</data>
    </avgInt>
    <medHueCells idx="1" type="struct" size="1 1">
      <data idx="1" type="double" size="1 9">0 0 0 0 0 0 0 0 0</data>
    </medHueCells>
    <avgSatCells idx="1" type="struct" size="1 1">
      <data idx="1" type="double" size="1 9">0.02380125948331433 0.1330225946678567 0.2427529021558865 0.02590039834052329 0 0.03101160862354892 0.04519933554817276 0.02235880398671096 0.07369999999999999</data>
    </avgSatCells>
    <avgIntCells idx="1" type="struct" size="1 1">
      <data idx="1" type="double" size="1 9">154.6214442736483 103.6398902497479 67.9871641791045 76.30956513115483 98.18636055602387 53.35028192371472 164.5886710963455 173.6002990033222 68.16388333333333</data>
    </avgIntCells>
    <cornerRatioGrid idx="1" type="struct" size="1 1">
      <data idx="1" type="double" size="1 9">23 14 11 18 2 0 3 0 11</data>
    </cornerRatioGrid>
    <avgR idx="1" type="struct" size="1 1">
      <data idx="1" type="double" size="1 1">106.6889870370371</data>
    </avgR>
    <avgG idx="1" type="struct" size="1 1">
      <data idx="1" type="double" size="1 1">106.6668314814815</data>
    </avgG>
    <avgB idx="1" type="struct" size="1 1">
      <data idx="1" type="double" size="1 1">106.6656648148148</data>
    </avgB>
    <avgRCells idx="1" type="struct" size="1 1">
      <data idx="1" type="double" size="1 9">154.6214442736483 103.639146460389 67.98064676616914 76.30956513115483 98.18636055602387 53.34958540630178 164.5876245847175 173.5966112956811 68.16251666666665</data>
    </avgRCells>
    <avgGCells idx="1" type="struct" size="1 1">
      <data idx="1" type="double" size="1 9">154.6194938926628 103.5834944876944 67.91096185737979 76.30956513115483 98.18636055602387 53.34426202321722 164.5825415282391 173.5830066445182 68.11499999999998</data>
    </avgGCells>
    <avgBCells idx="1" type="struct" size="1 1">
      <data idx="1" type="double" size="1 9">154.6172625245864 103.5791970380654 67.91283582089555 76.30797838052261 98.18636055602387 53.34414593698176 164.5755149501661 173.5874584717608 68.11359999999999</data>
    </avgBCells>
  </features>
</root>
