<?xml version="1.0"?>
<!-- Written on 15-Jun-2010 21:43:50 using the XML Toolbox for Matlab -->
<root xml_tb_version="3.1" idx="1" type="struct" size="1 1">
  <filename idx="1" type="char" size="1 36">3342de71528b54cc34aa2e34ad440bcb.jpg</filename>
  <features idx="1" type="struct" size="1 1">
    <numFaces idx="1" type="struct" size="1 1">
      <data idx="1" type="double" size="1 1">0</data>
    </numFaces>
    <cornerRatio idx="1" type="struct" size="1 1">
      <data idx="1" type="double" size="1 1">0.0001618122977346278</data>
    </cornerRatio>
    <edgeRatio idx="1" type="struct" size="1 1">
      <data idx="1" type="double" size="1 1">0.03708940129449839</data>
    </edgeRatio>
    <gridEdgeRatio idx="1" type="struct" size="1 1">
      <data idx="1" type="double" size="1 9">0.003695291657653761 0.1230081476674598 0 0.03147306943543154 0.07266205205854782 0.0066657006230981 0.01810686135628927 0.03486978315353598 0.04222935980728523</data>
    </gridEdgeRatio>
    <medianHue idx="1" type="struct" size="1 1">
      <data idx="1" type="double" size="1 1">0</data>
    </medianHue>
    <avgSat idx="1" type="struct" size="1 1">
      <data idx="1" type="double" size="1 1">21.44603559870549</data>
    </avgSat>
    <avgInt idx="1" type="struct" size="1 1">
      <data idx="1" type="double" size="1 1">216.4843588187702</data>
    </avgInt>
    <medHueCells idx="1" type="struct" size="1 1">
      <data idx="1" type="double" size="1 9">0 0 0 5 9 8 0 0 0</data>
    </medHueCells>
    <avgSatCells idx="1" type="struct" size="1 1">
      <data idx="1" type="double" size="1 9">2.432799769269594 11.49648496647199 6.468925938033487 63.19411997981111 40.33573076645759 52.68106861356291 0 1.101905520938995 15.25881451200818</data>
    </avgSatCells>
    <avgIntCells idx="1" type="struct" size="1 1">
      <data idx="1" type="double" size="1 9">253.5323383084577 201.5057141827097 223.9380879735571 175.8121169514744 178.871187540558 192.1322145944572 255 248.4663092305463 219.3867618074312</data>
    </avgIntCells>
    <cornerRatioGrid idx="1" type="struct" size="1 1">
      <data idx="1" type="double" size="1 9">0 33 0 4 13 0 5 9 16</data>
    </cornerRatioGrid>
    <avgR idx="1" type="struct" size="1 1">
      <data idx="1" type="double" size="1 1">215.9082928802589</data>
    </avgR>
    <avgG idx="1" type="struct" size="1 1">
      <data idx="1" type="double" size="1 1">206.277449433657</data>
    </avgG>
    <avgB idx="1" type="struct" size="1 1">
      <data idx="1" type="double" size="1 1">203.7186347087379</data>
    </avgB>
    <avgRCells idx="1" type="struct" size="1 1">
      <data idx="1" type="double" size="1 9">253.4932403201384 200.6751748503858 223.2607061131088 175.3654192804095 176.8350998630038 191.3758490428972 255 248.3990363715404 219.0711548288196</data>
    </avgRCells>
    <avgGCells idx="1" type="struct" size="1 1">
      <data idx="1" type="double" size="1 9">251.9523036988969 197.6825474078881 222.3588137009191 153.8319273199222 156.0770423246088 159.8753768479168 255 248.3718301695406 211.4764398861231</data>
    </avgGCells>
    <avgBCells idx="1" type="struct" size="1 1">
      <data idx="1" type="double" size="1 9">251.6520297065397 197.3447436729395 222.630725364135 149.9694822986517 149.7826086956523 149.7079110820529 255 248.410864367483 209.0018249507264</data>
    </avgBCells>
  </features>
</root>
