<?xml version="1.0"?>
<!-- Written on 15-Jun-2010 21:43:50 using the XML Toolbox for Matlab -->
<root xml_tb_version="3.1" idx="1" type="struct" size="1 1">
  <filename idx="1" type="char" size="1 22">3370_by_zihnisinir.jpg</filename>
  <features idx="1" type="struct" size="1 1">
    <numFaces idx="1" type="struct" size="1 1">
      <data idx="1" type="double" size="1 1">0</data>
    </numFaces>
    <cornerRatio idx="1" type="struct" size="1 1">
      <data idx="1" type="double" size="1 1">0.0004405016824717039</data>
    </cornerRatio>
    <edgeRatio idx="1" type="struct" size="1 1">
      <data idx="1" type="double" size="1 1">0.1065341082899969</data>
    </edgeRatio>
    <gridEdgeRatio idx="1" type="struct" size="1 1">
      <data idx="1" type="double" size="1 9">0.01769285208775655 0.009826337851815569 0.01793783003974089 0.1684903914203277 0.2315313843976267 0.1590451303827099 0.1095947063688999 0.1441963054866281 0.1013234077750207</data>
    </gridEdgeRatio>
    <medianHue idx="1" type="struct" size="1 1">
      <data idx="1" type="double" size="1 1">43</data>
    </medianHue>
    <avgSat idx="1" type="struct" size="1 1">
      <data idx="1" type="double" size="1 1">110.7391710003059</data>
    </avgSat>
    <avgInt idx="1" type="struct" size="1 1">
      <data idx="1" type="double" size="1 1">155.8172285102477</data>
    </avgInt>
    <medHueCells idx="1" type="struct" size="1 1">
      <data idx="1" type="double" size="1 9">110 19 175 109 20 21 111 18 14</data>
    </medHueCells>
    <avgSatCells idx="1" type="struct" size="1 1">
      <data idx="1" type="double" size="1 9">54.54975774402526 91.14989928684197 207.626688723463 43.9184767815341 52.42038216560511 197.1626137303557 47.58285698731558 93.43189612934833 211.9340777502068</data>
    </avgSatCells>
    <avgIntCells idx="1" type="struct" size="1 1">
      <data idx="1" type="double" size="1 9">188.5628776743426 103.8670858511623 140.3022332506203 193.7324568566607 108.2760629321139 168.8379928315412 204.0202787304698 128.3146061298928 166.9890543148608</data>
    </avgIntCells>
    <cornerRatioGrid idx="1" type="struct" size="1 1">
      <data idx="1" type="double" size="1 9">10 7 9 37 20 32 8 17 4</data>
    </cornerRatioGrid>
    <avgR idx="1" type="struct" size="1 1">
      <data idx="1" type="double" size="1 1">143.6004435607218</data>
    </avgR>
    <avgG idx="1" type="struct" size="1 1">
      <data idx="1" type="double" size="1 1">107.4337626185378</data>
    </avgG>
    <avgB idx="1" type="struct" size="1 1">
      <data idx="1" type="double" size="1 1">101.8774151116549</data>
    </avgB>
    <avgRCells idx="1" type="struct" size="1 1">
      <data idx="1" type="double" size="1 9">155.5342969132779 97.86185965485323 140.0888337468983 161.293592465567 106.3574772714901 168.5853046594982 173.4059012466656 123.6622298437585 166.5523297491039</data>
    </avgRCells>
    <avgGCells idx="1" type="struct" size="1 1">
      <data idx="1" type="double" size="1 9">163.5112145462464 76.63479231313627 35.3554452715743 171.896455985628 98.4109913441123 57.75685139233526 180.2426642713268 100.4286841962001 81.0572373862697</data>
    </avgGCells>
    <avgBCells idx="1" type="struct" size="1 1">
      <data idx="1" type="double" size="1 9">187.5931188415265 72.35565354673632 27.75798180314309 193.6439381566771 89.31762752463382 37.93278191342706 203.1077630791006 78.4099297729871 24.43677970774744</data>
    </avgBCells>
  </features>
</root>
