<?xml version="1.0"?>
<!-- Written on 15-Jun-2010 21:43:50 using the XML Toolbox for Matlab -->
<root xml_tb_version="3.1" idx="1" type="struct" size="1 1">
  <filename idx="1" type="char" size="1 22">3427_by_zihnisinir.jpg</filename>
  <features idx="1" type="struct" size="1 1">
    <numFaces idx="1" type="struct" size="1 1">
      <data idx="1" type="double" size="1 1">2</data>
    </numFaces>
    <cornerRatio idx="1" type="struct" size="1 1">
      <data idx="1" type="double" size="1 1">0.001610738255033557</data>
    </cornerRatio>
    <edgeRatio idx="1" type="struct" size="1 1">
      <data idx="1" type="double" size="1 1">0.1949209012464046</data>
    </edgeRatio>
    <gridEdgeRatio idx="1" type="struct" size="1 1">
      <data idx="1" type="double" size="1 9">0.1982478632478632 0.2485256410256411 0.1606196581196583 0.229294871794872 0.2401923076923077 0.08683760683760694 0.2386255719589052 0.2652594319260988 0.08775792109125446</data>
    </gridEdgeRatio>
    <medianHue idx="1" type="struct" size="1 1">
      <data idx="1" type="double" size="1 1">0</data>
    </medianHue>
    <avgSat idx="1" type="struct" size="1 1">
      <data idx="1" type="double" size="1 1">0</data>
    </avgSat>
    <avgInt idx="1" type="struct" size="1 1">
      <data idx="1" type="double" size="1 1">131.3853523489933</data>
    </avgInt>
    <medHueCells idx="1" type="struct" size="1 1">
      <data idx="1" type="double" size="1 9">0 0 0 0 0 0 0 0 0</data>
    </medHueCells>
    <avgSatCells idx="1" type="struct" size="1 1">
      <data idx="1" type="double" size="1 9">0 0 0 0 0 0 0 0 0</data>
    </avgSatCells>
    <avgIntCells idx="1" type="struct" size="1 1">
      <data idx="1" type="double" size="1 9">121.5145085470086 96.60014957264956 152.2339204005871 149.2766025641025 160.0301495726496 171.0635413968747 113.1697435897435 125.0161538461538 94.39812656479319</data>
    </avgIntCells>
    <cornerRatioGrid idx="1" type="struct" size="1 1">
      <data idx="1" type="double" size="1 9">86 110 32 110 110 34 73 104 13</data>
    </cornerRatioGrid>
    <avgR idx="1" type="struct" size="1 1">
      <data idx="1" type="double" size="1 1">131.3853523489933</data>
    </avgR>
    <avgG idx="1" type="struct" size="1 1">
      <data idx="1" type="double" size="1 1">131.3853523489933</data>
    </avgG>
    <avgB idx="1" type="struct" size="1 1">
      <data idx="1" type="double" size="1 1">131.3853523489933</data>
    </avgB>
    <avgRCells idx="1" type="struct" size="1 1">
      <data idx="1" type="double" size="1 9">121.5145085470086 96.60014957264956 152.2339204005871 149.2766025641025 160.0301495726496 171.0635413968747 113.1697435897435 125.0161538461538 94.39812656479319</data>
    </avgRCells>
    <avgGCells idx="1" type="struct" size="1 1">
      <data idx="1" type="double" size="1 9">121.5145085470086 96.60014957264956 152.2339204005871 149.2766025641025 160.0301495726496 171.0635413968747 113.1697435897435 125.0161538461538 94.39812656479319</data>
    </avgGCells>
    <avgBCells idx="1" type="struct" size="1 1">
      <data idx="1" type="double" size="1 9">121.5145085470086 96.60014957264956 152.2339204005871 149.2766025641025 160.0301495726496 171.0635413968747 113.1697435897435 125.0161538461538 94.39812656479319</data>
    </avgBCells>
  </features>
</root>
