<?xml version="1.0"?>
<!-- Written on 15-Jun-2010 21:43:50 using the XML Toolbox for Matlab -->
<root xml_tb_version="3.1" idx="1" type="struct" size="1 1">
  <filename idx="1" type="char" size="1 22">3432_by_zihnisinir.jpg</filename>
  <features idx="1" type="struct" size="1 1">
    <numFaces idx="1" type="struct" size="1 1">
      <data idx="1" type="double" size="1 1">0</data>
    </numFaces>
    <cornerRatio idx="1" type="struct" size="1 1">
      <data idx="1" type="double" size="1 1">0.002109322602280349</data>
    </cornerRatio>
    <edgeRatio idx="1" type="struct" size="1 1">
      <data idx="1" type="double" size="1 1">0.3252079141515761</data>
    </edgeRatio>
    <gridEdgeRatio idx="1" type="struct" size="1 1">
      <data idx="1" type="double" size="1 9">0.3382045305122229 0.3391010698703004 0.3356942203096049 0.3056601518139982 0.3292391369314445 0.3065268065268064 0.3124172384735762 0.3253581316961597 0.3358613217768146</data>
    </gridEdgeRatio>
    <medianHue idx="1" type="struct" size="1 1">
      <data idx="1" type="double" size="1 1">0</data>
    </medianHue>
    <avgSat idx="1" type="struct" size="1 1">
      <data idx="1" type="double" size="1 1">0</data>
    </avgSat>
    <avgInt idx="1" type="struct" size="1 1">
      <data idx="1" type="double" size="1 1">133.8065325285045</data>
    </avgInt>
    <medHueCells idx="1" type="struct" size="1 1">
      <data idx="1" type="double" size="1 9">0 0 0 0 0 0 0 0 0</data>
    </medHueCells>
    <avgSatCells idx="1" type="struct" size="1 1">
      <data idx="1" type="double" size="1 9">0 0 0 0 0 0 0 0 0</data>
    </avgSatCells>
    <avgIntCells idx="1" type="struct" size="1 1">
      <data idx="1" type="double" size="1 9">152.9897495666726 109.4373318988703 152.3501865896231 157.3251748251749 89.39435777897313 123.8067593595762 164.5221445221445 92.47169924092995 161.6647405802336</data>
    </avgIntCells>
    <cornerRatioGrid idx="1" type="struct" size="1 1">
      <data idx="1" type="double" size="1 9">135 94 105 92 63 78 15 43 4</data>
    </cornerRatioGrid>
    <avgR idx="1" type="struct" size="1 1">
      <data idx="1" type="double" size="1 1">133.8065325285045</data>
    </avgR>
    <avgG idx="1" type="struct" size="1 1">
      <data idx="1" type="double" size="1 1">133.8065325285045</data>
    </avgG>
    <avgB idx="1" type="struct" size="1 1">
      <data idx="1" type="double" size="1 1">133.8065325285045</data>
    </avgB>
    <avgRCells idx="1" type="struct" size="1 1">
      <data idx="1" type="double" size="1 9">152.9897495666726 109.4373318988703 152.3501865896231 157.3251748251749 89.39435777897313 123.8067593595762 164.5221445221445 92.47169924092995 161.6647405802336</data>
    </avgRCells>
    <avgGCells idx="1" type="struct" size="1 1">
      <data idx="1" type="double" size="1 9">152.9897495666726 109.4373318988703 152.3501865896231 157.3251748251749 89.39435777897313 123.8067593595762 164.5221445221445 92.47169924092995 161.6647405802336</data>
    </avgGCells>
    <avgBCells idx="1" type="struct" size="1 1">
      <data idx="1" type="double" size="1 9">152.9897495666726 109.4373318988703 152.3501865896231 157.3251748251749 89.39435777897313 123.8067593595762 164.5221445221445 92.47169924092995 161.6647405802336</data>
    </avgBCells>
  </features>
</root>
