<?xml version="1.0"?>
<!-- Written on 15-Jun-2010 21:43:51 using the XML Toolbox for Matlab -->
<root xml_tb_version="3.1" idx="1" type="struct" size="1 1">
  <filename idx="1" type="char" size="1 22">3444_by_zihnisinir.jpg</filename>
  <features idx="1" type="struct" size="1 1">
    <numFaces idx="1" type="struct" size="1 1">
      <data idx="1" type="double" size="1 1">0</data>
    </numFaces>
    <cornerRatio idx="1" type="struct" size="1 1">
      <data idx="1" type="double" size="1 1">0.0013</data>
    </cornerRatio>
    <edgeRatio idx="1" type="struct" size="1 1">
      <data idx="1" type="double" size="1 1">0.2146537037037037</data>
    </edgeRatio>
    <gridEdgeRatio idx="1" type="struct" size="1 1">
      <data idx="1" type="double" size="1 9">0.1765260078345812 0.1521297168641841 0.193687707641196 0.201633030858994 0.2127898712417977 0.1773089700996678 0.2886898839137648 0.2660364842454396 0.2634833333333331</data>
    </gridEdgeRatio>
    <medianHue idx="1" type="struct" size="1 1">
      <data idx="1" type="double" size="1 1">0</data>
    </medianHue>
    <avgSat idx="1" type="struct" size="1 1">
      <data idx="1" type="double" size="1 1">0</data>
    </avgSat>
    <avgInt idx="1" type="struct" size="1 1">
      <data idx="1" type="double" size="1 1">110.5092611111111</data>
    </avgInt>
    <medHueCells idx="1" type="struct" size="1 1">
      <data idx="1" type="double" size="1 9">0 0 0 0 0 0 0 0 0</data>
    </medHueCells>
    <avgSatCells idx="1" type="struct" size="1 1">
      <data idx="1" type="double" size="1 9">0 0 0 0 0 0 0 0 0</data>
    </avgSatCells>
    <avgIntCells idx="1" type="struct" size="1 1">
      <data idx="1" type="double" size="1 9">113.6215269169105 81.16376588816712 110.1089718076285 184.0392720781475 94.4206046181055 107.1660696517413 122.6151495016612 72.47347176079737 108.9681</data>
    </avgIntCells>
    <cornerRatioGrid idx="1" type="struct" size="1 1">
      <data idx="1" type="double" size="1 9">59 78 84 42 86 49 99 103 102</data>
    </cornerRatioGrid>
    <avgR idx="1" type="struct" size="1 1">
      <data idx="1" type="double" size="1 1">110.5092611111111</data>
    </avgR>
    <avgG idx="1" type="struct" size="1 1">
      <data idx="1" type="double" size="1 1">110.5092611111111</data>
    </avgG>
    <avgB idx="1" type="struct" size="1 1">
      <data idx="1" type="double" size="1 1">110.5092611111111</data>
    </avgB>
    <avgRCells idx="1" type="struct" size="1 1">
      <data idx="1" type="double" size="1 9">113.6215269169105 81.16376588816712 110.1089718076285 184.0392720781475 94.4206046181055 107.1660696517413 122.6151495016612 72.47347176079737 108.9681</data>
    </avgRCells>
    <avgGCells idx="1" type="struct" size="1 1">
      <data idx="1" type="double" size="1 9">113.6215269169105 81.16376588816712 110.1089718076285 184.0392720781475 94.4206046181055 107.1660696517413 122.6151495016612 72.47347176079737 108.9681</data>
    </avgGCells>
    <avgBCells idx="1" type="struct" size="1 1">
      <data idx="1" type="double" size="1 9">113.6215269169105 81.16376588816712 110.1089718076285 184.0392720781475 94.4206046181055 107.1660696517413 122.6151495016612 72.47347176079737 108.9681</data>
    </avgBCells>
  </features>
</root>
