<?xml version="1.0"?>
<!-- Written on 15-Jun-2010 21:43:51 using the XML Toolbox for Matlab -->
<root xml_tb_version="3.1" idx="1" type="struct" size="1 1">
  <filename idx="1" type="char" size="1 22">3478_by_zihnisinir.jpg</filename>
  <features idx="1" type="struct" size="1 1">
    <numFaces idx="1" type="struct" size="1 1">
      <data idx="1" type="double" size="1 1">0</data>
    </numFaces>
    <cornerRatio idx="1" type="struct" size="1 1">
      <data idx="1" type="double" size="1 1">0.0008685185185185185</data>
    </cornerRatio>
    <edgeRatio idx="1" type="struct" size="1 1">
      <data idx="1" type="double" size="1 1">0.08395185185185185</data>
    </edgeRatio>
    <gridEdgeRatio idx="1" type="struct" size="1 1">
      <data idx="1" type="double" size="1 9">0.02085915935273797 0.08330440819160016 0.05312292358803988 0.1114361746086841 0.02282606899059521 0.03267441860465119 0.2366998341625207 0.1033001658374792 0.09079999999999991</data>
    </gridEdgeRatio>
    <medianHue idx="1" type="struct" size="1 1">
      <data idx="1" type="double" size="1 1">0</data>
    </medianHue>
    <avgSat idx="1" type="struct" size="1 1">
      <data idx="1" type="double" size="1 1">0.05435000000000012</data>
    </avgSat>
    <avgInt idx="1" type="struct" size="1 1">
      <data idx="1" type="double" size="1 1">106.1383296296297</data>
    </avgInt>
    <medHueCells idx="1" type="struct" size="1 1">
      <data idx="1" type="double" size="1 9">0 0 0 0 0 0 0 0 0</data>
    </medHueCells>
    <avgSatCells idx="1" type="struct" size="1 1">
      <data idx="1" type="double" size="1 9">0.1688567131121799 0.0597180211897324 0.04341625207296847 0.02761937819209601 0 0.01205638474295191 0.1263787375415282 0.03433554817275748 0.01503333333333334</data>
    </avgSatCells>
    <avgIntCells idx="1" type="struct" size="1 1">
      <data idx="1" type="double" size="1 9">34.53741260475032 62.24819424472319 118.87 94.06307333763074 116.3661427083849 160.4054063018241 89.76561461794019 108.3846843853821 172.15335</data>
    </avgIntCells>
    <cornerRatioGrid idx="1" type="struct" size="1 1">
      <data idx="1" type="double" size="1 9">6 6 6 63 26 29 185 75 73</data>
    </cornerRatioGrid>
    <avgR idx="1" type="struct" size="1 1">
      <data idx="1" type="double" size="1 1">106.1360148148149</data>
    </avgR>
    <avgG idx="1" type="struct" size="1 1">
      <data idx="1" type="double" size="1 1">106.1320833333334</data>
    </avgG>
    <avgB idx="1" type="struct" size="1 1">
      <data idx="1" type="double" size="1 1">106.1310296296296</data>
    </avgB>
    <avgRCells idx="1" type="struct" size="1 1">
      <data idx="1" type="double" size="1 9">34.53741260475032 62.24819424472319 118.87 94.06307333763074 116.3661427083849 160.4050082918739 89.76561461794019 108.3774086378738 172.1401666666666</data>
    </avgRCells>
    <avgGCells idx="1" type="struct" size="1 1">
      <data idx="1" type="double" size="1 9">34.53043751342953 62.24161584106044 118.8597512437811 94.05861060147772 116.3661427083849 160.4033665008292 89.75825581395347 108.3764285714286 172.14315</data>
    </avgGCells>
    <avgBCells idx="1" type="struct" size="1 1">
      <data idx="1" type="double" size="1 9">34.51556172625249 62.23991338986129 118.8621393034826 94.05687509297358 116.3661427083849 160.4022388059701 89.75053156146177 108.3819102990034 172.1530499999999</data>
    </avgBCells>
  </features>
</root>
