<?xml version="1.0"?>
<!-- Written on 15-Jun-2010 21:43:51 using the XML Toolbox for Matlab -->
<root xml_tb_version="3.1" idx="1" type="struct" size="1 1">
  <filename idx="1" type="char" size="1 22">3481_by_zihnisinir.jpg</filename>
  <features idx="1" type="struct" size="1 1">
    <numFaces idx="1" type="struct" size="1 1">
      <data idx="1" type="double" size="1 1">1</data>
    </numFaces>
    <cornerRatio idx="1" type="struct" size="1 1">
      <data idx="1" type="double" size="1 1">0.0005720403793208933</data>
    </cornerRatio>
    <edgeRatio idx="1" type="struct" size="1 1">
      <data idx="1" type="double" size="1 1">0.04407769960232487</data>
    </edgeRatio>
    <gridEdgeRatio idx="1" type="struct" size="1 1">
      <data idx="1" type="double" size="1 9">0.03884261527573635 0.02991452991452995 0.03181991398551916 0.04744406336763035 0.04970330448037457 0.02942457401056135 0.05814722911497101 0.004356217259443067 0.1070581748001103</data>
    </gridEdgeRatio>
    <medianHue idx="1" type="struct" size="1 1">
      <data idx="1" type="double" size="1 1">0</data>
    </medianHue>
    <avgSat idx="1" type="struct" size="1 1">
      <data idx="1" type="double" size="1 1">0</data>
    </avgSat>
    <avgInt idx="1" type="struct" size="1 1">
      <data idx="1" type="double" size="1 1">112.5523095747936</data>
    </avgInt>
    <medHueCells idx="1" type="struct" size="1 1">
      <data idx="1" type="double" size="1 9">0 0 0 0 0 0 0 0 0</data>
    </medHueCells>
    <avgSatCells idx="1" type="struct" size="1 1">
      <data idx="1" type="double" size="1 9">0 0 0 0 0 0 0 0 0</data>
    </avgSatCells>
    <avgIntCells idx="1" type="struct" size="1 1">
      <data idx="1" type="double" size="1 9">115.052071424683 117.2661821547171 125.1103666942377 193.9797757090749 143.495944253906 47.90308795147507 90.6046600250422 71.8064129783875 107.7119106699752</data>
    </avgIntCells>
    <cornerRatioGrid idx="1" type="struct" size="1 1">
      <data idx="1" type="double" size="1 9">21 7 8 20 17 8 21 2 83</data>
    </cornerRatioGrid>
    <avgR idx="1" type="struct" size="1 1">
      <data idx="1" type="double" size="1 1">112.5523095747936</data>
    </avgR>
    <avgG idx="1" type="struct" size="1 1">
      <data idx="1" type="double" size="1 1">112.5523095747936</data>
    </avgG>
    <avgB idx="1" type="struct" size="1 1">
      <data idx="1" type="double" size="1 1">112.5523095747936</data>
    </avgB>
    <avgRCells idx="1" type="struct" size="1 1">
      <data idx="1" type="double" size="1 9">115.052071424683 117.2661821547171 125.1103666942377 193.9797757090749 143.495944253906 47.90308795147507 90.6046600250422 71.8064129783875 107.7119106699752</data>
    </avgRCells>
    <avgGCells idx="1" type="struct" size="1 1">
      <data idx="1" type="double" size="1 9">115.052071424683 117.2661821547171 125.1103666942377 193.9797757090749 143.495944253906 47.90308795147507 90.6046600250422 71.8064129783875 107.7119106699752</data>
    </avgGCells>
    <avgBCells idx="1" type="struct" size="1 1">
      <data idx="1" type="double" size="1 9">115.052071424683 117.2661821547171 125.1103666942377 193.9797757090749 143.495944253906 47.90308795147507 90.6046600250422 71.8064129783875 107.7119106699752</data>
    </avgBCells>
  </features>
</root>
