<?xml version="1.0"?>
<!-- Written on 15-Jun-2010 21:43:51 using the XML Toolbox for Matlab -->
<root xml_tb_version="3.1" idx="1" type="struct" size="1 1">
  <filename idx="1" type="char" size="1 22">3523_by_zihnisinir.jpg</filename>
  <features idx="1" type="struct" size="1 1">
    <numFaces idx="1" type="struct" size="1 1">
      <data idx="1" type="double" size="1 1">1</data>
    </numFaces>
    <cornerRatio idx="1" type="struct" size="1 1">
      <data idx="1" type="double" size="1 1">0.002547953048955053</data>
    </cornerRatio>
    <edgeRatio idx="1" type="struct" size="1 1">
      <data idx="1" type="double" size="1 1">0.2547351846550243</data>
    </edgeRatio>
    <gridEdgeRatio idx="1" type="struct" size="1 1">
      <data idx="1" type="double" size="1 9">0.2747325861098316 0.2347100670453965 0.2034136854496134 0.2808485592916729 0.2145452684374838 0.2096320180152511 0.3047750652541068 0.309253288295204 0.2632427452786733</data>
    </gridEdgeRatio>
    <medianHue idx="1" type="struct" size="1 1">
      <data idx="1" type="double" size="1 1">0</data>
    </medianHue>
    <avgSat idx="1" type="struct" size="1 1">
      <data idx="1" type="double" size="1 1">0.111537360435156</data>
    </avgSat>
    <avgInt idx="1" type="struct" size="1 1">
      <data idx="1" type="double" size="1 1">109.6007500715717</data>
    </avgInt>
    <medHueCells idx="1" type="struct" size="1 1">
      <data idx="1" type="double" size="1 9">0 0 0 0 0 0 0 0 0</data>
    </medHueCells>
    <avgSatCells idx="1" type="struct" size="1 1">
      <data idx="1" type="double" size="1 9">0.5088540866983983 0.07605302216080659 0.01903884538615077 0.08063360458570026 0 0.01389528635037617 0.125390245150724 0.05399457495265878 0.1254926045345206</data>
    </avgSatCells>
    <avgIntCells idx="1" type="struct" size="1 1">
      <data idx="1" type="double" size="1 9">95.60589078253756 120.7642919289625 149.2825118992784 110.4536056092942 97.65151747786479 140.2723015507447 105.981370592149 91.8313373253493 75.26713240186292</data>
    </avgIntCells>
    <cornerRatioGrid idx="1" type="struct" size="1 1">
      <data idx="1" type="double" size="1 9">130 88 57 98 70 53 163 154 77</data>
    </cornerRatioGrid>
    <avgR idx="1" type="struct" size="1 1">
      <data idx="1" type="double" size="1 1">109.6002233037503</data>
    </avgR>
    <avgG idx="1" type="struct" size="1 1">
      <data idx="1" type="double" size="1 1">109.594657887203</data>
    </avgG>
    <avgB idx="1" type="struct" size="1 1">
      <data idx="1" type="double" size="1 1">109.5873518465503</data>
    </avgB>
    <avgRCells idx="1" type="struct" size="1 1">
      <data idx="1" type="double" size="1 9">95.60589078253756 120.7642919289625 149.2824607195865 110.4531961717591 97.65151747786479 140.2722503710528 105.978325400481 91.83005783305184 75.26713240186292</data>
    </avgRCells>
    <avgGCells idx="1" type="struct" size="1 1">
      <data idx="1" type="double" size="1 9">95.59770203183376 120.7611443779108 149.28066943037 110.4430370029173 97.65151747786479 140.2716873944419 105.9624596959926 91.82788269614616 75.25912278008084</data>
    </avgGCells>
    <avgBCells idx="1" type="struct" size="1 1">
      <data idx="1" type="double" size="1 9">95.5847535697835 120.7543118890424 149.2777010082399 110.4331849122269 97.65151747786479 140.270177593531 105.95268437484 91.81943804698295 75.24596959926302</data>
    </avgBCells>
  </features>
</root>
