<?xml version="1.0"?>
<!-- Written on 15-Jun-2010 21:43:51 using the XML Toolbox for Matlab -->
<root xml_tb_version="3.1" idx="1" type="struct" size="1 1">
  <filename idx="1" type="char" size="1 22">3527_by_zihnisinir.jpg</filename>
  <features idx="1" type="struct" size="1 1">
    <numFaces idx="1" type="struct" size="1 1">
      <data idx="1" type="double" size="1 1">3</data>
    </numFaces>
    <cornerRatio idx="1" type="struct" size="1 1">
      <data idx="1" type="double" size="1 1">0.0009611111111111112</data>
    </cornerRatio>
    <edgeRatio idx="1" type="struct" size="1 1">
      <data idx="1" type="double" size="1 1">0.175575</data>
    </edgeRatio>
    <gridEdgeRatio idx="1" type="struct" size="1 1">
      <data idx="1" type="double" size="1 9">0.2117769362144502 0.1580158906957749 0.1758955223880596 0.1666295388728001 0.1324719685156309 0.1521144278606964 0.1826616915422885 0.197910447761194 0.20275</data>
    </gridEdgeRatio>
    <medianHue idx="1" type="struct" size="1 1">
      <data idx="1" type="double" size="1 1">18</data>
    </medianHue>
    <avgSat idx="1" type="struct" size="1 1">
      <data idx="1" type="double" size="1 1">91.84620000000005</data>
    </avgSat>
    <avgInt idx="1" type="struct" size="1 1">
      <data idx="1" type="double" size="1 1">147.2828416666667</data>
    </avgInt>
    <medHueCells idx="1" type="struct" size="1 1">
      <data idx="1" type="double" size="1 9">16 16 15 22 22 16 18 18 13</data>
    </medHueCells>
    <avgSatCells idx="1" type="struct" size="1 1">
      <data idx="1" type="double" size="1 9">97.91737828271577 87.16187718125796 98.03300995024883 76.2575926338457 68.81626692408604 98.71681592039796 96.39995024875626 89.20099502487561 113.2762</data>
    </avgSatCells>
    <avgIntCells idx="1" type="struct" size="1 1">
      <data idx="1" type="double" size="1 9">157.9397787183486 161.4814237271355 147.7732089552239 138.9373777876785 150.1975446152323 126.6970895522388 143.4240049751244 167.8066915422885 131.4071</data>
    </avgIntCells>
    <cornerRatioGrid idx="1" type="struct" size="1 1">
      <data idx="1" type="double" size="1 9">52 60 56 21 25 14 41 37 40</data>
    </cornerRatioGrid>
    <avgR idx="1" type="struct" size="1 1">
      <data idx="1" type="double" size="1 1">147.1955111111111</data>
    </avgR>
    <avgG idx="1" type="struct" size="1 1">
      <data idx="1" type="double" size="1 1">123.1708</data>
    </avgG>
    <avgB idx="1" type="struct" size="1 1">
      <data idx="1" type="double" size="1 1">100.4450333333333</data>
    </avgB>
    <avgRCells idx="1" type="struct" size="1 1">
      <data idx="1" type="double" size="1 9">157.8403009826489 161.3166505779559 147.6869651741294 138.8727011707631 150.1103685552337 126.6530845771145 143.2642288557214 167.7566417910448 131.3726250000001</data>
    </avgRCells>
    <avgGCells idx="1" type="struct" size="1 1">
      <data idx="1" type="double" size="1 9">128.1059379718324 133.7513427885448 118.7927860696518 128.2773198683201 139.7344620182669 106.896368159204 118.4808457711442 134.7726368159204 100.1434</data>
    </avgGCells>
    <avgBCells idx="1" type="struct" size="1 1">
      <data idx="1" type="double" size="1 9">101.0995519912874 111.8620083661296 98.3313432835821 104.2039800995025 117.6982005395906 88.96791044776121 93.6615174129353 109.1237313432836 79.59177499999998</data>
    </avgBCells>
  </features>
</root>
