<?xml version="1.0"?>
<!-- Written on 15-Jun-2010 21:43:52 using the XML Toolbox for Matlab -->
<root xml_tb_version="3.1" idx="1" type="struct" size="1 1">
  <filename idx="1" type="char" size="1 22">3558_by_zihnisinir.jpg</filename>
  <features idx="1" type="struct" size="1 1">
    <numFaces idx="1" type="struct" size="1 1">
      <data idx="1" type="double" size="1 1">0</data>
    </numFaces>
    <cornerRatio idx="1" type="struct" size="1 1">
      <data idx="1" type="double" size="1 1">0.002596296296296296</data>
    </cornerRatio>
    <edgeRatio idx="1" type="struct" size="1 1">
      <data idx="1" type="double" size="1 1">0.2473296296296296</data>
    </edgeRatio>
    <gridEdgeRatio idx="1" type="struct" size="1 1">
      <data idx="1" type="double" size="1 9">0.1668898034743228 0.1318821176509478 0.2436710963455149 0.1752202442934827 0.3057965984033323 0.331362126245847 0.1964510779436152 0.3381426202321725 0.3378333333333335</data>
    </gridEdgeRatio>
    <medianHue idx="1" type="struct" size="1 1">
      <data idx="1" type="double" size="1 1">0</data>
    </medianHue>
    <avgSat idx="1" type="struct" size="1 1">
      <data idx="1" type="double" size="1 1">0</data>
    </avgSat>
    <avgInt idx="1" type="struct" size="1 1">
      <data idx="1" type="double" size="1 1">129.3919425925927</data>
    </avgInt>
    <medHueCells idx="1" type="struct" size="1 1">
      <data idx="1" type="double" size="1 9">0 0 0 0 0 0 0 0 0</data>
    </medHueCells>
    <avgSatCells idx="1" type="struct" size="1 1">
      <data idx="1" type="double" size="1 9">0 0 0 0 0 0 0 0 0</data>
    </avgSatCells>
    <avgIntCells idx="1" type="struct" size="1 1">
      <data idx="1" type="double" size="1 9">203.4743392671198 87.63116312127075 48.60247097844111 224.454785871308 139.0080990396852 95.9755887230514 153.7282392026578 110.2854318936877 100.7117166666666</data>
    </avgIntCells>
    <cornerRatioGrid idx="1" type="struct" size="1 1">
      <data idx="1" type="double" size="1 9">82 75 147 117 227 230 108 196 220</data>
    </cornerRatioGrid>
    <avgR idx="1" type="struct" size="1 1">
      <data idx="1" type="double" size="1 1">129.3919425925927</data>
    </avgR>
    <avgG idx="1" type="struct" size="1 1">
      <data idx="1" type="double" size="1 1">129.3919425925927</data>
    </avgG>
    <avgB idx="1" type="struct" size="1 1">
      <data idx="1" type="double" size="1 1">129.3919425925927</data>
    </avgB>
    <avgRCells idx="1" type="struct" size="1 1">
      <data idx="1" type="double" size="1 9">203.4743392671198 87.63116312127075 48.60247097844111 224.454785871308 139.0080990396852 95.9755887230514 153.7282392026578 110.2854318936877 100.7117166666666</data>
    </avgRCells>
    <avgGCells idx="1" type="struct" size="1 1">
      <data idx="1" type="double" size="1 9">203.4743392671198 87.63116312127075 48.60247097844111 224.454785871308 139.0080990396852 95.9755887230514 153.7282392026578 110.2854318936877 100.7117166666666</data>
    </avgGCells>
    <avgBCells idx="1" type="struct" size="1 1">
      <data idx="1" type="double" size="1 9">203.4743392671198 87.63116312127075 48.60247097844111 224.454785871308 139.0080990396852 95.9755887230514 153.7282392026578 110.2854318936877 100.7117166666666</data>
    </avgBCells>
  </features>
</root>
