<?xml version="1.0"?>
<!-- Written on 15-Jun-2010 21:43:52 using the XML Toolbox for Matlab -->
<root xml_tb_version="3.1" idx="1" type="struct" size="1 1">
  <filename idx="1" type="char" size="1 22">3571_by_zihnisinir.jpg</filename>
  <features idx="1" type="struct" size="1 1">
    <numFaces idx="1" type="struct" size="1 1">
      <data idx="1" type="double" size="1 1">1</data>
    </numFaces>
    <cornerRatio idx="1" type="struct" size="1 1">
      <data idx="1" type="double" size="1 1">0.001022222222222222</data>
    </cornerRatio>
    <edgeRatio idx="1" type="struct" size="1 1">
      <data idx="1" type="double" size="1 1">0.2751722222222222</data>
    </edgeRatio>
    <gridEdgeRatio idx="1" type="struct" size="1 1">
      <data idx="1" type="double" size="1 9">0.2677476405348669 0.2177484669674881 0.2995348837209302 0.2803259450257021 0.2994661245268673 0.288405315614618 0.2611608623548923 0.2880597014925372 0.2744000000000002</data>
    </gridEdgeRatio>
    <medianHue idx="1" type="struct" size="1 1">
      <data idx="1" type="double" size="1 1">0</data>
    </medianHue>
    <avgSat idx="1" type="struct" size="1 1">
      <data idx="1" type="double" size="1 1">0</data>
    </avgSat>
    <avgInt idx="1" type="struct" size="1 1">
      <data idx="1" type="double" size="1 1">116.0509777777778</data>
    </avgInt>
    <medHueCells idx="1" type="struct" size="1 1">
      <data idx="1" type="double" size="1 9">0 0 0 0 0 0 0 0 0</data>
    </medHueCells>
    <avgSatCells idx="1" type="struct" size="1 1">
      <data idx="1" type="double" size="1 9">0 0 0 0 0 0 0 0 0</data>
    </avgSatCells>
    <avgIntCells idx="1" type="struct" size="1 1">
      <data idx="1" type="double" size="1 9">156.9795871142626 90.83097800036364 95.63852404643448 133.744086874597 102.3134658931257 113.9786069651741 145.6616777408638 111.4752823920265 93.59776666666669</data>
    </avgIntCells>
    <cornerRatioGrid idx="1" type="struct" size="1 1">
      <data idx="1" type="double" size="1 9">43 21 64 65 72 88 41 87 71</data>
    </cornerRatioGrid>
    <avgR idx="1" type="struct" size="1 1">
      <data idx="1" type="double" size="1 1">116.0509777777778</data>
    </avgR>
    <avgG idx="1" type="struct" size="1 1">
      <data idx="1" type="double" size="1 1">116.0509777777778</data>
    </avgG>
    <avgB idx="1" type="struct" size="1 1">
      <data idx="1" type="double" size="1 1">116.0509777777778</data>
    </avgB>
    <avgRCells idx="1" type="struct" size="1 1">
      <data idx="1" type="double" size="1 9">156.9795871142626 90.83097800036364 95.63852404643448 133.744086874597 102.3134658931257 113.9786069651741 145.6616777408638 111.4752823920265 93.59776666666669</data>
    </avgRCells>
    <avgGCells idx="1" type="struct" size="1 1">
      <data idx="1" type="double" size="1 9">156.9795871142626 90.83097800036364 95.63852404643448 133.744086874597 102.3134658931257 113.9786069651741 145.6616777408638 111.4752823920265 93.59776666666669</data>
    </avgGCells>
    <avgBCells idx="1" type="struct" size="1 1">
      <data idx="1" type="double" size="1 9">156.9795871142626 90.83097800036364 95.63852404643448 133.744086874597 102.3134658931257 113.9786069651741 145.6616777408638 111.4752823920265 93.59776666666669</data>
    </avgBCells>
  </features>
</root>
