<?xml version="1.0"?>
<!-- Written on 15-Jun-2010 21:43:52 using the XML Toolbox for Matlab -->
<root xml_tb_version="3.1" idx="1" type="struct" size="1 1">
  <filename idx="1" type="char" size="1 22">3685_by_zihnisinir.jpg</filename>
  <features idx="1" type="struct" size="1 1">
    <numFaces idx="1" type="struct" size="1 1">
      <data idx="1" type="double" size="1 1">1</data>
    </numFaces>
    <cornerRatio idx="1" type="struct" size="1 1">
      <data idx="1" type="double" size="1 1">0.002092511013215859</data>
    </cornerRatio>
    <edgeRatio idx="1" type="struct" size="1 1">
      <data idx="1" type="double" size="1 1">0.2336847073631215</data>
    </edgeRatio>
    <gridEdgeRatio idx="1" type="struct" size="1 1">
      <data idx="1" type="double" size="1 9">0.358988416554206 0.3547430274403954 0.3465755735492579 0.1353463787674314 0.1558142150247413 0.1756494601889338 0.1937369106243278 0.1707986641761477 0.2090337918152492</data>
    </gridEdgeRatio>
    <medianHue idx="1" type="struct" size="1 1">
      <data idx="1" type="double" size="1 1">0</data>
    </medianHue>
    <avgSat idx="1" type="struct" size="1 1">
      <data idx="1" type="double" size="1 1">0</data>
    </avgSat>
    <avgInt idx="1" type="struct" size="1 1">
      <data idx="1" type="double" size="1 1">104.928821585903</data>
    </avgInt>
    <medHueCells idx="1" type="struct" size="1 1">
      <data idx="1" type="double" size="1 9">0 0 0 0 0 0 0 0 0</data>
    </medHueCells>
    <avgSatCells idx="1" type="struct" size="1 1">
      <data idx="1" type="double" size="1 9">0 0 0 0 0 0 0 0 0</data>
    </avgSatCells>
    <avgIntCells idx="1" type="struct" size="1 1">
      <data idx="1" type="double" size="1 9">80.75019680611784 148.4520074224023 67.94718967566648 101.9234424201529 118.8886499100315 61.35059715854413 103.5702878992352 156.3175044984255 104.7788815305372</data>
    </avgIntCells>
    <cornerRatioGrid idx="1" type="struct" size="1 1">
      <data idx="1" type="double" size="1 9">307 328 300 45 91 78 50 62 69</data>
    </cornerRatioGrid>
    <avgR idx="1" type="struct" size="1 1">
      <data idx="1" type="double" size="1 1">104.928821585903</data>
    </avgR>
    <avgG idx="1" type="struct" size="1 1">
      <data idx="1" type="double" size="1 1">104.928821585903</data>
    </avgG>
    <avgB idx="1" type="struct" size="1 1">
      <data idx="1" type="double" size="1 1">104.928821585903</data>
    </avgB>
    <avgRCells idx="1" type="struct" size="1 1">
      <data idx="1" type="double" size="1 9">80.75019680611784 148.4520074224023 67.94718967566648 101.9234424201529 118.8886499100315 61.35059715854413 103.5702878992352 156.3175044984255 104.7788815305372</data>
    </avgRCells>
    <avgGCells idx="1" type="struct" size="1 1">
      <data idx="1" type="double" size="1 9">80.75019680611784 148.4520074224023 67.94718967566648 101.9234424201529 118.8886499100315 61.35059715854413 103.5702878992352 156.3175044984255 104.7788815305372</data>
    </avgGCells>
    <avgBCells idx="1" type="struct" size="1 1">
      <data idx="1" type="double" size="1 9">80.75019680611784 148.4520074224023 67.94718967566648 101.9234424201529 118.8886499100315 61.35059715854413 103.5702878992352 156.3175044984255 104.7788815305372</data>
    </avgBCells>
  </features>
</root>
