<?xml version="1.0"?>
<!-- Written on 15-Jun-2010 21:43:52 using the XML Toolbox for Matlab -->
<root xml_tb_version="3.1" idx="1" type="struct" size="1 1">
  <filename idx="1" type="char" size="1 22">3735_by_zihnisinir.jpg</filename>
  <features idx="1" type="struct" size="1 1">
    <numFaces idx="1" type="struct" size="1 1">
      <data idx="1" type="double" size="1 1">0</data>
    </numFaces>
    <cornerRatio idx="1" type="struct" size="1 1">
      <data idx="1" type="double" size="1 1">0.001047794117647059</data>
    </cornerRatio>
    <edgeRatio idx="1" type="struct" size="1 1">
      <data idx="1" type="double" size="1 1">0.198094362745098</data>
    </edgeRatio>
    <gridEdgeRatio idx="1" type="struct" size="1 1">
      <data idx="1" type="double" size="1 9">0.1205784265485756 0.2867257120988462 0.325164835164835 0.1022634082335577 0.1138538078836585 0.3396978021978018 0.1708763872942977 0.1674047345689135 0.1563186813186813</data>
    </gridEdgeRatio>
    <medianHue idx="1" type="struct" size="1 1">
      <data idx="1" type="double" size="1 1">0</data>
    </medianHue>
    <avgSat idx="1" type="struct" size="1 1">
      <data idx="1" type="double" size="1 1">0.07738357843137265</data>
    </avgSat>
    <avgInt idx="1" type="struct" size="1 1">
      <data idx="1" type="double" size="1 1">93.107181372549</data>
    </avgInt>
    <medHueCells idx="1" type="struct" size="1 1">
      <data idx="1" type="double" size="1 9">0 0 0 0 0 0 0 0 0</data>
    </medHueCells>
    <avgSatCells idx="1" type="struct" size="1 1">
      <data idx="1" type="double" size="1 9">0 0.05595648132961566 0.1434311956700016 0 0 0.1153299436881527 0.004560439560439561 0.003598901098901099 0.3694505494505495</data>
    </avgSatCells>
    <avgIntCells idx="1" type="struct" size="1 1">
      <data idx="1" type="double" size="1 9">77.4121425837844 98.392597452299 65.49693838499815 140.5384615384615 145.9225302061123 86.72013558580723 70.68667582417585 118.7354670329669 34.56576923076923</data>
    </avgIntCells>
    <cornerRatioGrid idx="1" type="struct" size="1 1">
      <data idx="1" type="double" size="1 9">5 41 86 3 7 130 4 19 47</data>
    </cornerRatioGrid>
    <avgR idx="1" type="struct" size="1 1">
      <data idx="1" type="double" size="1 1">93.10420343137258</data>
    </avgR>
    <avgG idx="1" type="struct" size="1 1">
      <data idx="1" type="double" size="1 1">93.105</data>
    </avgG>
    <avgB idx="1" type="struct" size="1 1">
      <data idx="1" type="double" size="1 1">93.10700674019607</data>
    </avgB>
    <avgRCells idx="1" type="struct" size="1 1">
      <data idx="1" type="double" size="1 9">77.4121425837844 98.38964518069002 65.49054179651198 140.5384615384615 145.9225302061123 86.71510578973263 70.68667582417585 118.7354670329669 34.55351648351647</data>
    </avgRCells>
    <avgGCells idx="1" type="struct" size="1 1">
      <data idx="1" type="double" size="1 9">77.4121425837844 98.3908479580122 65.49223661910234 140.5384615384615 145.9225302061123 86.71674594062654 70.68579670329672 118.7350274725274 34.55741758241759</data>
    </avgGCells>
    <avgBCells idx="1" type="struct" size="1 1">
      <data idx="1" type="double" size="1 9">77.4121425837844 98.39237876551316 65.49647367557822 140.5384615384615 145.9225302061123 86.71991689902136 70.68623626373628 118.7352472527472 34.56576923076923</data>
    </avgBCells>
  </features>
</root>
