<?xml version="1.0"?>
<!-- Written on 15-Jun-2010 21:43:53 using the XML Toolbox for Matlab -->
<root xml_tb_version="3.1" idx="1" type="struct" size="1 1">
  <filename idx="1" type="char" size="1 22">3777_by_zihnisinir.jpg</filename>
  <features idx="1" type="struct" size="1 1">
    <numFaces idx="1" type="struct" size="1 1">
      <data idx="1" type="double" size="1 1">0</data>
    </numFaces>
    <cornerRatio idx="1" type="struct" size="1 1">
      <data idx="1" type="double" size="1 1">5.555555555555556e-05</data>
    </cornerRatio>
    <edgeRatio idx="1" type="struct" size="1 1">
      <data idx="1" type="double" size="1 1">0.005441666666666667</data>
    </edgeRatio>
    <gridEdgeRatio idx="1" type="struct" size="1 1">
      <data idx="1" type="double" size="1 9">0 0 0 0.003341501447983958 0.003861290562114794 0 0.01069651741293527 0.02184079601990041 0.009224999999999957</data>
    </gridEdgeRatio>
    <medianHue idx="1" type="struct" size="1 1">
      <data idx="1" type="double" size="1 1">21</data>
    </medianHue>
    <avgSat idx="1" type="struct" size="1 1">
      <data idx="1" type="double" size="1 1">23.86974444444446</data>
    </avgSat>
    <avgInt idx="1" type="struct" size="1 1">
      <data idx="1" type="double" size="1 1">177.6818055555558</data>
    </avgInt>
    <medHueCells idx="1" type="struct" size="1 1">
      <data idx="1" type="double" size="1 9">21 21 21 21 21 21 21 21 21</data>
    </medHueCells>
    <avgSatCells idx="1" type="struct" size="1 1">
      <data idx="1" type="double" size="1 9">14.79463379619317 19.18427761689066 33.87798507462686 14.83341996485236 15.60812851167051 46.59437810945275 15.08325870646766 14.21236318407959 40.86355</data>
    </avgSatCells>
    <avgIntCells idx="1" type="struct" size="1 1">
      <data idx="1" type="double" size="1 9">216.4447167149328 210.656171876934 128.6450995024876 216.0337367886934 218.1575703571692 77.51345771144277 212.7829601990048 223.4937313432836 94.42742499999997</data>
    </avgIntCells>
    <cornerRatioGrid idx="1" type="struct" size="1 1">
      <data idx="1" type="double" size="1 9">0 0 0 0 1 0 1 13 5</data>
    </cornerRatioGrid>
    <avgR idx="1" type="struct" size="1 1">
      <data idx="1" type="double" size="1 1">177.6814305555557</data>
    </avgR>
    <avgG idx="1" type="struct" size="1 1">
      <data idx="1" type="double" size="1 1">174.2347277777777</data>
    </avgG>
    <avgB idx="1" type="struct" size="1 1">
      <data idx="1" type="double" size="1 1">167.1325416666667</data>
    </avgB>
    <avgRCells idx="1" type="struct" size="1 1">
      <data idx="1" type="double" size="1 9">216.4447167149328 210.6560233657585 128.6447263681592 216.0337367886934 218.1571990792305 77.51238805970148 212.7829601990048 223.4937313432836 94.42602500000004</data>
    </avgRCells>
    <avgGCells idx="1" type="struct" size="1 1">
      <data idx="1" type="double" size="1 9">212.4447167149328 206.8419098537165 125.9142288557213 212.0333407588921 214.2668498304496 75.3929353233831 208.7823631840795 219.4937313432836 91.97479999999996</data>
    </avgGCells>
    <avgBCells idx="1" type="struct" size="1 1">
      <data idx="1" type="double" size="1 9">203.4447167149328 198.5735254077871 121.0580099502488 203.0345288482959 205.6544639984158 72.71509950248755 199.7841542288557 210.4937313432836 88.5147</data>
    </avgBCells>
  </features>
</root>
