<?xml version="1.0"?>
<!-- Written on 15-Jun-2010 21:43:53 using the XML Toolbox for Matlab -->
<root xml_tb_version="3.1" idx="1" type="struct" size="1 1">
  <filename idx="1" type="char" size="1 22">3949_by_zihnisinir.jpg</filename>
  <features idx="1" type="struct" size="1 1">
    <numFaces idx="1" type="struct" size="1 1">
      <data idx="1" type="double" size="1 1">3</data>
    </numFaces>
    <cornerRatio idx="1" type="struct" size="1 1">
      <data idx="1" type="double" size="1 1">0.001720833333333333</data>
    </cornerRatio>
    <edgeRatio idx="1" type="struct" size="1 1">
      <data idx="1" type="double" size="1 1">0.1962125</data>
    </edgeRatio>
    <gridEdgeRatio idx="1" type="struct" size="1 1">
      <data idx="1" type="double" size="1 9">0.3037796094156086 0.2224697408479988 0.1805597014925375 0.2722581124229598 0.2079527734462018 0.1938059701492537 0.1864929085913714 0.08910670527957228 0.1104850746268656</data>
    </gridEdgeRatio>
    <medianHue idx="1" type="struct" size="1 1">
      <data idx="1" type="double" size="1 1">0</data>
    </medianHue>
    <avgSat idx="1" type="struct" size="1 1">
      <data idx="1" type="double" size="1 1">0.03353750000000005</data>
    </avgSat>
    <avgInt idx="1" type="struct" size="1 1">
      <data idx="1" type="double" size="1 1">122.5348666666666</data>
    </avgInt>
    <medHueCells idx="1" type="struct" size="1 1">
      <data idx="1" type="double" size="1 9">0 0 0 0 0 0 0 0 0</data>
    </medHueCells>
    <avgSatCells idx="1" type="struct" size="1 1">
      <data idx="1" type="double" size="1 9">0.02561817776787695 0.02780871760599985 0.06801811836340695 0.02112571471003193 0 0.04403356352565536 0.04779850746268661 0.02305970149253731 0.04276119402985075</data>
    </avgSatCells>
    <avgIntCells idx="1" type="struct" size="1 1">
      <data idx="1" type="double" size="1 9">160.5463354867454 124.0014479839608 157.8312170490829 129.3077894111532 105.0947501299472 148.9314249647286 117.3707462686567 92.86559701492537 66.55582089552237</data>
    </avgIntCells>
    <cornerRatioGrid idx="1" type="struct" size="1 1">
      <data idx="1" type="double" size="1 9">68 55 46 78 57 43 41 19 6</data>
    </cornerRatioGrid>
    <avgR idx="1" type="struct" size="1 1">
      <data idx="1" type="double" size="1 1">122.5248166666666</data>
    </avgR>
    <avgG idx="1" type="struct" size="1 1">
      <data idx="1" type="double" size="1 1">122.5276124999998</data>
    </avgG>
    <avgB idx="1" type="struct" size="1 1">
      <data idx="1" type="double" size="1 1">122.5306708333333</data>
    </avgB>
    <avgRCells idx="1" type="struct" size="1 1">
      <data idx="1" type="double" size="1 9">160.5420286626569 123.9943194475384 157.8147323086062 129.2989158684192 105.0947501299472 148.917093636296 117.3535447761195 92.85402985074626 66.5455223880597</data>
    </avgRCells>
    <avgGCells idx="1" type="struct" size="1 1">
      <data idx="1" type="double" size="1 9">160.5433652632361 123.9926115690206 157.8152892255141 129.2998440632658 105.0947501299472 148.925187495359 117.359328358209 92.8608208955224 66.54895522388058</data>
    </avgGCells>
    <avgBCells idx="1" type="struct" size="1 1">
      <data idx="1" type="double" size="1 9">160.5269547783471 123.9978837157496 157.831179921289 129.3077894111532 105.0947501299472 148.9243335561 117.3686940298507 92.86339552238806 66.55249999999998</data>
    </avgBCells>
  </features>
</root>
