<?xml version="1.0"?>
<!-- Written on 15-Jun-2010 21:43:53 using the XML Toolbox for Matlab -->
<root xml_tb_version="3.1" idx="1" type="struct" size="1 1">
  <filename idx="1" type="char" size="1 46">3D_Design__Scale_Dog_Project_by_Knuxtiger4.jpg</filename>
  <features idx="1" type="struct" size="1 1">
    <numFaces idx="1" type="struct" size="1 1">
      <data idx="1" type="double" size="1 1">0</data>
    </numFaces>
    <cornerRatio idx="1" type="struct" size="1 1">
      <data idx="1" type="double" size="1 1">9.114583333333334e-05</data>
    </cornerRatio>
    <edgeRatio idx="1" type="struct" size="1 1">
      <data idx="1" type="double" size="1 1">0.001243489583333333</data>
    </edgeRatio>
    <gridEdgeRatio idx="1" type="struct" size="1 1">
      <data idx="1" type="double" size="1 9">0 0.001189992453706391 0.0002902420618796076 0 0.005311429732396822 0.004672897196261682 0 0 0</data>
    </gridEdgeRatio>
    <medianHue idx="1" type="struct" size="1 1">
      <data idx="1" type="double" size="1 1">21</data>
    </medianHue>
    <avgSat idx="1" type="struct" size="1 1">
      <data idx="1" type="double" size="1 1">200.2751204427084</data>
    </avgSat>
    <avgInt idx="1" type="struct" size="1 1">
      <data idx="1" type="double" size="1 1">140.0114388020834</data>
    </avgInt>
    <medHueCells idx="1" type="struct" size="1 1">
      <data idx="1" type="double" size="1 9">21 22 23 20 10 20 21 22 22</data>
    </medHueCells>
    <avgSatCells idx="1" type="struct" size="1 1">
      <data idx="1" type="double" size="1 9">193.5912521042549 188.690543913624 181.0858644859813 210.5650722702735 250.6852324838915 208.1275408878506 189.071805886109 194.9952400301853 186.7373247663552</data>
    </avgSatCells>
    <avgIntCells idx="1" type="struct" size="1 1">
      <data idx="1" type="double" size="1 9">136.1246299413711 143.0200557264758 138.1356016355139 142.109798572009 148.2810123643119 141.4517523364486 133.4678411795438 141.5495152957567 136.1649532710281</data>
    </avgIntCells>
    <cornerRatioGrid idx="1" type="struct" size="1 1">
      <data idx="1" type="double" size="1 9">1 1 1 0 11 5 1 7 1</data>
    </cornerRatioGrid>
    <avgR idx="1" type="struct" size="1 1">
      <data idx="1" type="double" size="1 1">140.0114192708334</data>
    </avgR>
    <avgG idx="1" type="struct" size="1 1">
      <data idx="1" type="double" size="1 1">97.32604817708338</data>
    </avgG>
    <avgB idx="1" type="struct" size="1 1">
      <data idx="1" type="double" size="1 1">29.13199218750001</data>
    </avgB>
    <avgRCells idx="1" type="struct" size="1 1">
      <data idx="1" type="double" size="1 9">136.1246299413711 143.0200557264758 138.135543224299 142.109798572009 148.2810123643119 141.4517523364486 133.4678411795438 141.5494282231382 136.1649240654206</data>
    </avgRCells>
    <avgGCells idx="1" type="struct" size="1 1">
      <data idx="1" type="double" size="1 9">102.4855749695245 107.3939745747955 113.8160338785046 90.72212224995644 54.28925523886925 93.11115654205604 104.6813722644686 101.7932025309107 106.7745327102803</data>
    </avgGCells>
    <avgBCells idx="1" type="struct" size="1 1">
      <data idx="1" type="double" size="1 9">32.26612294653743 36.19161780925293 39.6447137850467 23.61798339815407 2.090787716955941 25.32158294392523 34.16041678760085 32.25683520055726 36.06787383177571</data>
    </avgBCells>
  </features>
</root>
