<?xml version="1.0"?>
<!-- Written on 15-Jun-2010 21:43:53 using the XML Toolbox for Matlab -->
<root xml_tb_version="3.1" idx="1" type="struct" size="1 1">
  <filename idx="1" type="char" size="1 47">3D_Design__Bar_Relief_Oarfish_by_Knuxtiger4.jpg</filename>
  <features idx="1" type="struct" size="1 1">
    <numFaces idx="1" type="struct" size="1 1">
      <data idx="1" type="double" size="1 1">0</data>
    </numFaces>
    <cornerRatio idx="1" type="struct" size="1 1">
      <data idx="1" type="double" size="1 1">0.0001009114583333333</data>
    </cornerRatio>
    <edgeRatio idx="1" type="struct" size="1 1">
      <data idx="1" type="double" size="1 1">0.001917317708333333</data>
    </edgeRatio>
    <gridEdgeRatio idx="1" type="struct" size="1 1">
      <data idx="1" type="double" size="1 9">0.002438033319788707 0.006878736866546686 0.006211180124223586 0 0 0 0 0 0.001635514018691588</data>
    </gridEdgeRatio>
    <medianHue idx="1" type="struct" size="1 1">
      <data idx="1" type="double" size="1 1">20</data>
    </medianHue>
    <avgSat idx="1" type="struct" size="1 1">
      <data idx="1" type="double" size="1 1">161.3277213541666</data>
    </avgSat>
    <avgInt idx="1" type="struct" size="1 1">
      <data idx="1" type="double" size="1 1">163.6258951822917</data>
    </avgInt>
    <medHueCells idx="1" type="struct" size="1 1">
      <data idx="1" type="double" size="1 9">19 19 20 20 19 20 20 19 20</data>
    </medHueCells>
    <avgSatCells idx="1" type="struct" size="1 1">
      <data idx="1" type="double" size="1 9">164.7615371219598 145.8950484704244 158.2233936915889 170.1581528995183 165.2671387937539 171.4536799065421 158.0051953329076 154.6180124223602 163.7441296728972</data>
    </avgSatCells>
    <avgIntCells idx="1" type="struct" size="1 1">
      <data idx="1" type="double" size="1 9">154.3045800197364 178.2453125907006 161.4726927570094 159.4362047947989 170.7120218262031 160.3952686915888 159.636674986939 168.7473152609276 159.6858936915888</data>
    </avgIntCells>
    <cornerRatioGrid idx="1" type="struct" size="1 1">
      <data idx="1" type="double" size="1 9">0 9 4 1 12 2 1 1 1</data>
    </cornerRatioGrid>
    <avgR idx="1" type="struct" size="1 1">
      <data idx="1" type="double" size="1 1">163.6258951822917</data>
    </avgR>
    <avgG idx="1" type="struct" size="1 1">
      <data idx="1" type="double" size="1 1">128.6023990885416</data>
    </avgG>
    <avgB idx="1" type="struct" size="1 1">
      <data idx="1" type="double" size="1 1">61.82029947916666</data>
    </avgB>
    <avgRCells idx="1" type="struct" size="1 1">
      <data idx="1" type="double" size="1 9">154.3045800197364 178.2453125907006 161.4726927570094 159.4362047947989 170.7120218262031 160.3952686915888 159.636674986939 168.7473152609276 159.6858936915888</data>
    </avgRCells>
    <avgGCells idx="1" type="struct" size="1 1">
      <data idx="1" type="double" size="1 9">119.3201950426655 140.5265281244558 130.263843457944 124.7574447088872 130.4642131537703 126.420589953271 126.5466709235503 131.5051953329077 127.6</data>
    </avgGCells>
    <avgBCells idx="1" type="struct" size="1 1">
      <data idx="1" type="double" size="1 9">60.97837696638994 76.98812909966911 62.53130841121487 54.57865559876939 61.08411214953274 53.33741238317759 62.05134382074652 67.03485807163169 57.64462616822426</data>
    </avgBCells>
  </features>
</root>
