<?xml version="1.0"?>
<!-- Written on 15-Jun-2010 21:43:54 using the XML Toolbox for Matlab -->
<root xml_tb_version="3.1" idx="1" type="struct" size="1 1">
  <filename idx="1" type="char" size="1 46">3D_Design__Tribal_Wood_Shoes_by_Knuxtiger4.jpg</filename>
  <features idx="1" type="struct" size="1 1">
    <numFaces idx="1" type="struct" size="1 1">
      <data idx="1" type="double" size="1 1">0</data>
    </numFaces>
    <cornerRatio idx="1" type="struct" size="1 1">
      <data idx="1" type="double" size="1 1">0.000322265625</data>
    </cornerRatio>
    <edgeRatio idx="1" type="struct" size="1 1">
      <data idx="1" type="double" size="1 1">0.03837890625</data>
    </edgeRatio>
    <gridEdgeRatio idx="1" type="struct" size="1 1">
      <data idx="1" type="double" size="1 9">0.009200673361583561 0.01607941022813025 0.004672897196261682 0.05082138503511933 0.09900156730713405 0.04205607476635508 0.03308995327102804 0.05455607476635512 0.0363609813084112</data>
    </gridEdgeRatio>
    <medianHue idx="1" type="struct" size="1 1">
      <data idx="1" type="double" size="1 1">16</data>
    </medianHue>
    <avgSat idx="1" type="struct" size="1 1">
      <data idx="1" type="double" size="1 1">51.81222005208335</data>
    </avgSat>
    <avgInt idx="1" type="struct" size="1 1">
      <data idx="1" type="double" size="1 1">120.8430273437502</data>
    </avgInt>
    <medHueCells idx="1" type="struct" size="1 1">
      <data idx="1" type="double" size="1 9">75 15 15 110 17 10 120 14 11</data>
    </medHueCells>
    <avgSatCells idx="1" type="struct" size="1 1">
      <data idx="1" type="double" size="1 9">6.95100713995472 80.50496313925815 64.28577686915887 19.53416149068323 109.9804957334418 106.588171728972 6.270708771115112 31.73396412608117 42.14591121495327</data>
    </avgSatCells>
    <avgIntCells idx="1" type="struct" size="1 1">
      <data idx="1" type="double" size="1 9">132.9947175944738 111.1503163638474 97.63738317757009 147.8088465780461 109.1303477099901 87.20192757009349 150.4568990538108 136.8920299529808 113.5541471962617</data>
    </avgIntCells>
    <cornerRatioGrid idx="1" type="struct" size="1 1">
      <data idx="1" type="double" size="1 9">4 5 0 9 38 12 8 14 9</data>
    </cornerRatioGrid>
    <avgR idx="1" type="struct" size="1 1">
      <data idx="1" type="double" size="1 1">119.5267610677085</data>
    </avgR>
    <avgG idx="1" type="struct" size="1 1">
      <data idx="1" type="double" size="1 1">109.1432714843749</data>
    </avgG>
    <avgB idx="1" type="struct" size="1 1">
      <data idx="1" type="double" size="1 1">103.8799837239583</data>
    </avgB>
    <avgRCells idx="1" type="struct" size="1 1">
      <data idx="1" type="double" size="1 9">131.3513380159052 109.3018807685609 97.58650700934578 146.9855169211122 107.49474661868 87.19018691588785 147.8510187496373 133.7247344285133 113.5525700934581</data>
    </avgRCells>
    <avgGCells idx="1" type="struct" size="1 1">
      <data idx="1" type="double" size="1 9">131.5505891913856 93.31717652522211 86.86740654205607 142.1452951761769 83.64381494166135 68.18130841121496 147.3327915481512 126.1520868404249 102.076898364486</data>
    </avgGCells>
    <avgBCells idx="1" type="struct" size="1 1">
      <data idx="1" type="double" size="1 9">131.4014628199918 81.30835316654097 77.8477219626168 141.1774539966332 68.48183084692633 60.36968457943923 149.7799094444767 127.1808788529634 96.14664135514012</data>
    </avgBCells>
  </features>
</root>
