<?xml version="1.0"?>
<!-- Written on 15-Jun-2010 21:43:54 using the XML Toolbox for Matlab -->
<root xml_tb_version="3.1" idx="1" type="struct" size="1 1">
  <filename idx="1" type="char" size="1 48">3D_Design__Scale_House_Project_by_Knuxtiger4.jpg</filename>
  <features idx="1" type="struct" size="1 1">
    <numFaces idx="1" type="struct" size="1 1">
      <data idx="1" type="double" size="1 1">0</data>
    </numFaces>
    <cornerRatio idx="1" type="struct" size="1 1">
      <data idx="1" type="double" size="1 1">0.000234375</data>
    </cornerRatio>
    <edgeRatio idx="1" type="struct" size="1 1">
      <data idx="1" type="double" size="1 1">0.01807291666666667</data>
    </edgeRatio>
    <gridEdgeRatio idx="1" type="struct" size="1 1">
      <data idx="1" type="double" size="1 9">0.01459917571254417 0.0226098566204214 0.02307424391942873 0.01439600626922854 0.02472862367214257 0.0302141986416671 0.01001752336448597 0.01390186915887856 0.008849299065420558</data>
    </gridEdgeRatio>
    <medianHue idx="1" type="struct" size="1 1">
      <data idx="1" type="double" size="1 1">19</data>
    </medianHue>
    <avgSat idx="1" type="struct" size="1 1">
      <data idx="1" type="double" size="1 1">182.3633528645832</data>
    </avgSat>
    <avgInt idx="1" type="struct" size="1 1">
      <data idx="1" type="double" size="1 1">129.4034016927082</data>
    </avgInt>
    <medHueCells idx="1" type="struct" size="1 1">
      <data idx="1" type="double" size="1 9">19 19 20 19 17 20 20 19 19</data>
    </medHueCells>
    <avgSatCells idx="1" type="struct" size="1 1">
      <data idx="1" type="double" size="1 9">204.375224937598 177.5148023451558 195.2199182242992 170.9281360654786 187.429587275788 172.1211156542056 163.9700760434203 181.603616416091 187.7049065420562</data>
    </avgSatCells>
    <avgIntCells idx="1" type="struct" size="1 1">
      <data idx="1" type="double" size="1 9">80.93542114123177 140.9159458988796 140.7404789719626 127.8844546351657 108.6150809775352 163.2974591121494 140.334155685842 115.9406454983456 146.617523364486</data>
    </avgIntCells>
    <cornerRatioGrid idx="1" type="struct" size="1 1">
      <data idx="1" type="double" size="1 9">7 10 5 10 16 22 1 1 0</data>
    </cornerRatioGrid>
    <avgR idx="1" type="struct" size="1 1">
      <data idx="1" type="double" size="1 1">129.4013248697916</data>
    </avgR>
    <avgG idx="1" type="struct" size="1 1">
      <data idx="1" type="double" size="1 1">98.37279296875009</data>
    </avgG>
    <avgB idx="1" type="struct" size="1 1">
      <data idx="1" type="double" size="1 1">41.9346712239583</data>
    </avgB>
    <avgRCells idx="1" type="struct" size="1 1">
      <data idx="1" type="double" size="1 9">80.93179311545829 140.9157137052301 140.7404789719626 127.8839321994543 108.6149358565043 163.2974591121494 140.3334300806873 115.9273814361176 146.617523364486</data>
    </avgRCells>
    <avgGCells idx="1" type="struct" size="1 1">
      <data idx="1" type="double" size="1 9">58.52417716375456 107.6275613861961 106.7601635514019 99.28583038253898 78.68877343704646 126.5005549065421 111.8372903001104 87.30060370348869 109.3314544392523</data>
    </avgGCells>
    <avgBCells idx="1" type="struct" size="1 1">
      <data idx="1" type="double" size="1 9">20.48365937191616 48.05889011435541 34.10800233644856 49.44392523364487 35.79535032216867 54.71790303738322 55.82083357520173 39.08588262611018 40.28262266355139</data>
    </avgBCells>
  </features>
</root>
