<?xml version="1.0"?>
<!-- Written on 15-Jun-2010 21:43:53 using the XML Toolbox for Matlab -->
<root xml_tb_version="3.1" idx="1" type="struct" size="1 1">
  <filename idx="1" type="char" size="1 41">3D_Design__Rezo__s_Head_by_Knuxtiger4.jpg</filename>
  <features idx="1" type="struct" size="1 1">
    <numFaces idx="1" type="struct" size="1 1">
      <data idx="1" type="double" size="1 1">0</data>
    </numFaces>
    <cornerRatio idx="1" type="struct" size="1 1">
      <data idx="1" type="double" size="1 1">0.000244140625</data>
    </cornerRatio>
    <edgeRatio idx="1" type="struct" size="1 1">
      <data idx="1" type="double" size="1 1">0.04465494791666667</data>
    </edgeRatio>
    <gridEdgeRatio idx="1" type="struct" size="1 1">
      <data idx="1" type="double" size="1 9">0.05392697509723113 0.1056771347303652 0.07128345039763169 0.01802403204272363 0.01686306379520523 0.0673942067684448 0.0006425233644859813 0.004818925233644862 0.06340537383177569</data>
    </gridEdgeRatio>
    <medianHue idx="1" type="struct" size="1 1">
      <data idx="1" type="double" size="1 1">35</data>
    </medianHue>
    <avgSat idx="1" type="struct" size="1 1">
      <data idx="1" type="double" size="1 1">26.07850585937501</data>
    </avgSat>
    <avgInt idx="1" type="struct" size="1 1">
      <data idx="1" type="double" size="1 1">110.1252636718751</data>
    </avgInt>
    <medHueCells idx="1" type="struct" size="1 1">
      <data idx="1" type="double" size="1 9">101 35 35 120 21 25 120 26 26</data>
    </medHueCells>
    <avgSatCells idx="1" type="struct" size="1 1">
      <data idx="1" type="double" size="1 9">23.43347651941719 19.16050386021943 30.0658878504673 25.69234341440762 17.98810007546293 34.54605724299066 39.46717362280144 19.20076043420212 25.00963785046729</data>
    </avgSatCells>
    <avgIntCells idx="1" type="struct" size="1 1">
      <data idx="1" type="double" size="1 9">83.49892610437107 111.6041098275962 106.4624123831776 137.2950020316944 130.686712718407 109.4531542056075 70.63499158298013 124.8174087188715 117.5543808411216</data>
    </avgIntCells>
    <cornerRatioGrid idx="1" type="struct" size="1 1">
      <data idx="1" type="double" size="1 9">16 18 26 3 0 12 0 0 0</data>
    </cornerRatioGrid>
    <avgR idx="1" type="struct" size="1 1">
      <data idx="1" type="double" size="1 1">106.6341894531251</data>
    </avgR>
    <avgG idx="1" type="struct" size="1 1">
      <data idx="1" type="double" size="1 1">106.1061425781249</data>
    </avgG>
    <avgB idx="1" type="struct" size="1 1">
      <data idx="1" type="double" size="1 1">103.3653450520832</data>
    </avgB>
    <avgRCells idx="1" type="struct" size="1 1">
      <data idx="1" type="double" size="1 9">77.89856039937311 109.6170836477623 103.3771904205607 127.0853311661926 130.1681952748592 109.2299357476636 65.32675451326409 122.5409531549312 115.4086448598131</data>
    </avgRCells>
    <avgGCells idx="1" type="struct" size="1 1">
      <data idx="1" type="double" size="1 9">80.1929819469437 110.0054855749695 106.2229848130841 127.7077262436872 125.8678818134324 106.9305490654205 64.59342891971909 120.3195274859233 113.990011682243</data>
    </avgGCells>
    <avgBCells idx="1" type="struct" size="1 1">
      <data idx="1" type="double" size="1 9">81.39977941603296 104.1212050850409 94.38241822429909 136.9983165960411 122.4262494920764 95.4301985981308 69.42488535438555 118.2136471817496 108.6643107476635</data>
    </avgBCells>
  </features>
</root>
