<?xml version="1.0"?>
<!-- Written on 15-Jun-2010 21:43:53 using the XML Toolbox for Matlab -->
<root xml_tb_version="3.1" idx="1" type="struct" size="1 1">
  <filename idx="1" type="char" size="1 44">3D_Design__Outdoor_Project_by_Knuxtiger4.jpg</filename>
  <features idx="1" type="struct" size="1 1">
    <numFaces idx="1" type="struct" size="1 1">
      <data idx="1" type="double" size="1 1">0</data>
    </numFaces>
    <cornerRatio idx="1" type="struct" size="1 1">
      <data idx="1" type="double" size="1 1">0.002340494791666667</data>
    </cornerRatio>
    <edgeRatio idx="1" type="struct" size="1 1">
      <data idx="1" type="double" size="1 1">0.255947265625</data>
    </edgeRatio>
    <gridEdgeRatio idx="1" type="struct" size="1 1">
      <data idx="1" type="double" size="1 9">0.1737098740349451 0.222702734080223 0.2533522958147096 0.2477215998142449 0.202617983398154 0.2814477274046555 0.2974591121495326 0.3117406542056074 0.3122371495327103</data>
    </gridEdgeRatio>
    <medianHue idx="1" type="struct" size="1 1">
      <data idx="1" type="double" size="1 1">33</data>
    </medianHue>
    <avgSat idx="1" type="struct" size="1 1">
      <data idx="1" type="double" size="1 1">70.38140625000001</data>
    </avgSat>
    <avgInt idx="1" type="struct" size="1 1">
      <data idx="1" type="double" size="1 1">115.2317708333334</data>
    </avgInt>
    <medHueCells idx="1" type="struct" size="1 1">
      <data idx="1" type="double" size="1 9">24 32 31 105 103 35 32 22 31</data>
    </medHueCells>
    <avgSatCells idx="1" type="struct" size="1 1">
      <data idx="1" type="double" size="1 9">77.73019097927671 74.53837000058051 90.10800233644866 46.27485923259999 44.98841934173097 96.03069509345792 60.22804318801879 56.05015382829281 87.71542056074769</data>
    </avgSatCells>
    <avgIntCells idx="1" type="struct" size="1 1">
      <data idx="1" type="double" size="1 9">78.21611423927554 99.53900853311659 110.1056950934579 135.6739710918906 138.8326754513264 116.7351051401869 123.958001973646 127.0738956289545 107.1522488317757</data>
    </avgIntCells>
    <cornerRatioGrid idx="1" type="struct" size="1 1">
      <data idx="1" type="double" size="1 9">34 100 82 75 82 82 96 70 98</data>
    </cornerRatioGrid>
    <avgR idx="1" type="struct" size="1 1">
      <data idx="1" type="double" size="1 1">107.9737630208333</data>
    </avgR>
    <avgG idx="1" type="struct" size="1 1">
      <data idx="1" type="double" size="1 1">105.4720703125002</data>
    </avgG>
    <avgB idx="1" type="struct" size="1 1">
      <data idx="1" type="double" size="1 1">88.33728190104173</data>
    </avgB>
    <avgRCells idx="1" type="struct" size="1 1">
      <data idx="1" type="double" size="1 9">73.54588726998314 94.19103732512917 103.8698890186915 126.6995994659546 128.4034654902188 105.1308119158879 114.6097114993905 124.2220932257503 101.3108936915888</data>
    </avgRCells>
    <avgGCells idx="1" type="struct" size="1 1">
      <data idx="1" type="double" size="1 9">68.5441748418181 89.56713298891279 104.2263726635515 121.8171475010159 127.4685377604924 109.771261682243 108.9764033203692 117.6712718407151 101.2961156542055</data>
    </avgGCells>
    <avgBCells idx="1" type="struct" size="1 1">
      <data idx="1" type="double" size="1 9">58.64308933650664 70.00417948569104 72.53563084112149 119.3741220177627 122.4857491147617 74.80289135514018 105.0074011725779 100.6957392465316 71.32146612149529</data>
    </avgBCells>
  </features>
</root>
