<?xml version="1.0"?>
<!-- Written on 15-Jun-2010 21:43:54 using the XML Toolbox for Matlab -->
<root xml_tb_version="3.1" idx="1" type="struct" size="1 1">
  <filename idx="1" type="char" size="1 45">3D_Design__Stryofoam_Dragon_by_Knuxtiger4.jpg</filename>
  <features idx="1" type="struct" size="1 1">
    <numFaces idx="1" type="struct" size="1 1">
      <data idx="1" type="double" size="1 1">0</data>
    </numFaces>
    <cornerRatio idx="1" type="struct" size="1 1">
      <data idx="1" type="double" size="1 1">7.161458333333333e-05</data>
    </cornerRatio>
    <edgeRatio idx="1" type="struct" size="1 1">
      <data idx="1" type="double" size="1 1">0.02224934895833333</data>
    </edgeRatio>
    <gridEdgeRatio idx="1" type="struct" size="1 1">
      <data idx="1" type="double" size="1 9">0.01541185348580713 0.04048876763220526 0.08300922969756817 0.02528008358971374 0.01825622569222732 0.004411679340570035 0.004293224299065422 0.001606308411214953 0.007126168224299071</data>
    </gridEdgeRatio>
    <medianHue idx="1" type="struct" size="1 1">
      <data idx="1" type="double" size="1 1">34</data>
    </medianHue>
    <avgSat idx="1" type="struct" size="1 1">
      <data idx="1" type="double" size="1 1">18.91632486979168</data>
    </avgSat>
    <avgInt idx="1" type="struct" size="1 1">
      <data idx="1" type="double" size="1 1">122.4040006510417</data>
    </avgInt>
    <medHueCells idx="1" type="struct" size="1 1">
      <data idx="1" type="double" size="1 9">35 36 43 108 14 30 113 19 30</data>
    </medHueCells>
    <avgSatCells idx="1" type="struct" size="1 1">
      <data idx="1" type="double" size="1 9">31.10811516805015 15.09644743716259 16.62616822429907 28.76603587391884 15.4368143031288 6.423335280373828 31.33380739536774 14.36277355314332 10.72473714953271</data>
    </avgSatCells>
    <avgIntCells idx="1" type="struct" size="1 1">
      <data idx="1" type="double" size="1 9">77.4575085621408 138.4874905671331 120.4409462616823 107.63278574331 141.47776745806 141.1688668224299 126.9361177221802 126.5511406513032 122.3891063084112</data>
    </avgIntCells>
    <cornerRatioGrid idx="1" type="struct" size="1 1">
      <data idx="1" type="double" size="1 9">1 7 14 0 0 0 0 0 0</data>
    </cornerRatioGrid>
    <avgR idx="1" type="struct" size="1 1">
      <data idx="1" type="double" size="1 1">119.0883658854166</data>
    </avgR>
    <avgG idx="1" type="struct" size="1 1">
      <data idx="1" type="double" size="1 1">118.5593229166668</data>
    </avgG>
    <avgB idx="1" type="struct" size="1 1">
      <data idx="1" type="double" size="1 1">116.9964160156248</data>
    </avgB>
    <avgRCells idx="1" type="struct" size="1 1">
      <data idx="1" type="double" size="1 9">75.17919544900448 133.7770940964765 116.3105724299066 102.4290648400766 140.6696174609625 140.3179614485981 116.2605793231555 125.9785801358333 121.7781834112149</data>
    </avgRCells>
    <avgGCells idx="1" type="struct" size="1 1">
      <data idx="1" type="double" size="1 9">75.79279619202416 135.127067974691 120.1261974299065 100.3511638706681 136.10408080339 139.9986565420561 116.1616358042608 122.9639519359146 121.3168516355141</data>
    </avgGCells>
    <avgBCells idx="1" type="struct" size="1 1">
      <data idx="1" type="double" size="1 9">70.92369536193183 133.498461717072 113.1537091121496 103.1107273466071 133.9275846055611 137.680023364486 124.2503918267835 119.9460440006966 117.4349591121495</data>
    </avgBCells>
  </features>
</root>
