<?xml version="1.0"?>
<!-- Written on 15-Jun-2010 21:43:54 using the XML Toolbox for Matlab -->
<root xml_tb_version="3.1" idx="1" type="struct" size="1 1">
  <filename idx="1" type="char" size="1 22">400_by_Pierrebfoto.jpg</filename>
  <features idx="1" type="struct" size="1 1">
    <numFaces idx="1" type="struct" size="1 1">
      <data idx="1" type="double" size="1 1">0</data>
    </numFaces>
    <cornerRatio idx="1" type="struct" size="1 1">
      <data idx="1" type="double" size="1 1">1.481481481481481e-05</data>
    </cornerRatio>
    <edgeRatio idx="1" type="struct" size="1 1">
      <data idx="1" type="double" size="1 1">0.01382345679012346</data>
    </edgeRatio>
    <gridEdgeRatio idx="1" type="struct" size="1 1">
      <data idx="1" type="double" size="1 9">0.01236189446032607 0.00878577499144598 0.004429678848283511 0.03371927462169295 0.009999889625942325 0.01595791805094136 0.008050941306755257 0.02695459579180508 0.004200000000000014</data>
    </gridEdgeRatio>
    <medianHue idx="1" type="struct" size="1 1">
      <data idx="1" type="double" size="1 1">0</data>
    </medianHue>
    <avgSat idx="1" type="struct" size="1 1">
      <data idx="1" type="double" size="1 1">0</data>
    </avgSat>
    <avgInt idx="1" type="struct" size="1 1">
      <data idx="1" type="double" size="1 1">121.7894567901235</data>
    </avgInt>
    <medHueCells idx="1" type="struct" size="1 1">
      <data idx="1" type="double" size="1 9">0 0 0 0 0 0 0 0 0</data>
    </medHueCells>
    <avgSatCells idx="1" type="struct" size="1 1">
      <data idx="1" type="double" size="1 9">0 0 0 0 0 0 0 0 0</data>
    </avgSatCells>
    <avgIntCells idx="1" type="struct" size="1 1">
      <data idx="1" type="double" size="1 9">76.26221564883387 129.3687818015254 155.0596566998893 93.10375161422058 86.17113497643511 139.2769102990033 80.00075304540424 176.0567441860466 161.7545777777778</data>
    </avgIntCells>
    <cornerRatioGrid idx="1" type="struct" size="1 1">
      <data idx="1" type="double" size="1 9">0 2 0 4 2 0 1 3 0</data>
    </cornerRatioGrid>
    <avgR idx="1" type="struct" size="1 1">
      <data idx="1" type="double" size="1 1">121.7894567901235</data>
    </avgR>
    <avgG idx="1" type="struct" size="1 1">
      <data idx="1" type="double" size="1 1">121.7894567901235</data>
    </avgG>
    <avgB idx="1" type="struct" size="1 1">
      <data idx="1" type="double" size="1 1">121.7894567901235</data>
    </avgB>
    <avgRCells idx="1" type="struct" size="1 1">
      <data idx="1" type="double" size="1 9">76.26221564883387 129.3687818015254 155.0596566998893 93.10375161422058 86.17113497643511 139.2769102990033 80.00075304540424 176.0567441860466 161.7545777777778</data>
    </avgRCells>
    <avgGCells idx="1" type="struct" size="1 1">
      <data idx="1" type="double" size="1 9">76.26221564883387 129.3687818015254 155.0596566998893 93.10375161422058 86.17113497643511 139.2769102990033 80.00075304540424 176.0567441860466 161.7545777777778</data>
    </avgGCells>
    <avgBCells idx="1" type="struct" size="1 1">
      <data idx="1" type="double" size="1 9">76.26221564883387 129.3687818015254 155.0596566998893 93.10375161422058 86.17113497643511 139.2769102990033 80.00075304540424 176.0567441860466 161.7545777777778</data>
    </avgBCells>
  </features>
</root>
