<?xml version="1.0"?>
<!-- Written on 15-Jun-2010 21:43:54 using the XML Toolbox for Matlab -->
<root xml_tb_version="3.1" idx="1" type="struct" size="1 1">
  <filename idx="1" type="char" size="1 22">4039_by_zihnisinir.jpg</filename>
  <features idx="1" type="struct" size="1 1">
    <numFaces idx="1" type="struct" size="1 1">
      <data idx="1" type="double" size="1 1">0</data>
    </numFaces>
    <cornerRatio idx="1" type="struct" size="1 1">
      <data idx="1" type="double" size="1 1">0.000496156533892383</data>
    </cornerRatio>
    <edgeRatio idx="1" type="struct" size="1 1">
      <data idx="1" type="double" size="1 1">0.08568832983927324</data>
    </edgeRatio>
    <gridEdgeRatio idx="1" type="struct" size="1 1">
      <data idx="1" type="double" size="1 9">0.02308208175423819 0.03094246635162744 0 0.03783589887552829 0.1445437389853242 0.06068965517241375 0.09853249475890989 0.2897931725022685 0.08867924528301868</data>
    </gridEdgeRatio>
    <medianHue idx="1" type="struct" size="1 1">
      <data idx="1" type="double" size="1 1">0</data>
    </medianHue>
    <avgSat idx="1" type="struct" size="1 1">
      <data idx="1" type="double" size="1 1">0</data>
    </avgSat>
    <avgInt idx="1" type="struct" size="1 1">
      <data idx="1" type="double" size="1 1">58.6141614255765</data>
    </avgInt>
    <medHueCells idx="1" type="struct" size="1 1">
      <data idx="1" type="double" size="1 9">0 0 0 0 0 0 0 0 0</data>
    </medHueCells>
    <avgSatCells idx="1" type="struct" size="1 1">
      <data idx="1" type="double" size="1 9">0 0 0 0 0 0 0 0 0</data>
    </avgSatCells>
    <avgIntCells idx="1" type="struct" size="1 1">
      <data idx="1" type="double" size="1 9">11.80141611690762 24.61310999859637 43.21188084733566 17.64119839673109 195.1656451285891 162.092118026221 6.905219435736676 26.3844670846395 40.5971855345912</data>
    </avgIntCells>
    <cornerRatioGrid idx="1" type="struct" size="1 1">
      <data idx="1" type="double" size="1 9">0 7 0 3 29 9 45 155 36</data>
    </cornerRatioGrid>
    <avgR idx="1" type="struct" size="1 1">
      <data idx="1" type="double" size="1 1">58.6141614255765</data>
    </avgR>
    <avgG idx="1" type="struct" size="1 1">
      <data idx="1" type="double" size="1 1">58.6141614255765</data>
    </avgG>
    <avgB idx="1" type="struct" size="1 1">
      <data idx="1" type="double" size="1 1">58.6141614255765</data>
    </avgB>
    <avgRCells idx="1" type="struct" size="1 1">
      <data idx="1" type="double" size="1 9">11.80141611690762 24.61310999859637 43.21188084733566 17.64119839673109 195.1656451285891 162.092118026221 6.905219435736676 26.3844670846395 40.5971855345912</data>
    </avgRCells>
    <avgGCells idx="1" type="struct" size="1 1">
      <data idx="1" type="double" size="1 9">11.80141611690762 24.61310999859637 43.21188084733566 17.64119839673109 195.1656451285891 162.092118026221 6.905219435736676 26.3844670846395 40.5971855345912</data>
    </avgGCells>
    <avgBCells idx="1" type="struct" size="1 1">
      <data idx="1" type="double" size="1 9">11.80141611690762 24.61310999859637 43.21188084733566 17.64119839673109 195.1656451285891 162.092118026221 6.905219435736676 26.3844670846395 40.5971855345912</data>
    </avgBCells>
  </features>
</root>
