<?xml version="1.0"?>
<!-- Written on 15-Jun-2010 21:43:54 using the XML Toolbox for Matlab -->
<root xml_tb_version="3.1" idx="1" type="struct" size="1 1">
  <filename idx="1" type="char" size="1 22">4057_by_zihnisinir.jpg</filename>
  <features idx="1" type="struct" size="1 1">
    <numFaces idx="1" type="struct" size="1 1">
      <data idx="1" type="double" size="1 1">0</data>
    </numFaces>
    <cornerRatio idx="1" type="struct" size="1 1">
      <data idx="1" type="double" size="1 1">0.001557809330628803</data>
    </cornerRatio>
    <edgeRatio idx="1" type="struct" size="1 1">
      <data idx="1" type="double" size="1 1">0.2161244083840433</data>
    </edgeRatio>
    <gridEdgeRatio idx="1" type="struct" size="1 1">
      <data idx="1" type="double" size="1 9">0.1371725220330798 0.1134854521308705 0.2500606060606062 0.2333212604128938 0.2209827357237715 0.2533818181818182 0.2752142943378003 0.2025836049740432 0.2604848484848483</data>
    </gridEdgeRatio>
    <medianHue idx="1" type="struct" size="1 1">
      <data idx="1" type="double" size="1 1">0</data>
    </medianHue>
    <avgSat idx="1" type="struct" size="1 1">
      <data idx="1" type="double" size="1 1">0</data>
    </avgSat>
    <avgInt idx="1" type="struct" size="1 1">
      <data idx="1" type="double" size="1 1">115.1322298850576</data>
    </avgInt>
    <medHueCells idx="1" type="struct" size="1 1">
      <data idx="1" type="double" size="1 9">0 0 0 0 0 0 0 0 0</data>
    </medHueCells>
    <avgSatCells idx="1" type="struct" size="1 1">
      <data idx="1" type="double" size="1 9">0 0 0 0 0 0 0 0 0</data>
    </avgSatCells>
    <avgIntCells idx="1" type="struct" size="1 1">
      <data idx="1" type="double" size="1 9">149.396209102982 142.8765423155862 104.5980683327298 106.368103344199 134.7237957261862 68.83655680309072 108.5024484848485 133.3835151515151 88.36700606060613</data>
    </avgIntCells>
    <cornerRatioGrid idx="1" type="struct" size="1 1">
      <data idx="1" type="double" size="1 9">66 51 96 83 78 87 26 64 25</data>
    </cornerRatioGrid>
    <avgR idx="1" type="struct" size="1 1">
      <data idx="1" type="double" size="1 1">115.1322298850576</data>
    </avgR>
    <avgG idx="1" type="struct" size="1 1">
      <data idx="1" type="double" size="1 1">115.1322298850576</data>
    </avgG>
    <avgB idx="1" type="struct" size="1 1">
      <data idx="1" type="double" size="1 1">115.1322298850576</data>
    </avgB>
    <avgRCells idx="1" type="struct" size="1 1">
      <data idx="1" type="double" size="1 9">149.396209102982 142.8765423155862 104.5980683327298 106.368103344199 134.7237957261862 68.83655680309072 108.5024484848485 133.3835151515151 88.36700606060613</data>
    </avgRCells>
    <avgGCells idx="1" type="struct" size="1 1">
      <data idx="1" type="double" size="1 9">149.396209102982 142.8765423155862 104.5980683327298 106.368103344199 134.7237957261862 68.83655680309072 108.5024484848485 133.3835151515151 88.36700606060613</data>
    </avgGCells>
    <avgBCells idx="1" type="struct" size="1 1">
      <data idx="1" type="double" size="1 9">149.396209102982 142.8765423155862 104.5980683327298 106.368103344199 134.7237957261862 68.83655680309072 108.5024484848485 133.3835151515151 88.36700606060613</data>
    </avgBCells>
  </features>
</root>
