<?xml version="1.0"?>
<!-- Written on 15-Jun-2010 21:43:54 using the XML Toolbox for Matlab -->
<root xml_tb_version="3.1" idx="1" type="struct" size="1 1">
  <filename idx="1" type="char" size="1 22">4063_by_zihnisinir.jpg</filename>
  <features idx="1" type="struct" size="1 1">
    <numFaces idx="1" type="struct" size="1 1">
      <data idx="1" type="double" size="1 1">0</data>
    </numFaces>
    <cornerRatio idx="1" type="struct" size="1 1">
      <data idx="1" type="double" size="1 1">0.001604749138261203</data>
    </cornerRatio>
    <edgeRatio idx="1" type="struct" size="1 1">
      <data idx="1" type="double" size="1 1">0.2025660666411337</data>
    </edgeRatio>
    <gridEdgeRatio idx="1" type="struct" size="1 1">
      <data idx="1" type="double" size="1 9">0.267111111111111 0.2156923076923076 0.2473846153846153 0.2167863247863245 0.2330256410256407 0.2191452991452988 0.198017094017094 0.1490256410256408 0.07644444444444425</data>
    </gridEdgeRatio>
    <medianHue idx="1" type="struct" size="1 1">
      <data idx="1" type="double" size="1 1">95</data>
    </medianHue>
    <avgSat idx="1" type="struct" size="1 1">
      <data idx="1" type="double" size="1 1">96.10015319800844</data>
    </avgSat>
    <avgInt idx="1" type="struct" size="1 1">
      <data idx="1" type="double" size="1 1">125.2766296438146</data>
    </avgInt>
    <medHueCells idx="1" type="struct" size="1 1">
      <data idx="1" type="double" size="1 9">101 104 86 100 101 30 67 17 22</data>
    </medHueCells>
    <avgSatCells idx="1" type="struct" size="1 1">
      <data idx="1" type="double" size="1 9">106.4939145299145 90.91945299145297 50.86143589743589 107.4991452991453 96.35360683760683 53.75220512820513 128.5551111111111 159.5955213675213 71.87555555555551</data>
    </avgSatCells>
    <avgIntCells idx="1" type="struct" size="1 1">
      <data idx="1" type="double" size="1 9">163.2896410256409 117.4321367521368 117.3855726495726 158.6889572649575 133.0836581196581 94.05497435897433 117.836717948718 151.7457777777778 74.12461538461542</data>
    </avgIntCells>
    <cornerRatioGrid idx="1" type="struct" size="1 1">
      <data idx="1" type="double" size="1 9">78 68 70 27 82 70 8 10 6</data>
    </cornerRatioGrid>
    <avgR idx="1" type="struct" size="1 1">
      <data idx="1" type="double" size="1 1">102.5444159325928</data>
    </avgR>
    <avgG idx="1" type="struct" size="1 1">
      <data idx="1" type="double" size="1 1">97.21079279969364</data>
    </avgG>
    <avgB idx="1" type="struct" size="1 1">
      <data idx="1" type="double" size="1 1">94.69772500957494</data>
    </avgB>
    <avgRCells idx="1" type="struct" size="1 1">
      <data idx="1" type="double" size="1 9">134.1819829059828 89.1638632478633 101.2480341880341 103.6049230769231 104.2749743589744 88.48376068376074 89.10991452991449 142.8353846153846 70.28776068376067</data>
    </avgRCells>
    <avgGCells idx="1" type="struct" size="1 1">
      <data idx="1" type="double" size="1 9">114.3606495726496 90.19011965811968 106.982188034188 126.7448888888889 105.8991794871795 83.50721367521362 91.44594871794874 93.5626666666666 61.75825641025638</data>
    </avgGCells>
    <avgBCells idx="1" type="struct" size="1 1">
      <data idx="1" type="double" size="1 9">120.1077606837607 102.0366153846154 110.0538461538462 144.1530940170941 113.546735042735 80.84283760683756 76.01504273504274 52.60878632478632 52.04133333333338</data>
    </avgBCells>
  </features>
</root>
