<?xml version="1.0"?>
<!-- Written on 15-Jun-2010 21:43:55 using the XML Toolbox for Matlab -->
<root xml_tb_version="3.1" idx="1" type="struct" size="1 1">
  <filename idx="1" type="char" size="1 36">42708b17db0af0f007faf27fbcce1e73.jpg</filename>
  <features idx="1" type="struct" size="1 1">
    <numFaces idx="1" type="struct" size="1 1">
      <data idx="1" type="double" size="1 1">0</data>
    </numFaces>
    <cornerRatio idx="1" type="struct" size="1 1">
      <data idx="1" type="double" size="1 1">0.0005145929339477727</data>
    </cornerRatio>
    <edgeRatio idx="1" type="struct" size="1 1">
      <data idx="1" type="double" size="1 1">0.04232910906298003</data>
    </edgeRatio>
    <gridEdgeRatio idx="1" type="struct" size="1 1">
      <data idx="1" type="double" size="1 9">0.01636644364384972 0.08593240693086292 0.0440689655172414 0.05668210670784012 0.03782810087493568 0.04336206896551728 0.02895865500085779 0.05544690341396462 0.01344827586206896</data>
    </gridEdgeRatio>
    <medianHue idx="1" type="struct" size="1 1">
      <data idx="1" type="double" size="1 1">24</data>
    </medianHue>
    <avgSat idx="1" type="struct" size="1 1">
      <data idx="1" type="double" size="1 1">20.02429339477725</data>
    </avgSat>
    <avgInt idx="1" type="struct" size="1 1">
      <data idx="1" type="double" size="1 1">205.1680069124422</data>
    </avgInt>
    <medHueCells idx="1" type="struct" size="1 1">
      <data idx="1" type="double" size="1 9">20 56 20 42 63 21 24 30 21</data>
    </medHueCells>
    <avgSatCells idx="1" type="struct" size="1 1">
      <data idx="1" type="double" size="1 9">5.497255103791385 22.07840109795848 14.87840109795848 22.3466460799451 46.32794647452392 16.86963458569223 14.84081034482757 25.7362241379311 12.05922413793103</data>
    </avgSatCells>
    <avgIntCells idx="1" type="struct" size="1 1">
      <data idx="1" type="double" size="1 9">231.3687596500257 197.3160404872189 217.2108423400241 201.5378281008749 140.8953165208439 215.0547092125582 224.0035344827585 183.7872931034483 234.4632586206895</data>
    </avgIntCells>
    <cornerRatioGrid idx="1" type="struct" size="1 1">
      <data idx="1" type="double" size="1 9">16 40 33 45 28 53 11 28 14</data>
    </cornerRatioGrid>
    <avgR idx="1" type="struct" size="1 1">
      <data idx="1" type="double" size="1 1">199.1052956989245</data>
    </avgR>
    <avgG idx="1" type="struct" size="1 1">
      <data idx="1" type="double" size="1 1">201.7934658218126</data>
    </avgG>
    <avgB idx="1" type="struct" size="1 1">
      <data idx="1" type="double" size="1 1">196.6033544546854</data>
    </avgB>
    <avgRCells idx="1" type="struct" size="1 1">
      <data idx="1" type="double" size="1 9">230.1060044604563 188.0878709898782 215.5544861897409 194.0128667009779 124.7349802710585 210.8567850403156 218.3941551724137 176.5383620689655 232.6190172413792</data>
    </avgRCells>
    <avgGCells idx="1" type="struct" size="1 1">
      <data idx="1" type="double" size="1 9">230.1850231600617 194.5253902899296 213.3600274489621 199.0891748155774 134.199776977183 211.295934122491 221.7828965517241 179.4987758620689 231.2745</data>
    </avgGCells>
    <avgBCells idx="1" type="struct" size="1 1">
      <data idx="1" type="double" size="1 9">227.7397666838223 188.5451363870303 210.066855378281 191.8264710928118 129.7749013552925 205.3248927774919 213.5474827586206 177.3725344827587 224.2464827586207</data>
    </avgBCells>
  </features>
</root>
