<?xml version="1.0"?>
<!-- Written on 15-Jun-2010 21:43:55 using the XML Toolbox for Matlab -->
<root xml_tb_version="3.1" idx="1" type="struct" size="1 1">
  <filename idx="1" type="char" size="1 36">436107c9acd6c88dec8011ec4b8f0fd4.jpg</filename>
  <features idx="1" type="struct" size="1 1">
    <numFaces idx="1" type="struct" size="1 1">
      <data idx="1" type="double" size="1 1">0</data>
    </numFaces>
    <cornerRatio idx="1" type="struct" size="1 1">
      <data idx="1" type="double" size="1 1">8.148148148148148e-05</data>
    </cornerRatio>
    <edgeRatio idx="1" type="struct" size="1 1">
      <data idx="1" type="double" size="1 1">0.1023092592592593</data>
    </edgeRatio>
    <gridEdgeRatio idx="1" type="struct" size="1 1">
      <data idx="1" type="double" size="1 9">0.1038164658435398 0.08406472620287271 0.09885382059800663 0.08690765441893517 0.05694120758334572 0.1714451827242524 0.1412935323383085 0.0801160862354892 0.09675000000000003</data>
    </gridEdgeRatio>
    <medianHue idx="1" type="struct" size="1 1">
      <data idx="1" type="double" size="1 1">22</data>
    </medianHue>
    <avgSat idx="1" type="struct" size="1 1">
      <data idx="1" type="double" size="1 1">30.79968148148147</data>
    </avgSat>
    <avgInt idx="1" type="struct" size="1 1">
      <data idx="1" type="double" size="1 1">157.4533962962961</data>
    </avgInt>
    <medHueCells idx="1" type="struct" size="1 1">
      <data idx="1" type="double" size="1 9">22 25 21 25 25 22 20 21 18</data>
    </medHueCells>
    <avgSatCells idx="1" type="struct" size="1 1">
      <data idx="1" type="double" size="1 9">26.86380390406772 23.11930381316012 34.06081260364842 24.68160856845341 20.72580618502173 31.19943615257047 33.62458471760797 38.18583056478406 44.69200000000001</data>
    </avgSatCells>
    <avgIntCells idx="1" type="struct" size="1 1">
      <data idx="1" type="double" size="1 9">175.3578122675658 209.1977983834976 149.0251907131012 184.7094593477794 220.2635163055155 166.4014096185737 97.02563122923583 127.9224252491694 87.8804666666667</data>
    </avgIntCells>
    <cornerRatioGrid idx="1" type="struct" size="1 1">
      <data idx="1" type="double" size="1 9">21 18 5 0 0 0 0 0 0</data>
    </cornerRatioGrid>
    <avgR idx="1" type="struct" size="1 1">
      <data idx="1" type="double" size="1 1">157.4524351851851</data>
    </avgR>
    <avgG idx="1" type="struct" size="1 1">
      <data idx="1" type="double" size="1 1">153.1136129629629</data>
    </avgG>
    <avgB idx="1" type="struct" size="1 1">
      <data idx="1" type="double" size="1 1">141.2645796296298</data>
    </avgB>
    <avgRCells idx="1" type="struct" size="1 1">
      <data idx="1" type="double" size="1 9">175.3530189583644 209.1977818548452 149.0251907131012 184.7057404009852 220.263499776863 166.4014096185737 97.02553156146173 127.9224252491694 87.8804666666667</data>
    </avgRCells>
    <avgGCells idx="1" type="struct" size="1 1">
      <data idx="1" type="double" size="1 9">171.1579808598206 205.2215500570238 144.2079933665008 181.215798085982 216.6893439777855 161.5924046434494 93.43485049833888 122.4142857142857 82.78683333333336</data>
    </avgGCells>
    <avgBCells idx="1" type="struct" size="1 1">
      <data idx="1" type="double" size="1 9">158.4059602320622 191.1734186211798 132.2568822553897 168.8328787953919 202.4638435728336 148.6509618573797 85.40651162790702 110.6623754152823 74.18050000000008</data>
    </avgBCells>
  </features>
</root>
