<?xml version="1.0"?>
<!-- Written on 15-Jun-2010 21:43:55 using the XML Toolbox for Matlab -->
<root xml_tb_version="3.1" idx="1" type="struct" size="1 1">
  <filename idx="1" type="char" size="1 36">43a19614516e6315cd8804e3604d84f8.jpg</filename>
  <features idx="1" type="struct" size="1 1">
    <numFaces idx="1" type="struct" size="1 1">
      <data idx="1" type="double" size="1 1">0</data>
    </numFaces>
    <cornerRatio idx="1" type="struct" size="1 1">
      <data idx="1" type="double" size="1 1">0.000397678784775559</data>
    </cornerRatio>
    <edgeRatio idx="1" type="struct" size="1 1">
      <data idx="1" type="double" size="1 1">0.06287933094384707</data>
    </edgeRatio>
    <gridEdgeRatio idx="1" type="struct" size="1 1">
      <data idx="1" type="double" size="1 9">0 0.118620563539111 0.1016995865870464 0.04164825284588778 0.1132411880343182 0.04521512785178385 0.04017734291392754 0.07278703562146462 0.03222734254992321</data>
    </gridEdgeRatio>
    <medianHue idx="1" type="struct" size="1 1">
      <data idx="1" type="double" size="1 1">0</data>
    </medianHue>
    <avgSat idx="1" type="struct" size="1 1">
      <data idx="1" type="double" size="1 1">28.98904079194403</data>
    </avgSat>
    <avgInt idx="1" type="struct" size="1 1">
      <data idx="1" type="double" size="1 1">197.4928127666837</data>
    </avgInt>
    <medHueCells idx="1" type="struct" size="1 1">
      <data idx="1" type="double" size="1 9">0 0 0 7 11 8 0 0 0</data>
    </medHueCells>
    <avgSatCells idx="1" type="struct" size="1 1">
      <data idx="1" type="double" size="1 9">0 10.95885463494918 8.067604341843753 69.55374041846358 47.34263421770468 57.44948784589514 20.95189098147297 39.46917776757005 7.103026113671272</data>
    </avgSatCells>
    <avgIntCells idx="1" type="struct" size="1 1">
      <data idx="1" type="double" size="1 9">255 228.8069977598635 233.0885338633236 170.8677252708737 153.9446213864464 123.2890995260664 180.9256928494871 199.9423212371765 231.0228571428572</data>
    </avgIntCells>
    <cornerRatioGrid idx="1" type="struct" size="1 1">
      <data idx="1" type="double" size="1 9">0 33 52 22 53 10 30 16 17</data>
    </cornerRatioGrid>
    <avgR idx="1" type="struct" size="1 1">
      <data idx="1" type="double" size="1 1">196.2724458098652</data>
    </avgR>
    <avgG idx="1" type="struct" size="1 1">
      <data idx="1" type="double" size="1 1">187.1951629970987</data>
    </avgG>
    <avgB idx="1" type="struct" size="1 1">
      <data idx="1" type="double" size="1 1">184.7069653524492</data>
    </avgB>
    <avgRCells idx="1" type="struct" size="1 1">
      <data idx="1" type="double" size="1 9">255 228.5059508389082 232.697599755389 168.4611481080751 150.9616738544063 121.9664577281761 179.4679375287093 198.5856836625326 230.2411213517665</data>
    </avgRCells>
    <avgGCells idx="1" type="struct" size="1 1">
      <data idx="1" type="double" size="1 9">255 225.0732082717424 231.384849411405 152.6708827966657 136.9562487618293 97.24263874025372 175.551753177155 181.7111468381565 228.5339016897081</data>
    </avgGCells>
    <avgBCells idx="1" type="struct" size="1 1">
      <data idx="1" type="double" size="1 9">255 224.2063059081696 230.3912398715793 149.4070190944971 132.8998186556133 88.98203638587368 175.4003827897718 176.7003521665901 228.7398003072197</data>
    </avgBCells>
  </features>
</root>
