<?xml version="1.0"?>
<!-- Written on 15-Jun-2010 21:43:55 using the XML Toolbox for Matlab -->
<root xml_tb_version="3.1" idx="1" type="struct" size="1 1">
  <filename idx="1" type="char" size="1 36">43a6302d5e37781a4d659948a964e478.jpg</filename>
  <features idx="1" type="struct" size="1 1">
    <numFaces idx="1" type="struct" size="1 1">
      <data idx="1" type="double" size="1 1">1</data>
    </numFaces>
    <cornerRatio idx="1" type="struct" size="1 1">
      <data idx="1" type="double" size="1 1">0.0002988643156007172</data>
    </cornerRatio>
    <edgeRatio idx="1" type="struct" size="1 1">
      <data idx="1" type="double" size="1 1">0.0749053596333931</data>
    </edgeRatio>
    <gridEdgeRatio idx="1" type="struct" size="1 1">
      <data idx="1" type="double" size="1 9">0.03401954976303319 0.06879443127962082 0.1102380952380952 0.1344638625592416 0.0541469194312796 0.06516369047619049 0.0859936212703807 0.07137321529702825 0.05040431266846366</data>
    </gridEdgeRatio>
    <medianHue idx="1" type="struct" size="1 1">
      <data idx="1" type="double" size="1 1">109</data>
    </medianHue>
    <avgSat idx="1" type="struct" size="1 1">
      <data idx="1" type="double" size="1 1">106.6932473268247</data>
    </avgSat>
    <avgInt idx="1" type="struct" size="1 1">
      <data idx="1" type="double" size="1 1">191.8986451484359</data>
    </avgInt>
    <medHueCells idx="1" type="struct" size="1 1">
      <data idx="1" type="double" size="1 9">0 104 104 114 120 109 114 114 110</data>
    </medHueCells>
    <avgSatCells idx="1" type="struct" size="1 1">
      <data idx="1" type="double" size="1 9">31.22895438388625 127.9223489336493 121.6009866165906 108.6338418246445 140.7332345971563 152.1999165399863 143.4179613095238 80.47364583333335 53.99113507038036</data>
    </avgSatCells>
    <avgIntCells idx="1" type="struct" size="1 1">
      <data idx="1" type="double" size="1 9">233.8861226303317 202.7591824644549 198.7246862797698 174.6200088862559 146.6281398104266 186.1286029389848 167.5392261904762 203.1482886904763 213.888349805331</data>
    </avgIntCells>
    <cornerRatioGrid idx="1" type="struct" size="1 1">
      <data idx="1" type="double" size="1 9">4 16 9 27 22 12 40 43 7</data>
    </cornerRatioGrid>
    <avgR idx="1" type="struct" size="1 1">
      <data idx="1" type="double" size="1 1">131.3459437470944</data>
    </avgR>
    <avgG idx="1" type="struct" size="1 1">
      <data idx="1" type="double" size="1 1">146.3286959553695</data>
    </avgG>
    <avgB idx="1" type="struct" size="1 1">
      <data idx="1" type="double" size="1 1">187.0931991764627</data>
    </avgB>
    <avgRCells idx="1" type="struct" size="1 1">
      <data idx="1" type="double" size="1 9">216.0788210900474 110.3787174170616 117.916644311306 119.2699644549763 86.24974822274879 96.11912426599899 88.70299107142861 165.684375 182.0758610362385</data>
    </avgRCells>
    <avgGCells idx="1" type="struct" size="1 1">
      <data idx="1" type="double" size="1 9">221.6316943127963 154.7789247630332 156.3993561656085 126.5790580568721 89.5902547393365 124.6873826343557 98.8943452380952 159.6271875 184.855959868224</data>
    </avgGCells>
    <avgBCells idx="1" type="struct" size="1 1">
      <data idx="1" type="double" size="1 9">233.7626036729859 202.6553761848342 198.4846642224806 172.9103228672986 140.256412914692 178.4794479716235 161.7545386904763 188.4251488095238 207.1149895178197</data>
    </avgBCells>
  </features>
</root>
