<?xml version="1.0"?>
<!-- Written on 15-Jun-2010 21:43:56 using the XML Toolbox for Matlab -->
<root xml_tb_version="3.1" idx="1" type="struct" size="1 1">
  <filename idx="1" type="char" size="1 36">4422c28b27e45389671372f4e1e8effe.jpg</filename>
  <features idx="1" type="struct" size="1 1">
    <numFaces idx="1" type="struct" size="1 1">
      <data idx="1" type="double" size="1 1">0</data>
    </numFaces>
    <cornerRatio idx="1" type="struct" size="1 1">
      <data idx="1" type="double" size="1 1">0.000462228714524207</data>
    </cornerRatio>
    <edgeRatio idx="1" type="struct" size="1 1">
      <data idx="1" type="double" size="1 1">0.04036310517529215</data>
    </edgeRatio>
    <gridEdgeRatio idx="1" type="struct" size="1 1">
      <data idx="1" type="double" size="1 9">0.01533582089552239 0.03948694029850745 0.02706766917293233 0.03910447761194027 0.08121268656716418 0.03501879699248121 0.04712686567164182 0.05812500000000006 0.02110902255639098</data>
    </gridEdgeRatio>
    <medianHue idx="1" type="struct" size="1 1">
      <data idx="1" type="double" size="1 1">30</data>
    </medianHue>
    <avgSat idx="1" type="struct" size="1 1">
      <data idx="1" type="double" size="1 1">4.148416110183639</data>
    </avgSat>
    <avgInt idx="1" type="struct" size="1 1">
      <data idx="1" type="double" size="1 1">229.1067070116862</data>
    </avgInt>
    <medHueCells idx="1" type="struct" size="1 1">
      <data idx="1" type="double" size="1 9">55 30 18 75 30 0 66 30 0</data>
    </medHueCells>
    <avgSatCells idx="1" type="struct" size="1 1">
      <data idx="1" type="double" size="1 9">3.725149253731345 4.400177238805971 3.230475746268657 4.586268656716419 6.970093283582088 4.342667910447761 4.195573308270676 3.706033834586465 2.176334586466167</data>
    </avgSatCells>
    <avgIntCells idx="1" type="struct" size="1 1">
      <data idx="1" type="double" size="1 9">222.5684981343283 224.849552238806 229.8597388059702 227.3300093283583 215.8146548507462 232.0821082089552 230.8309210526317 236.8710902255639 241.9922180451129</data>
    </avgIntCells>
    <cornerRatioGrid idx="1" type="struct" size="1 1">
      <data idx="1" type="double" size="1 9">16 40 14 64 134 32 57 67 19</data>
    </cornerRatioGrid>
    <avgR idx="1" type="struct" size="1 1">
      <data idx="1" type="double" size="1 1">227.9528766694487</data>
    </avgR>
    <avgG idx="1" type="struct" size="1 1">
      <data idx="1" type="double" size="1 1">228.4517299666111</data>
    </avgG>
    <avgB idx="1" type="struct" size="1 1">
      <data idx="1" type="double" size="1 1">226.8694010851418</data>
    </avgB>
    <avgRCells idx="1" type="struct" size="1 1">
      <data idx="1" type="double" size="1 9">220.4089179104478 224.2534981343283 229.6149813432836 225.0372388059701 215.031921641791 231.8095242537313 228.2361090225564 235.704727443609 241.7161184210525</data>
    </avgRCells>
    <avgGCells idx="1" type="struct" size="1 1">
      <data idx="1" type="double" size="1 9">222.3072108208955 224.1502518656716 228.962630597015 226.8725746268656 214.5970055970149 230.8694869402985 230.5781109022555 236.4800657894736 241.48382518797</data>
    </avgGCells>
    <avgBCells idx="1" type="struct" size="1 1">
      <data idx="1" type="double" size="1 9">220.4680037313433 222.4408675373133 227.6698694029851 225.3946641791046 212.6592070895521 229.4368190298509 228.7479511278196 234.7770770676691 240.4642387218046</data>
    </avgBCells>
  </features>
</root>
