<?xml version="1.0"?>
<!-- Written on 15-Jun-2010 21:43:56 using the XML Toolbox for Matlab -->
<root xml_tb_version="3.1" idx="1" type="struct" size="1 1">
  <filename idx="1" type="char" size="1 36">465e0921a48c96eeddb2bede6dd271ae.jpg</filename>
  <features idx="1" type="struct" size="1 1">
    <numFaces idx="1" type="struct" size="1 1">
      <data idx="1" type="double" size="1 1">0</data>
    </numFaces>
    <cornerRatio idx="1" type="struct" size="1 1">
      <data idx="1" type="double" size="1 1">0.001055347091932458</data>
    </cornerRatio>
    <edgeRatio idx="1" type="struct" size="1 1">
      <data idx="1" type="double" size="1 1">0.07333020637898686</data>
    </edgeRatio>
    <gridEdgeRatio idx="1" type="struct" size="1 1">
      <data idx="1" type="double" size="1 9">0.0259317935462353 0.04227466021846078 0.08771783540398574 0.05603268573334447 0.1254898690903027 0.1395397315100474 0.05063664727211397 0.08436630407285604 0.05126907833712792</data>
    </gridEdgeRatio>
    <medianHue idx="1" type="struct" size="1 1">
      <data idx="1" type="double" size="1 1">0</data>
    </medianHue>
    <avgSat idx="1" type="struct" size="1 1">
      <data idx="1" type="double" size="1 1">0</data>
    </avgSat>
    <avgInt idx="1" type="struct" size="1 1">
      <data idx="1" type="double" size="1 1">144.8319652908067</data>
    </avgInt>
    <medHueCells idx="1" type="struct" size="1 1">
      <data idx="1" type="double" size="1 9">0 0 0 0 0 0 0 0 0</data>
    </medHueCells>
    <avgSatCells idx="1" type="struct" size="1 1">
      <data idx="1" type="double" size="1 9">0 0 0 0 0 0 0 0 0</data>
    </avgSatCells>
    <avgIntCells idx="1" type="struct" size="1 1">
      <data idx="1" type="double" size="1 9">80.97848745101311 100.7289252063704 89.95648874272705 153.9738597515217 166.1001834403402 145.0347837085757 188.3349453848079 200.5204285833404 178.3778143182393</data>
    </avgIntCells>
    <cornerRatioGrid idx="1" type="struct" size="1 1">
      <data idx="1" type="double" size="1 9">21 12 33 26 33 44 25 20 11</data>
    </cornerRatioGrid>
    <avgR idx="1" type="struct" size="1 1">
      <data idx="1" type="double" size="1 1">144.8319652908067</data>
    </avgR>
    <avgG idx="1" type="struct" size="1 1">
      <data idx="1" type="double" size="1 1">144.8319652908067</data>
    </avgG>
    <avgB idx="1" type="struct" size="1 1">
      <data idx="1" type="double" size="1 1">144.8319652908067</data>
    </avgB>
    <avgRCells idx="1" type="struct" size="1 1">
      <data idx="1" type="double" size="1 9">80.97848745101311 100.7289252063704 89.95648874272705 153.9738597515217 166.1001834403402 145.0347837085757 188.3349453848079 200.5204285833404 178.3778143182393</data>
    </avgRCells>
    <avgGCells idx="1" type="struct" size="1 1">
      <data idx="1" type="double" size="1 9">80.97848745101311 100.7289252063704 89.95648874272705 153.9738597515217 166.1001834403402 145.0347837085757 188.3349453848079 200.5204285833404 178.3778143182393</data>
    </avgGCells>
    <avgBCells idx="1" type="struct" size="1 1">
      <data idx="1" type="double" size="1 9">80.97848745101311 100.7289252063704 89.95648874272705 153.9738597515217 166.1001834403402 145.0347837085757 188.3349453848079 200.5204285833404 178.3778143182393</data>
    </avgBCells>
  </features>
</root>
