<?xml version="1.0"?>
<!-- Written on 15-Jun-2010 21:43:56 using the XML Toolbox for Matlab -->
<root xml_tb_version="3.1" idx="1" type="struct" size="1 1">
  <filename idx="1" type="char" size="1 36">4b927d6da5b74c5c168964d580b4a29a.jpg</filename>
  <features idx="1" type="struct" size="1 1">
    <numFaces idx="1" type="struct" size="1 1">
      <data idx="1" type="double" size="1 1">5</data>
    </numFaces>
    <cornerRatio idx="1" type="struct" size="1 1">
      <data idx="1" type="double" size="1 1">0.001388331594575074</data>
    </cornerRatio>
    <edgeRatio idx="1" type="struct" size="1 1">
      <data idx="1" type="double" size="1 1">0.142690527780007</data>
    </edgeRatio>
    <gridEdgeRatio idx="1" type="struct" size="1 1">
      <data idx="1" type="double" size="1 9">0.09481137506236333 0.1224047280960969 0.1092556702613501 0.139621790689642 0.2006802394749972 0.2085140269409371 0.0996339565359414 0.1577589685452414 0.1518023557442884</data>
    </gridEdgeRatio>
    <medianHue idx="1" type="struct" size="1 1">
      <data idx="1" type="double" size="1 1">54</data>
    </medianHue>
    <avgSat idx="1" type="struct" size="1 1">
      <data idx="1" type="double" size="1 1">39.42904154294737</data>
    </avgSat>
    <avgInt idx="1" type="struct" size="1 1">
      <data idx="1" type="double" size="1 1">184.3765262284996</data>
    </avgInt>
    <medHueCells idx="1" type="struct" size="1 1">
      <data idx="1" type="double" size="1 9">54 54 54 52 42 53 52 53 69</data>
    </medHueCells>
    <avgSatCells idx="1" type="struct" size="1 1">
      <data idx="1" type="double" size="1 9">16.45198027401466 27.54216237479372 45.70546951559286 13.67455002494531 50.51758644510116 66.20467209807273 16.56876750969029 44.26135491422649 74.04565455488739</data>
    </avgSatCells>
    <avgIntCells idx="1" type="struct" size="1 1">
      <data idx="1" type="double" size="1 9">201.6758884368883 202.0704129408604 183.4201621735873 198.1046072072762 175.9957544997506 161.732096535557 199.7598869785471 180.1195408143684 156.4635253540341</data>
    </avgIntCells>
    <cornerRatioGrid idx="1" type="struct" size="1 1">
      <data idx="1" type="double" size="1 9">275 277 247 437 331 376 212 235 205</data>
    </cornerRatioGrid>
    <avgR idx="1" type="struct" size="1 1">
      <data idx="1" type="double" size="1 1">174.8884407350937</data>
    </avgR>
    <avgG idx="1" type="struct" size="1 1">
      <data idx="1" type="double" size="1 1">174.8862611347405</data>
    </avgG>
    <avgB idx="1" type="struct" size="1 1">
      <data idx="1" type="double" size="1 1">167.0132327528555</data>
    </avgB>
    <avgRCells idx="1" type="struct" size="1 1">
      <data idx="1" type="double" size="1 9">191.9177908047741 193.7817285182486 168.1123542070979 191.6769486126569 170.4425490271329 149.7789712353247 193.3333893003799 173.7914092182522 141.1156207366985</data>
    </avgRCells>
    <avgGCells idx="1" type="struct" size="1 1">
      <data idx="1" type="double" size="1 9">201.4503828145988 196.0532102697931 173.268974694003 197.360205510995 161.906392715969 141.7224362546355 198.2688960739915 166.8640192654566 136.9600810867936</data>
    </avgGCells>
    <avgBCells idx="1" type="struct" size="1 1">
      <data idx="1" type="double" size="1 9">190.3599464635223 184.4571996008751 165.2144909017543 190.673955175193 154.9971073032199 133.1772524643083 190.5397206125033 158.8814426065932 134.8190198489709</data>
    </avgBCells>
  </features>
</root>
