<?xml version="1.0"?>
<!-- Written on 15-Jun-2010 21:43:56 using the XML Toolbox for Matlab -->
<root xml_tb_version="3.1" idx="1" type="struct" size="1 1">
  <filename idx="1" type="char" size="1 36">5603724ae50fcd0e106dcaf613cd76df.jpg</filename>
  <features idx="1" type="struct" size="1 1">
    <numFaces idx="1" type="struct" size="1 1">
      <data idx="1" type="double" size="1 1">0</data>
    </numFaces>
    <cornerRatio idx="1" type="struct" size="1 1">
      <data idx="1" type="double" size="1 1">0.0006836734693877551</data>
    </cornerRatio>
    <edgeRatio idx="1" type="struct" size="1 1">
      <data idx="1" type="double" size="1 1">0.07204285714285714</data>
    </edgeRatio>
    <gridEdgeRatio idx="1" type="struct" size="1 1">
      <data idx="1" type="double" size="1 9">0.007542552414347273 0.004273504273504264 0.007597340930674256 0.004273504273504274 0.1593250054788515 0.238110891957046 0.0192672949083205 0.1084264738110892 0.1002264592008183</data>
    </gridEdgeRatio>
    <medianHue idx="1" type="struct" size="1 1">
      <data idx="1" type="double" size="1 1">0</data>
    </medianHue>
    <avgSat idx="1" type="struct" size="1 1">
      <data idx="1" type="double" size="1 1">0</data>
    </avgSat>
    <avgInt idx="1" type="struct" size="1 1">
      <data idx="1" type="double" size="1 1">143.566248979592</data>
    </avgInt>
    <medHueCells idx="1" type="struct" size="1 1">
      <data idx="1" type="double" size="1 9">0 0 0 0 0 0 0 0 0</data>
    </medHueCells>
    <avgSatCells idx="1" type="struct" size="1 1">
      <data idx="1" type="double" size="1 9">0 0 0 0 0 0 0 0 0</data>
    </avgSatCells>
    <avgIntCells idx="1" type="struct" size="1 1">
      <data idx="1" type="double" size="1 9">137.1670867119585 187.4041018335892 128.7548213894369 171.127401563299 165.7670757542552 100.5719555847762 160.2300021915407 144.378460807948 97.39707064066039</data>
    </avgIntCells>
    <cornerRatioGrid idx="1" type="struct" size="1 1">
      <data idx="1" type="double" size="1 9">1 0 1 0 75 120 3 69 66</data>
    </cornerRatioGrid>
    <avgR idx="1" type="struct" size="1 1">
      <data idx="1" type="double" size="1 1">143.566248979592</data>
    </avgR>
    <avgG idx="1" type="struct" size="1 1">
      <data idx="1" type="double" size="1 1">143.566248979592</data>
    </avgG>
    <avgB idx="1" type="struct" size="1 1">
      <data idx="1" type="double" size="1 1">143.566248979592</data>
    </avgB>
    <avgRCells idx="1" type="struct" size="1 1">
      <data idx="1" type="double" size="1 9">137.1670867119585 187.4041018335892 128.7548213894369 171.127401563299 165.7670757542552 100.5719555847762 160.2300021915407 144.378460807948 97.39707064066039</data>
    </avgRCells>
    <avgGCells idx="1" type="struct" size="1 1">
      <data idx="1" type="double" size="1 9">137.1670867119585 187.4041018335892 128.7548213894369 171.127401563299 165.7670757542552 100.5719555847762 160.2300021915407 144.378460807948 97.39707064066039</data>
    </avgGCells>
    <avgBCells idx="1" type="struct" size="1 1">
      <data idx="1" type="double" size="1 9">137.1670867119585 187.4041018335892 128.7548213894369 171.127401563299 165.7670757542552 100.5719555847762 160.2300021915407 144.378460807948 97.39707064066039</data>
    </avgBCells>
  </features>
</root>
