<?xml version="1.0"?>
<!-- Written on 15-Jun-2010 21:43:57 using the XML Toolbox for Matlab -->
<root xml_tb_version="3.1" idx="1" type="struct" size="1 1">
  <filename idx="1" type="char" size="1 36">5844f1d351e1fe2b50766708d85c9849.jpg</filename>
  <features idx="1" type="struct" size="1 1">
    <numFaces idx="1" type="struct" size="1 1">
      <data idx="1" type="double" size="1 1">1</data>
    </numFaces>
    <cornerRatio idx="1" type="struct" size="1 1">
      <data idx="1" type="double" size="1 1">0.0002326302729528536</data>
    </cornerRatio>
    <edgeRatio idx="1" type="struct" size="1 1">
      <data idx="1" type="double" size="1 1">0.037640870554177</data>
    </edgeRatio>
    <gridEdgeRatio idx="1" type="struct" size="1 1">
      <data idx="1" type="double" size="1 9">0 0.1109350421023411 0.00668548163227538 0.02224252799111687 0.07477792171740529 0.005436291292680672 0.03603812527538785 0.04359824679390556 0.03959787574499664</data>
    </gridEdgeRatio>
    <medianHue idx="1" type="struct" size="1 1">
      <data idx="1" type="double" size="1 1">0</data>
    </medianHue>
    <avgSat idx="1" type="struct" size="1 1">
      <data idx="1" type="double" size="1 1">23.77492504135649</data>
    </avgSat>
    <avgInt idx="1" type="struct" size="1 1">
      <data idx="1" type="double" size="1 1">243.5877726943755</data>
    </avgInt>
    <medHueCells idx="1" type="struct" size="1 1">
      <data idx="1" type="double" size="1 9">0 0 0 11 12 0 0 0 0</data>
    </medHueCells>
    <avgSatCells idx="1" type="struct" size="1 1">
      <data idx="1" type="double" size="1 9">0 8.331613768853519 4.140012986711811 85.51707226797447 87.18874340705106 15.97224090350409 2.141898769316184 1.157305450171185 9.802799100206402</data>
    </avgSatCells>
    <avgIntCells idx="1" type="struct" size="1 1">
      <data idx="1" type="double" size="1 9">255 250.4597483112799 244.5046728971963 232.0217335985934 228.7536203386695 238.6622875165232 252.8927778291848 252.8489405015268 236.6655110039192</data>
    </avgIntCells>
    <cornerRatioGrid idx="1" type="struct" size="1 1">
      <data idx="1" type="double" size="1 9">0 46 4 11 25 3 47 22 22</data>
    </cornerRatioGrid>
    <avgR idx="1" type="struct" size="1 1">
      <data idx="1" type="double" size="1 1">242.6281430934658</data>
    </avgR>
    <avgG idx="1" type="struct" size="1 1">
      <data idx="1" type="double" size="1 1">230.0661497105044</data>
    </avgG>
    <avgB idx="1" type="struct" size="1 1">
      <data idx="1" type="double" size="1 1">224.130267783292</data>
    </avgB>
    <avgRCells idx="1" type="struct" size="1 1">
      <data idx="1" type="double" size="1 9">255 250.1723651337097 243.6783585723895 230.7156125659295 227.3966526325529 236.2665870457549 252.5104446192283 252.6048394559082 234.7052364277266</data>
    </avgRCells>
    <avgGCells idx="1" type="struct" size="1 1">
      <data idx="1" type="double" size="1 9">255 245.3447649671509 242.7578210152826 179.0915841584159 179.8730799481818 230.8206210431112 251.9338160451559 252.3989428148422 232.7585283272651</data>
    </avgGCells>
    <avgBCells idx="1" type="struct" size="1 1">
      <data idx="1" type="double" size="1 9">255 243.6835500138799 242.8093504325038 159.0528129915795 150.3256685481632 228.7945432619837 251.7089617840289 252.4437633015638 232.7878064052318</data>
    </avgBCells>
  </features>
</root>
