<?xml version="1.0"?>
<!-- Written on 15-Jun-2010 21:43:57 using the XML Toolbox for Matlab -->
<root xml_tb_version="3.1" idx="1" type="struct" size="1 1">
  <filename idx="1" type="char" size="1 18">5_0_by_K1lgore.jpg</filename>
  <features idx="1" type="struct" size="1 1">
    <numFaces idx="1" type="struct" size="1 1">
      <data idx="1" type="double" size="1 1">1</data>
    </numFaces>
    <cornerRatio idx="1" type="struct" size="1 1">
      <data idx="1" type="double" size="1 1">0.000540225165849126</data>
    </cornerRatio>
    <edgeRatio idx="1" type="struct" size="1 1">
      <data idx="1" type="double" size="1 1">0.02747801283574994</data>
    </edgeRatio>
    <gridEdgeRatio idx="1" type="struct" size="1 1">
      <data idx="1" type="double" size="1 9">0.02659184696671684 0.007269852288942891 0.008446141386092797 0.04485325311427365 0.02213737513980487 0.004975124378109453 0.02211598258706468 0.09557680348258707 0.01583877487562189</data>
    </gridEdgeRatio>
    <medianHue idx="1" type="struct" size="1 1">
      <data idx="1" type="double" size="1 1">0</data>
    </medianHue>
    <avgSat idx="1" type="struct" size="1 1">
      <data idx="1" type="double" size="1 1">3.754309916373145</data>
    </avgSat>
    <avgInt idx="1" type="struct" size="1 1">
      <data idx="1" type="double" size="1 1">236.4399701795707</data>
    </avgInt>
    <medHueCells idx="1" type="struct" size="1 1">
      <data idx="1" type="double" size="1 9">0 0 0 0 0 0 0 0 0</data>
    </medHueCells>
    <avgSatCells idx="1" type="struct" size="1 1">
      <data idx="1" type="double" size="1 9">3.930001157005668 7.795017162250764 1.11386427238806 0.8186393613328696 6.851266921207914 12.57219760572139 0.07813644953526938 0.06997955956650855 0.6277596393034826</data>
    </avgSatCells>
    <avgIntCells idx="1" type="struct" size="1 1">
      <data idx="1" type="double" size="1 9">232.5734120097187 241.6873770681476 231.7892957089552 245.048671371824 252.7401943769523 217.5539490049751 232.8925913070313 242.2906205407073 231.6061295087065</data>
    </avgIntCells>
    <cornerRatioGrid idx="1" type="struct" size="1 1">
      <data idx="1" type="double" size="1 9">44 9 1 63 42 0 17 72 2</data>
    </cornerRatioGrid>
    <avgR idx="1" type="struct" size="1 1">
      <data idx="1" type="double" size="1 1">235.9493420057479</data>
    </avgR>
    <avgG idx="1" type="struct" size="1 1">
      <data idx="1" type="double" size="1 1">234.2184713788707</data>
    </avgG>
    <avgB idx="1" type="struct" size="1 1">
      <data idx="1" type="double" size="1 1">234.3745942909002</data>
    </avgB>
    <avgRCells idx="1" type="struct" size="1 1">
      <data idx="1" type="double" size="1 9">232.3510162366462 241.214759535655 231.6276236007463 245.0038566855654 252.3665586794706 214.5129236629353 232.8911257665169 242.2898106367387 231.4986201803483</data>
    </avgRCells>
    <avgGCells idx="1" type="struct" size="1 1">
      <data idx="1" type="double" size="1 9">229.3621234910718 234.6198657873424 231.0477884017413 244.3442477534816 246.9692236491958 215.0717700559701 232.8830267268315 242.2810945273631 231.589455068408</data>
    </avgGCells>
    <avgBCells idx="1" type="struct" size="1 1">
      <data idx="1" type="double" size="1 9">229.6535539357477 235.3528867291452 231.1108714241294 244.3891395734515 247.2594970882023 215.2369791666667 232.8252150102208 242.2211037834085 231.527246579602</data>
    </avgBCells>
  </features>
</root>
