<?xml version="1.0"?>
<!-- Written on 15-Jun-2010 21:43:57 using the XML Toolbox for Matlab -->
<root xml_tb_version="3.1" idx="1" type="struct" size="1 1">
  <filename idx="1" type="char" size="1 36">5dacbace548330bef028f66fa09595f3.jpg</filename>
  <features idx="1" type="struct" size="1 1">
    <numFaces idx="1" type="struct" size="1 1">
      <data idx="1" type="double" size="1 1">0</data>
    </numFaces>
    <cornerRatio idx="1" type="struct" size="1 1">
      <data idx="1" type="double" size="1 1">0.0001061507936507936</data>
    </cornerRatio>
    <edgeRatio idx="1" type="struct" size="1 1">
      <data idx="1" type="double" size="1 1">0.06640674603174603</data>
    </edgeRatio>
    <gridEdgeRatio idx="1" type="struct" size="1 1">
      <data idx="1" type="double" size="1 9">0.03583330378983938 0.1330875314638211 0.07191970424874537 0.04135498280568652 0.08155776934803412 0.0452556569571196 0.0670042643923241 0.06230454868514577 0.05907626208378108</data>
    </gridEdgeRatio>
    <medianHue idx="1" type="struct" size="1 1">
      <data idx="1" type="double" size="1 1">16</data>
    </medianHue>
    <avgSat idx="1" type="struct" size="1 1">
      <data idx="1" type="double" size="1 1">118.8156507936507</data>
    </avgSat>
    <avgInt idx="1" type="struct" size="1 1">
      <data idx="1" type="double" size="1 1">110.8377301587303</data>
    </avgInt>
    <medHueCells idx="1" type="struct" size="1 1">
      <data idx="1" type="double" size="1 9">13 24 19 21 161 30 132 8 7</data>
    </medHueCells>
    <avgSatCells idx="1" type="struct" size="1 1">
      <data idx="1" type="double" size="1 9">107.1242599354769 117.8005725529124 76.5747423596304 112.7892455773389 153.7563548055446 96.5830046197583 115.4154358580537 152.3323986926937 137.6127461510921</data>
    </avgSatCells>
    <avgIntCells idx="1" type="struct" size="1 1">
      <data idx="1" type="double" size="1 9">173.8561970432871 115.6089623143192 128.7453180525943 134.1308274541781 124.1798223845145 112.0244136460554 91.37152858393013 63.96350436661725 53.01109022556391</data>
    </avgIntCells>
    <cornerRatioGrid idx="1" type="struct" size="1 1">
      <data idx="1" type="double" size="1 9">0 25 7 12 10 3 26 22 2</data>
    </cornerRatioGrid>
    <avgR idx="1" type="struct" size="1 1">
      <data idx="1" type="double" size="1 1">109.2572569444445</data>
    </avgR>
    <avgG idx="1" type="struct" size="1 1">
      <data idx="1" type="double" size="1 1">77.2474285714285</data>
    </avgG>
    <avgB idx="1" type="struct" size="1 1">
      <data idx="1" type="double" size="1 1">66.1005426587301</data>
    </avgB>
    <avgRCells idx="1" type="struct" size="1 1">
      <data idx="1" type="double" size="1 9">173.7095490481086 113.1592601127379 127.9497956645345 131.6329723118375 122.7421296132167 108.4015547263682 90.26122908220667 63.17308413551699 51.65103831006089</data>
    </avgRCells>
    <avgGCells idx="1" type="struct" size="1 1">
      <data idx="1" type="double" size="1 9">131.3599283865707 80.30320487822179 109.1421108742005 94.59712128195123 68.16896515049456 81.58375088841508 59.41414998303364 35.83060382547819 34.07748836376657</data>
    </avgGCells>
    <avgBCells idx="1" type="struct" size="1 1">
      <data idx="1" type="double" size="1 9">99.79834792781934 70.8453043570745 93.11664001421455 85.34432055872664 58.72606090686712 75.60199004975124 52.34534673977103 29.28016894969014 29.17242212674545</data>
    </avgBCells>
  </features>
</root>
