<?xml version="1.0"?>
<!-- Written on 15-Jun-2010 21:43:57 using the XML Toolbox for Matlab -->
<root xml_tb_version="3.1" idx="1" type="struct" size="1 1">
  <filename idx="1" type="char" size="1 36">5f9c31744bac4a41d90ed9861a676cb6.jpg</filename>
  <features idx="1" type="struct" size="1 1">
    <numFaces idx="1" type="struct" size="1 1">
      <data idx="1" type="double" size="1 1">0</data>
    </numFaces>
    <cornerRatio idx="1" type="struct" size="1 1">
      <data idx="1" type="double" size="1 1">0.001084900411705797</data>
    </cornerRatio>
    <edgeRatio idx="1" type="struct" size="1 1">
      <data idx="1" type="double" size="1 1">0.07770350824206393</data>
    </edgeRatio>
    <gridEdgeRatio idx="1" type="struct" size="1 1">
      <data idx="1" type="double" size="1 9">0.01964285714285713 0.1323373408769449 0.01283928571428571 0.0827263083451202 0.1163012729844413 0.07612499999999997 0.1028741363344967 0.1050466557447111 0.0515467625899281</data>
    </gridEdgeRatio>
    <medianHue idx="1" type="struct" size="1 1">
      <data idx="1" type="double" size="1 1">0</data>
    </medianHue>
    <avgSat idx="1" type="struct" size="1 1">
      <data idx="1" type="double" size="1 1">9.736611613600603</data>
    </avgSat>
    <avgInt idx="1" type="struct" size="1 1">
      <data idx="1" type="double" size="1 1">210.3876810154347</data>
    </avgInt>
    <medHueCells idx="1" type="struct" size="1 1">
      <data idx="1" type="double" size="1 9">0 0 0 0 0 0 0 0 0</data>
    </medHueCells>
    <avgSatCells idx="1" type="struct" size="1 1">
      <data idx="1" type="double" size="1 9">3.439232673267327 7.991425035360677 8.627858109551958 13.0558521923621 28.59816124469587 6.648692926846643 1.669785714285715 11.96485714285714 5.452356115107907</data>
    </avgSatCells>
    <avgIntCells idx="1" type="struct" size="1 1">
      <data idx="1" type="double" size="1 9">209.685625884017 212.5344589816124 207.6834176223376 210.2799328147099 192.7304809052333 229.9869648835387 213.4777678571429 201.4245178571429 216.1944244604315</data>
    </avgIntCells>
    <cornerRatioGrid idx="1" type="struct" size="1 1">
      <data idx="1" type="double" size="1 9">16 107 15 66 77 60 66 87 52</data>
    </cornerRatioGrid>
    <avgR idx="1" type="struct" size="1 1">
      <data idx="1" type="double" size="1 1">207.4221752849357</data>
    </avgR>
    <avgG idx="1" type="struct" size="1 1">
      <data idx="1" type="double" size="1 1">208.0753687866602</data>
    </avgG>
    <avgB idx="1" type="struct" size="1 1">
      <data idx="1" type="double" size="1 1">210.3005988809232</data>
    </avgB>
    <avgRCells idx="1" type="struct" size="1 1">
      <data idx="1" type="double" size="1 9">208.6651697312588 209.9820367751061 204.8138934397038 206.1185289957567 184.7062411598303 227.6822423249518 212.9748214285715 197.9026964285714 214.5068345323741</data>
    </avgRCells>
    <avgGCells idx="1" type="struct" size="1 1">
      <data idx="1" type="double" size="1 9">208.8930516265913 210.5575318246109 205.4567633022295 207.0479490806224 186.4082743988685 228.197770496474 213.089375 198.6829464285715 214.8894784172661</data>
    </avgGCells>
    <avgBCells idx="1" type="struct" size="1 1">
      <data idx="1" type="double" size="1 9">209.6522984441302 212.4544908062234 207.5691466628677 210.1423620933522 192.6378005657708 229.8633983901988 213.4562678571428 201.3183749999999 216.1196402877699</data>
    </avgBCells>
  </features>
</root>
