<?xml version="1.0"?>
<!-- Written on 15-Jun-2010 21:43:57 using the XML Toolbox for Matlab -->
<root xml_tb_version="3.1" idx="1" type="struct" size="1 1">
  <filename idx="1" type="char" size="1 36">62222cef84db8afd1ae22a0bfe2e2d87.jpg</filename>
  <features idx="1" type="struct" size="1 1">
    <numFaces idx="1" type="struct" size="1 1">
      <data idx="1" type="double" size="1 1">0</data>
    </numFaces>
    <cornerRatio idx="1" type="struct" size="1 1">
      <data idx="1" type="double" size="1 1">0.001079439252336449</data>
    </cornerRatio>
    <edgeRatio idx="1" type="struct" size="1 1">
      <data idx="1" type="double" size="1 1">0.0965911214953271</data>
    </edgeRatio>
    <gridEdgeRatio idx="1" type="struct" size="1 1">
      <data idx="1" type="double" size="1 9">0 0.00637872092053698 0.01751585668080817 0.1245935128825147 0.2500208454932042 0.1939345570630486 0.09113649628950234 0.09286667222546507 0.09661024068551266</data>
    </gridEdgeRatio>
    <medianHue idx="1" type="struct" size="1 1">
      <data idx="1" type="double" size="1 1">120</data>
    </medianHue>
    <avgSat idx="1" type="struct" size="1 1">
      <data idx="1" type="double" size="1 1">125.5364065420562</data>
    </avgSat>
    <avgInt idx="1" type="struct" size="1 1">
      <data idx="1" type="double" size="1 1">56.14037383177573</data>
    </avgInt>
    <medHueCells idx="1" type="struct" size="1 1">
      <data idx="1" type="double" size="1 9">120 120 75 125 26 142 16 26 157</data>
    </medHueCells>
    <avgSatCells idx="1" type="struct" size="1 1">
      <data idx="1" type="double" size="1 9">158.4659593095971 172.3368214791963 122.2753481197365 223.9106145251398 81.95835070457767 138.5336029350455 87.08134162221195 37.54103835006512 106.2907968244635</data>
    </avgSatCells>
    <avgIntCells idx="1" type="struct" size="1 1">
      <data idx="1" type="double" size="1 9">2.683398649212039 26.90219294588509 31.20403568748436 10.64220795464021 112.6797298424081 48.83792629033604 53.37621287856511 169.5397782164909 51.20199941193766</data>
    </avgIntCells>
    <cornerRatioGrid idx="1" type="struct" size="1 1">
      <data idx="1" type="double" size="1 9">0 3 8 73 154 74 76 47 27</data>
    </cornerRatioGrid>
    <avgR idx="1" type="struct" size="1 1">
      <data idx="1" type="double" size="1 1">54.65983177570092</data>
    </avgR>
    <avgG idx="1" type="struct" size="1 1">
      <data idx="1" type="double" size="1 1">48.76749999999995</data>
    </avgG>
    <avgB idx="1" type="struct" size="1 1">
      <data idx="1" type="double" size="1 1">48.57420093457943</data>
    </avgB>
    <avgRCells idx="1" type="struct" size="1 1">
      <data idx="1" type="double" size="1 9">0.5174476778120572 24.4432168765113 29.59659801550903 6.424518469106977 111.8343408655048 47.42139164512633 53.08707522997436 169.4341790229766 51.01213928676441</data>
    </avgRCells>
    <avgGCells idx="1" type="struct" size="1 1">
      <data idx="1" type="double" size="1 9">0.1461269073626279 20.30321854415076 26.09864087384308 2.505795047110814 106.1603435337279 39.02461852747435 41.97614147099591 164.5974293275086 39.87306254462971</data>
    </avgGCells>
    <avgBCells idx="1" type="struct" size="1 1">
      <data idx="1" type="double" size="1 9">2.667910447761194 22.41113566246978 26.60426915700825 10.198490786292 97.3630868006337 42.61959059451346 42.38799512748356 150.7441508799933 43.70926618221527</data>
    </avgBCells>
  </features>
</root>
