<?xml version="1.0"?>
<!-- Written on 15-Jun-2010 21:43:58 using the XML Toolbox for Matlab -->
<root xml_tb_version="3.1" idx="1" type="struct" size="1 1">
  <filename idx="1" type="char" size="1 36">6d3515b5c51ad6171a687f274f8508b6.jpg</filename>
  <features idx="1" type="struct" size="1 1">
    <numFaces idx="1" type="struct" size="1 1">
      <data idx="1" type="double" size="1 1">0</data>
    </numFaces>
    <cornerRatio idx="1" type="struct" size="1 1">
      <data idx="1" type="double" size="1 1">0.0005847280334728034</data>
    </cornerRatio>
    <edgeRatio idx="1" type="struct" size="1 1">
      <data idx="1" type="double" size="1 1">0.04767573221757322</data>
    </edgeRatio>
    <gridEdgeRatio idx="1" type="struct" size="1 1">
      <data idx="1" type="double" size="1 9">0.03719186024763406 0.01681442412000148 0.0169314263101362 0.08165937231137545 0.09940897018666071 0.05205683381385796 0.04913402910260729 0.05088280402498781 0.0252793638230916</data>
    </gridEdgeRatio>
    <medianHue idx="1" type="struct" size="1 1">
      <data idx="1" type="double" size="1 1">106</data>
    </medianHue>
    <avgSat idx="1" type="struct" size="1 1">
      <data idx="1" type="double" size="1 1">29.39986297071128</data>
    </avgSat>
    <avgInt idx="1" type="struct" size="1 1">
      <data idx="1" type="double" size="1 1">200.5311182008366</data>
    </avgInt>
    <medHueCells idx="1" type="struct" size="1 1">
      <data idx="1" type="double" size="1 9">98 103 106 103 110 114 103 110 110</data>
    </medHueCells>
    <avgSatCells idx="1" type="struct" size="1 1">
      <data idx="1" type="double" size="1 9">36.13000785545957 11.20255863539446 19.20174503422734 39.66300078554598 6.618907342984326 7.241527325777131 57.01445342680004 31.1982305387529 56.27989145796822</data>
    </avgSatCells>
    <avgIntCells idx="1" type="struct" size="1 1">
      <data idx="1" type="double" size="1 9">182.2442393296675 224.1268469681667 214.9589926308309 189.551135300939 223.4824654920883 235.0629371937306 163.3058397874385 198.0000376882056 174.0646541164944</data>
    </avgIntCells>
    <cornerRatioGrid idx="1" type="struct" size="1 1">
      <data idx="1" type="double" size="1 9">53 16 5 112 141 79 65 50 38</data>
    </cornerRatioGrid>
    <avgR idx="1" type="struct" size="1 1">
      <data idx="1" type="double" size="1 1">192.953542887029</data>
    </avgR>
    <avgG idx="1" type="struct" size="1 1">
      <data idx="1" type="double" size="1 1">196.0438242677824</data>
    </avgG>
    <avgB idx="1" type="struct" size="1 1">
      <data idx="1" type="double" size="1 1">199.7845428870293</data>
    </avgB>
    <avgRCells idx="1" type="struct" size="1 1">
      <data idx="1" type="double" size="1 9">170.8482587064676 215.7568735271011 204.9920790782929 181.1904574870012 219.0729529046497 229.410382299031 155.7941281775869 191.9569694913979 167.6259445606497</data>
    </avgRCells>
    <avgGCells idx="1" type="struct" size="1 1">
      <data idx="1" type="double" size="1 9">178.1924587588374 219.7362810010101 208.1454756293721 184.9481726704823 220.9516328133768 230.2976845097818 158.3881696723011 194.9920383665932 168.7827840277385</data>
    </avgGCells>
    <avgBCells idx="1" type="struct" size="1 1">
      <data idx="1" type="double" size="1 9">181.6093405154677 223.4808476414917 214.2088149478172 188.9237739872067 223.0004114764524 234.4871787678151 161.9751728946426 197.2612734844631 173.1246348955094</data>
    </avgBCells>
  </features>
</root>
