<?xml version="1.0"?>
<!-- Written on 15-Jun-2010 21:43:58 using the XML Toolbox for Matlab -->
<root xml_tb_version="3.1" idx="1" type="struct" size="1 1">
  <filename idx="1" type="char" size="1 36">703b06137aecc0d6caafee0f138ea5c3.jpg</filename>
  <features idx="1" type="struct" size="1 1">
    <numFaces idx="1" type="struct" size="1 1">
      <data idx="1" type="double" size="1 1">0</data>
    </numFaces>
    <cornerRatio idx="1" type="struct" size="1 1">
      <data idx="1" type="double" size="1 1">0.0003145833333333333</data>
    </cornerRatio>
    <edgeRatio idx="1" type="struct" size="1 1">
      <data idx="1" type="double" size="1 1">0.0522625</data>
    </edgeRatio>
    <gridEdgeRatio idx="1" type="struct" size="1 1">
      <data idx="1" type="double" size="1 9">0.008650775970891873 0.1334744189500262 0.008675373134328347 0.01427563674166481 0.1349780946016187 0.005 0.0826132495417644 0.06641604010025072 0.01503759398496241</data>
    </gridEdgeRatio>
    <medianHue idx="1" type="struct" size="1 1">
      <data idx="1" type="double" size="1 1">0</data>
    </medianHue>
    <avgSat idx="1" type="struct" size="1 1">
      <data idx="1" type="double" size="1 1">10.23054166666667</data>
    </avgSat>
    <avgInt idx="1" type="struct" size="1 1">
      <data idx="1" type="double" size="1 1">243.1411041666677</data>
    </avgInt>
    <medHueCells idx="1" type="struct" size="1 1">
      <data idx="1" type="double" size="1 9">0 0 0 10 13 0 0 0 0</data>
    </medHueCells>
    <avgSatCells idx="1" type="struct" size="1 1">
      <data idx="1" type="double" size="1 9">0 2.545908517115913 1.714360528186136 48.33678621816292 30.37237320858394 8.48288632027831 0 0 0.1956015037593985</data>
    </avgSatCells>
    <avgIntCells idx="1" type="struct" size="1 1">
      <data idx="1" type="double" size="1 9">254.3510432910068 252.2233793717977 241.811861743911 221.683355610009 220.2915645652335 236.4210900385283 254.3492350746262 254.625 252.8713909774434</data>
    </avgIntCells>
    <cornerRatioGrid idx="1" type="struct" size="1 1">
      <data idx="1" type="double" size="1 9">1 28 1 3 46 0 54 12 6</data>
    </cornerRatioGrid>
    <avgR idx="1" type="struct" size="1 1">
      <data idx="1" type="double" size="1 1">242.3736041666673</data>
    </avgR>
    <avgG idx="1" type="struct" size="1 1">
      <data idx="1" type="double" size="1 1">239.2917500000006</data>
    </avgG>
    <avgB idx="1" type="struct" size="1 1">
      <data idx="1" type="double" size="1 1">236.9880416666673</data>
    </avgB>
    <avgRCells idx="1" type="struct" size="1 1">
      <data idx="1" type="double" size="1 9">254.3510432910068 252.1968144352862 241.3765944712518 221.246491423479 216.7835449617583 233.9641828451719 254.3492350746262 254.625 252.8549436090222</data>
    </avgRCells>
    <avgGCells idx="1" type="struct" size="1 1">
      <data idx="1" type="double" size="1 9">254.3510432910068 251.6515927823568 240.9365017020152 204.8002524689978 207.6408628499294 233.0133916881749 254.3492350746262 254.625 252.7859210526314</data>
    </avgGCells>
    <avgBCells idx="1" type="struct" size="1 1">
      <data idx="1" type="double" size="1 9">254.3510432910068 250.9407997326798 241.7170351251252 187.0605739956929 203.8797987673572 233.7740059102974 254.3492350746262 254.625 252.8636654135336</data>
    </avgBCells>
  </features>
</root>
