<?xml version="1.0"?>
<!-- Written on 15-Jun-2010 21:43:58 using the XML Toolbox for Matlab -->
<root xml_tb_version="3.1" idx="1" type="struct" size="1 1">
  <filename idx="1" type="char" size="1 22">7100_by_fediaFedia.png</filename>
  <features idx="1" type="struct" size="1 1">
    <numFaces idx="1" type="struct" size="1 1">
      <data idx="1" type="double" size="1 1">0</data>
    </numFaces>
    <cornerRatio idx="1" type="struct" size="1 1">
      <data idx="1" type="double" size="1 1">0.0003966049382716049</data>
    </cornerRatio>
    <edgeRatio idx="1" type="struct" size="1 1">
      <data idx="1" type="double" size="1 1">0.07184336419753086</data>
    </edgeRatio>
    <gridEdgeRatio idx="1" type="struct" size="1 1">
      <data idx="1" type="double" size="1 9">0.002755886476816709 0.06142380560985201 0.06922065337763013 0.06142380560985201 0.12418065906438 0.0797411406423034 0.09453915453915468 0.09035343035343028 0.06324999999999996</data>
    </gridEdgeRatio>
    <medianHue idx="1" type="struct" size="1 1">
      <data idx="1" type="double" size="1 1">20</data>
    </medianHue>
    <avgSat idx="1" type="struct" size="1 1">
      <data idx="1" type="double" size="1 1">77.06605864197525</data>
    </avgSat>
    <avgInt idx="1" type="struct" size="1 1">
      <data idx="1" type="double" size="1 1">174.3445447530863</data>
    </avgInt>
    <medHueCells idx="1" type="struct" size="1 1">
      <data idx="1" type="double" size="1 9">20 20 17 20 12 20 20 20 19</data>
    </medHueCells>
    <avgSatCells idx="1" type="struct" size="1 1">
      <data idx="1" type="double" size="1 9">57.24539131515877 47.51887333282681 51.7172834372834 48.05041407366991 150.9377887982538 102.6705336105336 54.21769795127354 91.79181893687706 90.01208333333331</data>
    </avgSatCells>
    <avgIntCells idx="1" type="struct" size="1 1">
      <data idx="1" type="double" size="1 9">180.5203099854263 180.2753814381723 170.8738738738737 203.5492640608917 173.1162652558 157.4553776853775 183.72865448505 168.1325442967885 151.3230277777778</data>
    </avgIntCells>
    <cornerRatioGrid idx="1" type="struct" size="1 1">
      <data idx="1" type="double" size="1 9">0 76 83 63 28 56 128 43 37</data>
    </cornerRatioGrid>
    <avgR idx="1" type="struct" size="1 1">
      <data idx="1" type="double" size="1 1">167.279025462963</data>
    </avgR>
    <avgG idx="1" type="struct" size="1 1">
      <data idx="1" type="double" size="1 1">152.7760825617281</data>
    </avgG>
    <avgB idx="1" type="struct" size="1 1">
      <data idx="1" type="double" size="1 1">137.1476766975306</data>
    </avgB>
    <avgRCells idx="1" type="struct" size="1 1">
      <data idx="1" type="double" size="1 9">180.5203099854263 178.6679398539864 167.7204019404019 199.1767911535354 158.0609403167543 139.1461261261262 178.0629914174972 158.3330910852713 145.4017222222223</data>
    </avgRCells>
    <avgGCells idx="1" type="struct" size="1 1">
      <data idx="1" type="double" size="1 9">166.937864775074 171.8063212714376 160.0889119889118 189.7128974105717 108.6736519294658 129.7789050589051 170.5511420265781 147.6375069213732 129.4091527777778</data>
    </avgGCells>
    <avgBCells idx="1" type="struct" size="1 1">
      <data idx="1" type="double" size="1 9">139.6892478985502 156.1058218965195 152.5490783090783 172.0676746258139 97.13178524806432 120.5910325710326 151.6820044296788 129.7300802879293 114.5369305555556</data>
    </avgBCells>
  </features>
</root>
