<?xml version="1.0"?>
<!-- Written on 15-Jun-2010 21:43:58 using the XML Toolbox for Matlab -->
<root xml_tb_version="3.1" idx="1" type="struct" size="1 1">
  <filename idx="1" type="char" size="1 36">719c976246d6a30ab47f6cf14c8bc696.jpg</filename>
  <features idx="1" type="struct" size="1 1">
    <numFaces idx="1" type="struct" size="1 1">
      <data idx="1" type="double" size="1 1">1</data>
    </numFaces>
    <cornerRatio idx="1" type="struct" size="1 1">
      <data idx="1" type="double" size="1 1">0.001060416666666667</data>
    </cornerRatio>
    <edgeRatio idx="1" type="struct" size="1 1">
      <data idx="1" type="double" size="1 1">0.1087375</data>
    </edgeRatio>
    <gridEdgeRatio idx="1" type="struct" size="1 1">
      <data idx="1" type="double" size="1 9">0.03696071879408933 0.09445310759634658 0.08540006733251042 0.06751689314620932 0.1523724660280686 0.1222833202409005 0.1272947761194031 0.1570708955223881 0.1375000000000001</data>
    </gridEdgeRatio>
    <medianHue idx="1" type="struct" size="1 1">
      <data idx="1" type="double" size="1 1">5</data>
    </medianHue>
    <avgSat idx="1" type="struct" size="1 1">
      <data idx="1" type="double" size="1 1">65.07137083333342</data>
    </avgSat>
    <avgInt idx="1" type="struct" size="1 1">
      <data idx="1" type="double" size="1 1">183.4372499999998</data>
    </avgInt>
    <medHueCells idx="1" type="struct" size="1 1">
      <data idx="1" type="double" size="1 9">5 11 0 0 13 0 0 0 70</data>
    </medHueCells>
    <avgSatCells idx="1" type="struct" size="1 1">
      <data idx="1" type="double" size="1 9">105.7438182223212 171.1063525655307 53.37604477611944 45.12460087621593 55.8953367490904 38.79473880597018 32.1314480230427 35.30151872217857 47.42011278195488</data>
    </avgSatCells>
    <avgIntCells idx="1" type="struct" size="1 1">
      <data idx="1" type="double" size="1 9">247.8638895076853 228.9256701566793 137.8872947761194 221.7556062968737 128.6231157644613 116.0486940298508 208.3024351924588 190.9375678000973 169.8570676691731</data>
    </avgIntCells>
    <cornerRatioGrid idx="1" type="struct" size="1 1">
      <data idx="1" type="double" size="1 9">3 64 52 6 106 89 51 56 82</data>
    </cornerRatioGrid>
    <avgR idx="1" type="struct" size="1 1">
      <data idx="1" type="double" size="1 1">182.2708812499999</data>
    </avgR>
    <avgG idx="1" type="struct" size="1 1">
      <data idx="1" type="double" size="1 1">155.12294375</data>
    </avgG>
    <avgB idx="1" type="struct" size="1 1">
      <data idx="1" type="double" size="1 1">144.1871687500001</data>
    </avgB>
    <avgRCells idx="1" type="struct" size="1 1">
      <data idx="1" type="double" size="1 9">246.9889544813247 228.7736318407961 136.8397014925374 220.9727110715082 128.2254585282542 114.8512686567164 206.4258781281562 189.2634571503385 167.3498120300751</data>
    </avgRCells>
    <avgGCells idx="1" type="struct" size="1 1">
      <data idx="1" type="double" size="1 9">172.6581272740772 116.9929085913715 122.6798880597015 197.7639043588032 117.7292641271256 110.4103917910448 205.8900983802792 187.1271088168183 164.9375187969925</data>
    </avgGCells>
    <avgBCells idx="1" type="struct" size="1 1">
      <data idx="1" type="double" size="1 9">146.5253397193138 71.19378852008613 110.8648320895522 193.9654154600133 110.2813729858173 104.9477798507462 205.636984251674 188.3575917405453 166.293984962406</data>
    </avgBCells>
  </features>
</root>
