<?xml version="1.0"?>
<!-- Written on 15-Jun-2010 21:43:59 using the XML Toolbox for Matlab -->
<root xml_tb_version="3.1" idx="1" type="struct" size="1 1">
  <filename idx="1" type="char" size="1 38">7600_RTM___2010_Beta_by_fediaFedia.png</filename>
  <features idx="1" type="struct" size="1 1">
    <numFaces idx="1" type="struct" size="1 1">
      <data idx="1" type="double" size="1 1">0</data>
    </numFaces>
    <cornerRatio idx="1" type="struct" size="1 1">
      <data idx="1" type="double" size="1 1">0.0004985282454856027</data>
    </cornerRatio>
    <edgeRatio idx="1" type="struct" size="1 1">
      <data idx="1" type="double" size="1 1">0.05010351848462664</data>
    </edgeRatio>
    <gridEdgeRatio idx="1" type="struct" size="1 1">
      <data idx="1" type="double" size="1 9">0.06092566045463838 0.07755648849750832 0.03430268277698131 0.02151170728377359 0.05236705577172489 0.05244385282271814 0.06726288377192982 0.04318290844298246 0.04061300712719298</data>
    </gridEdgeRatio>
    <medianHue idx="1" type="struct" size="1 1">
      <data idx="1" type="double" size="1 1">102</data>
    </medianHue>
    <avgSat idx="1" type="struct" size="1 1">
      <data idx="1" type="double" size="1 1">120.7828027772696</data>
    </avgSat>
    <avgInt idx="1" type="struct" size="1 1">
      <data idx="1" type="double" size="1 1">215.560612646413</data>
    </avgInt>
    <medHueCells idx="1" type="struct" size="1 1">
      <data idx="1" type="double" size="1 9">106 0 96 105 0 99 106 104 104</data>
    </medHueCells>
    <avgSatCells idx="1" type="struct" size="1 1">
      <data idx="1" type="double" size="1 9">158.0108795822242 75.0483906751313 139.2394205729167 120.8941480647143 10.2113198853164 126.259337308114 201.9014437845588 115.2571165267254 138.6333179139255</data>
    </avgSatCells>
    <avgIntCells idx="1" type="struct" size="1 1">
      <data idx="1" type="double" size="1 9">206.7009437504266 239.4805788791041 236.636658785636 213.8104904771657 241.7007816233193 231.5070929276316 168.7324732063621 201.0583998907775 201.033477247807</data>
    </avgIntCells>
    <cornerRatioGrid idx="1" type="struct" size="1 1">
      <data idx="1" type="double" size="1 9">73 111 37 39 93 80 34 20 36</data>
    </cornerRatioGrid>
    <avgR idx="1" type="struct" size="1 1">
      <data idx="1" type="double" size="1 1">125.4833865223889</data>
    </avgR>
    <avgG idx="1" type="struct" size="1 1">
      <data idx="1" type="double" size="1 1">175.5362657851391</data>
    </avgG>
    <avgB idx="1" type="struct" size="1 1">
      <data idx="1" type="double" size="1 1">214.3279934571746</data>
    </avgB>
    <avgRCells idx="1" type="struct" size="1 1">
      <data idx="1" type="double" size="1 9">89.33312000819171 173.3690866270736 108.4427254660088 124.8403730630077 237.1343009761757 119.111388089364 46.41760529729 127.3577035975152 104.9720223410088</data>
    </avgRCells>
    <avgGCells idx="1" type="struct" size="1 1">
      <data idx="1" type="double" size="1 9">143.0533995494573 215.1241978974673 206.071014939693 168.8504249436823 238.2072923066422 193.1060426946272 103.6630145402417 161.0044542289577 151.9247618558114</data>
    </avgGCells>
    <avgBCells idx="1" type="struct" size="1 1">
      <data idx="1" type="double" size="1 9">205.7106031128403 238.78927742508 234.4310409813596 211.7082736022939 239.102600860127 230.8477676123904 168.6019523516963 199.4507730903133 200.9447556880482</data>
    </avgBCells>
  </features>
</root>
