<?xml version="1.0"?>
<!-- Written on 15-Jun-2010 21:43:59 using the XML Toolbox for Matlab -->
<root xml_tb_version="3.1" idx="1" type="struct" size="1 1">
  <filename idx="1" type="char" size="1 36">77e361fcf2347520d1f58ecc64c16ff8.jpg</filename>
  <features idx="1" type="struct" size="1 1">
    <numFaces idx="1" type="struct" size="1 1">
      <data idx="1" type="double" size="1 1">2</data>
    </numFaces>
    <cornerRatio idx="1" type="struct" size="1 1">
      <data idx="1" type="double" size="1 1">0.001062382739212008</data>
    </cornerRatio>
    <edgeRatio idx="1" type="struct" size="1 1">
      <data idx="1" type="double" size="1 1">0.1305816135084428</data>
    </edgeRatio>
    <gridEdgeRatio idx="1" type="struct" size="1 1">
      <data idx="1" type="double" size="1 9">0.0183648795130493 0.04285833402818321 0.004788507581803675 0.1479404652714085 0.164804469273743 0.1446003276347294 0.2396281305337718 0.2225314107428957 0.192663863047449</data>
    </gridEdgeRatio>
    <medianHue idx="1" type="struct" size="1 1">
      <data idx="1" type="double" size="1 1">0</data>
    </medianHue>
    <avgSat idx="1" type="struct" size="1 1">
      <data idx="1" type="double" size="1 1">0.01307457786116309</data>
    </avgSat>
    <avgInt idx="1" type="struct" size="1 1">
      <data idx="1" type="double" size="1 1">156.8148545966229</data>
    </avgInt>
    <medHueCells idx="1" type="struct" size="1 1">
      <data idx="1" type="double" size="1 9">0 0 0 0 0 0 0 0 0</data>
    </medHueCells>
    <avgSatCells idx="1" type="struct" size="1 1">
      <data idx="1" type="double" size="1 9">0.01296589677311772 0.01211123155173851 0 0.01017260068373223 0 0.02536048570705791 0.01577267190322178 0.03106229260301592 0.009706469563739857</data>
    </avgSatCells>
    <avgIntCells idx="1" type="struct" size="1 1">
      <data idx="1" type="double" size="1 9">227.9672725756691 165.859543066789 111.9999578379291 215.0674768615027 145.2058283998999 96.82920145037524 224.1654765405134 137.6185575671022 84.63442504566513</data>
    </avgIntCells>
    <cornerRatioGrid idx="1" type="struct" size="1 1">
      <data idx="1" type="double" size="1 9">6 8 2 37 47 76 100 93 84</data>
    </cornerRatioGrid>
    <avgR idx="1" type="struct" size="1 1">
      <data idx="1" type="double" size="1 1">156.8144793621013</data>
    </avgR>
    <avgG idx="1" type="struct" size="1 1">
      <data idx="1" type="double" size="1 1">156.8138344277673</data>
    </avgG>
    <avgB idx="1" type="struct" size="1 1">
      <data idx="1" type="double" size="1 1">156.8088742964352</data>
    </avgB>
    <avgRCells idx="1" type="struct" size="1 1">
      <data idx="1" type="double" size="1 9">227.9672725756691 165.859543066789 111.9999578379291 215.0674768615027 145.2058283998999 96.82652415886668 224.1654765405134 137.6185575671022 84.63372414086076</data>
    </avgRCells>
    <avgGCells idx="1" type="struct" size="1 1">
      <data idx="1" type="double" size="1 9">227.9671475027099 165.8554781956142 111.9999578379291 215.0674768615027 145.2058283998999 96.8271565899317 224.1651615071198 137.6171924223968 84.63317191283306</data>
    </avgGCells>
    <avgBCells idx="1" type="struct" size="1 1">
      <data idx="1" type="double" size="1 9">227.9543692153757 165.853935629117 111.9999578379291 215.0573042608189 145.2058283998999 96.82618686229867 224.1497668752888 137.6146301507961 84.63227985217294</data>
    </avgBCells>
  </features>
</root>
