<?xml version="1.0"?>
<!-- Written on 15-Jun-2010 21:43:59 using the XML Toolbox for Matlab -->
<root xml_tb_version="3.1" idx="1" type="struct" size="1 1">
  <filename idx="1" type="char" size="1 36">7b8eb076b10b77b78383762ab15f4775.jpg</filename>
  <features idx="1" type="struct" size="1 1">
    <numFaces idx="1" type="struct" size="1 1">
      <data idx="1" type="double" size="1 1">0</data>
    </numFaces>
    <cornerRatio idx="1" type="struct" size="1 1">
      <data idx="1" type="double" size="1 1">0.0004375</data>
    </cornerRatio>
    <edgeRatio idx="1" type="struct" size="1 1">
      <data idx="1" type="double" size="1 1">0.07751666666666666</data>
    </edgeRatio>
    <gridEdgeRatio idx="1" type="struct" size="1 1">
      <data idx="1" type="double" size="1 9">0.1603920695032301 0.05955298136184746 0 0.1679290116581273 0.1066310239845547 0.03742537313432837 0.1058513403133586 0.04945422143016263 0.01070895522388059</data>
    </gridEdgeRatio>
    <medianHue idx="1" type="struct" size="1 1">
      <data idx="1" type="double" size="1 1">19</data>
    </medianHue>
    <avgSat idx="1" type="struct" size="1 1">
      <data idx="1" type="double" size="1 1">45.55046249999997</data>
    </avgSat>
    <avgInt idx="1" type="struct" size="1 1">
      <data idx="1" type="double" size="1 1">118.9397750000001</data>
    </avgInt>
    <medHueCells idx="1" type="struct" size="1 1">
      <data idx="1" type="double" size="1 9">13 15 13 21 21 19 22 21 19</data>
    </medHueCells>
    <avgSatCells idx="1" type="struct" size="1 1">
      <data idx="1" type="double" size="1 9">64.40558402019751 62.63596198113908 64.36678547560703 40.29189871537832 35.14650627459718 45.91278681220763 25.41820895522388 28.20246268656714 43.25555970149254</data>
    </avgSatCells>
    <avgIntCells idx="1" type="struct" size="1 1">
      <data idx="1" type="double" size="1 9">48.95704314249647 51.37859211405656 39.69803965248387 136.6714561520753 161.3829731937328 110.023353382342 208.6977985074627 195.3265671641792 119.7432462686568</data>
    </avgIntCells>
    <cornerRatioGrid idx="1" type="struct" size="1 1">
      <data idx="1" type="double" size="1 9">42 0 0 40 1 3 19 0 0</data>
    </cornerRatioGrid>
    <avgR idx="1" type="struct" size="1 1">
      <data idx="1" type="double" size="1 1">118.9393041666667</data>
    </avgR>
    <avgG idx="1" type="struct" size="1 1">
      <data idx="1" type="double" size="1 1">113.2738</data>
    </avgG>
    <avgB idx="1" type="struct" size="1 1">
      <data idx="1" type="double" size="1 1">102.8153749999999</data>
    </avgB>
    <avgRCells idx="1" type="struct" size="1 1">
      <data idx="1" type="double" size="1 9">48.95485260265834 51.37721838568351 39.6976683745452 136.6714561520753 161.3829731937328 110.023353382342 208.6977985074627 195.3265671641792 119.7429104477613</data>
    </avgRCells>
    <avgGCells idx="1" type="struct" size="1 1">
      <data idx="1" type="double" size="1 9">44.27248087918613 46.51685601841538 35.23267988416131 130.8066755773372 154.8153263533081 104.1261973713522 202.6766791044776 189.1968656716415 113.2171641791044</data>
    </avgGCells>
    <avgBCells idx="1" type="struct" size="1 1">
      <data idx="1" type="double" size="1 9">38.57466399346549 40.48206727556249 30.350115096161 119.5554317962426 140.9885646394892 93.39292344248905 187.5741417910449 174.5545149253733 101.1668283582089</data>
    </avgBCells>
  </features>
</root>
