<?xml version="1.0"?>
<!-- Written on 15-Jun-2010 21:43:59 using the XML Toolbox for Matlab -->
<root xml_tb_version="3.1" idx="1" type="struct" size="1 1">
  <filename idx="1" type="char" size="1 36">7c29b540e82c32e535e0dc7f8e5d6bef.jpg</filename>
  <features idx="1" type="struct" size="1 1">
    <numFaces idx="1" type="struct" size="1 1">
      <data idx="1" type="double" size="1 1">0</data>
    </numFaces>
    <cornerRatio idx="1" type="struct" size="1 1">
      <data idx="1" type="double" size="1 1">0.0002604166666666667</data>
    </cornerRatio>
    <edgeRatio idx="1" type="struct" size="1 1">
      <data idx="1" type="double" size="1 1">0.002874348958333333</data>
    </edgeRatio>
    <gridEdgeRatio idx="1" type="struct" size="1 1">
      <data idx="1" type="double" size="1 9">0 0.01465722412492017 0.006298252742787486 0 0 0.004788994021013526 0 0 0</data>
    </gridEdgeRatio>
    <medianHue idx="1" type="struct" size="1 1">
      <data idx="1" type="double" size="1 1">18</data>
    </medianHue>
    <avgSat idx="1" type="struct" size="1 1">
      <data idx="1" type="double" size="1 1">207.9466536458332</data>
    </avgSat>
    <avgInt idx="1" type="struct" size="1 1">
      <data idx="1" type="double" size="1 1">105.3530631510418</data>
    </avgInt>
    <medHueCells idx="1" type="struct" size="1 1">
      <data idx="1" type="double" size="1 9">23 11 19 22 10 14 22 18 18</data>
    </medHueCells>
    <avgSatCells idx="1" type="struct" size="1 1">
      <data idx="1" type="double" size="1 9">174.9518198177281 225.5513728449526 217.1162675233645 181.1709815986532 237.6190863179893 233.8893691588785 182.4035815870435 201.0226969292391 218.6775700934578</data>
    </avgSatCells>
    <avgIntCells idx="1" type="struct" size="1 1">
      <data idx="1" type="double" size="1 9">133.7876879317351 87.80455099553032 102.3713492990654 125.5377024438382 62.07113832936668 69.4881425233645 126.236721425669 120.5493411505196 119.7671144859813</data>
    </avgIntCells>
    <cornerRatioGrid idx="1" type="struct" size="1 1">
      <data idx="1" type="double" size="1 9">2 23 4 5 8 9 6 12 11</data>
    </cornerRatioGrid>
    <avgR idx="1" type="struct" size="1 1">
      <data idx="1" type="double" size="1 1">105.3530631510418</data>
    </avgR>
    <avgG idx="1" type="struct" size="1 1">
      <data idx="1" type="double" size="1 1">72.86371744791667</data>
    </avgG>
    <avgB idx="1" type="struct" size="1 1">
      <data idx="1" type="double" size="1 1">23.19662434895833</data>
    </avgB>
    <avgRCells idx="1" type="struct" size="1 1">
      <data idx="1" type="double" size="1 9">133.7876879317351 87.80455099553032 102.3713492990654 125.5377024438382 62.07113832936668 69.4881425233645 126.236721425669 120.5493411505196 119.7671144859813</data>
    </avgRCells>
    <avgGCells idx="1" type="struct" size="1 1">
      <data idx="1" type="double" size="1 9">109.0958669530388 50.62184361757703 69.46726051401868 97.03189760260058 24.86245428687526 38.92088200934579 99.7745109421258 85.56841005398503 79.59967873831778</data>
    </avgGCells>
    <avgBCells idx="1" type="struct" size="1 1">
      <data idx="1" type="double" size="1 9">43.37301909792769 13.07395367736692 15.83428738317755 41.08405410112032 4.272943634991583 6.797488317757009 38.12256922273176 28.10698322400883 17.609988317757</data>
    </avgBCells>
  </features>
</root>
