<?xml version="1.0"?>
<!-- Written on 15-Jun-2010 21:44:00 using the XML Toolbox for Matlab -->
<root xml_tb_version="3.1" idx="1" type="struct" size="1 1">
  <filename idx="1" type="char" size="1 36">89de2f74130b0e88f8aa697202ee8114.jpg</filename>
  <features idx="1" type="struct" size="1 1">
    <numFaces idx="1" type="struct" size="1 1">
      <data idx="1" type="double" size="1 1">1</data>
    </numFaces>
    <cornerRatio idx="1" type="struct" size="1 1">
      <data idx="1" type="double" size="1 1">0.0001111455748552523</data>
    </cornerRatio>
    <edgeRatio idx="1" type="struct" size="1 1">
      <data idx="1" type="double" size="1 1">0.02585814722911497</data>
    </edgeRatio>
    <gridEdgeRatio idx="1" type="struct" size="1 1">
      <data idx="1" type="double" size="1 9">0 0.1031507356343111 0.004441565651892293 0.0161585083742019 0.04165124456370863 0.002324882020912372 0.03177106282321839 0.01573479279237492 0.01733494121193849</data>
    </gridEdgeRatio>
    <medianHue idx="1" type="struct" size="1 1">
      <data idx="1" type="double" size="1 1">0</data>
    </medianHue>
    <avgSat idx="1" type="struct" size="1 1">
      <data idx="1" type="double" size="1 1">20.19176230355665</data>
    </avgSat>
    <avgInt idx="1" type="struct" size="1 1">
      <data idx="1" type="double" size="1 1">249.0062900641024</data>
    </avgInt>
    <medHueCells idx="1" type="struct" size="1 1">
      <data idx="1" type="double" size="1 9">0 0 0 11 12 0 0 0 0</data>
    </medHueCells>
    <avgSatCells idx="1" type="struct" size="1 1">
      <data idx="1" type="double" size="1 9">0 5.832886092347553 4.418879432295169 73.99749005274361 65.24299065420563 17.93093852183391 2.791234847783844 1.100582955491811 10.90912780315855</data>
    </avgSatCells>
    <avgIntCells idx="1" type="struct" size="1 1">
      <data idx="1" type="double" size="1 9">255 251.0005783288608 249.3885577792723 233.7178796150645 239.9985541778476 250.6729435773752 254.4131118719349 254.7128828537059 252.0057280675309</data>
    </avgIntCells>
    <cornerRatioGrid idx="1" type="struct" size="1 1">
      <data idx="1" type="double" size="1 9">0 31 0 2 10 0 40 1 2</data>
    </cornerRatioGrid>
    <avgR idx="1" type="struct" size="1 1">
      <data idx="1" type="double" size="1 1">248.8493925765095</data>
    </avgR>
    <avgG idx="1" type="struct" size="1 1">
      <data idx="1" type="double" size="1 1">237.1704171836227</data>
    </avgG>
    <avgB idx="1" type="struct" size="1 1">
      <data idx="1" type="double" size="1 1">230.8878851323406</data>
    </avgB>
    <avgRCells idx="1" type="struct" size="1 1">
      <data idx="1" type="double" size="1 9">255 250.8810608864625 249.2111384244336 233.3006384750625 239.7089733506058 250.5116300642381 254.3573031368557 254.6785763856759 251.8486816168456</data>
    </avgRCells>
    <avgGCells idx="1" type="struct" size="1 1">
      <data idx="1" type="double" size="1 9">255 247.7813338576849 247.0120011131467 187.7539557694087 203.2962894420284 240.5084297673986 252.8370153604145 254.093284445267 245.8473133739941</data>
    </avgGCells>
    <avgBCells idx="1" type="struct" size="1 1">
      <data idx="1" type="double" size="1 9">255 246.1388683260849 245.8239604832912 170.1554547978162 178.7762792634404 233.9647271630992 251.8205792541871 253.7113676320903 241.9690174161082</data>
    </avgBCells>
  </features>
</root>
