<?xml version="1.0"?>
<!-- Written on 15-Jun-2010 21:44:00 using the XML Toolbox for Matlab -->
<root xml_tb_version="3.1" idx="1" type="struct" size="1 1">
  <filename idx="1" type="char" size="1 36">8bd0afafedc06586d6a3568bf7d7076e.jpg</filename>
  <features idx="1" type="struct" size="1 1">
    <numFaces idx="1" type="struct" size="1 1">
      <data idx="1" type="double" size="1 1">1</data>
    </numFaces>
    <cornerRatio idx="1" type="struct" size="1 1">
      <data idx="1" type="double" size="1 1">0.0003333333333333333</data>
    </cornerRatio>
    <edgeRatio idx="1" type="struct" size="1 1">
      <data idx="1" type="double" size="1 1">0.09091851851851852</data>
    </edgeRatio>
    <gridEdgeRatio idx="1" type="struct" size="1 1">
      <data idx="1" type="double" size="1 9">0.1113966590886627 0.1034891766333894 0.1080132450331125 0.1073440743303351 0.183519488649468 0.1289735099337749 0.02606965174129356 0.02315091210613601 0.02566666666666668</data>
    </gridEdgeRatio>
    <medianHue idx="1" type="struct" size="1 1">
      <data idx="1" type="double" size="1 1">56</data>
    </medianHue>
    <avgSat idx="1" type="struct" size="1 1">
      <data idx="1" type="double" size="1 1">61.12927037037034</data>
    </avgSat>
    <avgInt idx="1" type="struct" size="1 1">
      <data idx="1" type="double" size="1 1">144.6936518518519</data>
    </avgInt>
    <medHueCells idx="1" type="struct" size="1 1">
      <data idx="1" type="double" size="1 9">106 80 23 120 176 22 106 38 22</data>
    </medHueCells>
    <avgSatCells idx="1" type="struct" size="1 1">
      <data idx="1" type="double" size="1 9">36.88636288754903 64.9750584824223 36.57671641791045 57.74323745510854 93.34272346874897 62.69499170812603 71.67370860927153 75.4332119205298 51.23296666666668</data>
    </avgSatCells>
    <avgIntCells idx="1" type="struct" size="1 1">
      <data idx="1" type="double" size="1 9">176.5774109584526 149.8825738855392 165.2963184079602 147.9823729036934 167.915356989885 128.6808623548922 131.8648344370861 90.54503311258277 142.7635666666666</data>
    </avgIntCells>
    <cornerRatioGrid idx="1" type="struct" size="1 1">
      <data idx="1" type="double" size="1 9">16 26 18 7 2 11 1 4 5</data>
    </cornerRatioGrid>
    <avgR idx="1" type="struct" size="1 1">
      <data idx="1" type="double" size="1 1">138.3499814814814</data>
    </avgR>
    <avgG idx="1" type="struct" size="1 1">
      <data idx="1" type="double" size="1 1">121.4479444444445</data>
    </avgG>
    <avgB idx="1" type="struct" size="1 1">
      <data idx="1" type="double" size="1 1">117.4210296296297</data>
    </avgB>
    <avgRCells idx="1" type="struct" size="1 1">
      <data idx="1" type="double" size="1 9">167.3637441929426 146.6871272775197 163.0327363184079 141.681526144114 167.9152581463543 128.2516749585406 105.232880794702 82.43804635761587 141.9611333333334</data>
    </avgRCells>
    <avgGCells idx="1" type="struct" size="1 1">
      <data idx="1" type="double" size="1 9">160.564100029653 122.4056867977992 158.9309784411276 117.8323613719483 107.9095911172614 114.7142288557214 108.8130463576158 66.88105960264903 134.1255666666667</data>
    </avgGCells>
    <avgBCells idx="1" type="struct" size="1 1">
      <data idx="1" type="double" size="1 9">163.8587855424863 118.5894039735099 142.2098507462686 123.1788738427071 113.1745576752001 90.63757877280268 124.6363576158941 67.68384105960266 111.7851333333333</data>
    </avgBCells>
  </features>
</root>
