<?xml version="1.0"?>
<!-- Written on 15-Jun-2010 21:44:00 using the XML Toolbox for Matlab -->
<root xml_tb_version="3.1" idx="1" type="struct" size="1 1">
  <filename idx="1" type="char" size="1 36">8fd07752be298de6e7fc7f21ca2670ce.jpg</filename>
  <features idx="1" type="struct" size="1 1">
    <numFaces idx="1" type="struct" size="1 1">
      <data idx="1" type="double" size="1 1">0</data>
    </numFaces>
    <cornerRatio idx="1" type="struct" size="1 1">
      <data idx="1" type="double" size="1 1">0.0005162037037037037</data>
    </cornerRatio>
    <edgeRatio idx="1" type="struct" size="1 1">
      <data idx="1" type="double" size="1 1">0.1155069444444444</data>
    </edgeRatio>
    <gridEdgeRatio idx="1" type="struct" size="1 1">
      <data idx="1" type="double" size="1 9">0.2002143976251337 0.1442442483714027 0.1015547263681594 0.09761276490475795 0.1506967922816855 0.01187810945273631 0.09516886137996924 0.08715158060898097 0.1490810359231411</data>
    </gridEdgeRatio>
    <medianHue idx="1" type="struct" size="1 1">
      <data idx="1" type="double" size="1 1">45</data>
    </medianHue>
    <avgSat idx="1" type="struct" size="1 1">
      <data idx="1" type="double" size="1 1">145.9897199074075</data>
    </avgSat>
    <avgInt idx="1" type="struct" size="1 1">
      <data idx="1" type="double" size="1 1">151.5933287037036</data>
    </avgInt>
    <medHueCells idx="1" type="struct" size="1 1">
      <data idx="1" type="double" size="1 9">103 44 40 47 99 52 50 45 40</data>
    </medHueCells>
    <avgSatCells idx="1" type="struct" size="1 1">
      <data idx="1" type="double" size="1 9">144.197142739342 146.7941988950277 118.0566194491754 117.5390863362744 125.2260864187351 113.1557138703111 152.9042703150911 193.2635572139303 202.9468253968254</data>
    </avgSatCells>
    <avgIntCells idx="1" type="struct" size="1 1">
      <data idx="1" type="double" size="1 9">157.1109301558506 134.671579945576 162.8326756116811 193.8140100601963 168.7410942524944 164.3721181406555 161.1163764510779 98.24479684908785 123.1520258980786</data>
    </avgIntCells>
    <cornerRatioGrid idx="1" type="struct" size="1 1">
      <data idx="1" type="double" size="1 9">32 48 31 22 59 4 6 9 12</data>
    </cornerRatioGrid>
    <avgR idx="1" type="struct" size="1 1">
      <data idx="1" type="double" size="1 1">126.318986111111</data>
    </avgR>
    <avgG idx="1" type="struct" size="1 1">
      <data idx="1" type="double" size="1 1">125.3737569444446</data>
    </avgG>
    <avgB idx="1" type="struct" size="1 1">
      <data idx="1" type="double" size="1 1">98.69952777777779</data>
    </avgB>
    <avgRCells idx="1" type="struct" size="1 1">
      <data idx="1" type="double" size="1 9">92.78797311783623 116.8770512080482 146.4045818967307 193.2013688463759 152.5613094747258 136.7108586383085 134.6559286898839 66.25851990049752 97.56510025062654</data>
    </avgRCells>
    <avgGCells idx="1" type="struct" size="1 1">
      <data idx="1" type="double" size="1 9">120.5646491300404 118.0195637832934 162.3070867777178 116.8108559412881 123.6539746021275 159.1271549038341 108.8822553897181 96.54461028192371 122.6597744360902</data>
    </avgGCells>
    <avgBCells idx="1" type="struct" size="1 1">
      <data idx="1" type="double" size="1 9">143.6948338418406 87.13193700008249 117.0640759356956 119.9302795415189 119.5036282675023 127.0494122045446 102.4098258706468 33.58731343283583 37.11495405179615</data>
    </avgBCells>
  </features>
</root>
