<?xml version="1.0"?>
<!-- Written on 15-Jun-2010 21:44:00 using the XML Toolbox for Matlab -->
<root xml_tb_version="3.1" idx="1" type="struct" size="1 1">
  <filename idx="1" type="char" size="1 36">91763e13bf78d0e3526ffa1f38d337be.jpg</filename>
  <features idx="1" type="struct" size="1 1">
    <numFaces idx="1" type="struct" size="1 1">
      <data idx="1" type="double" size="1 1">0</data>
    </numFaces>
    <cornerRatio idx="1" type="struct" size="1 1">
      <data idx="1" type="double" size="1 1">0.0007861731416335271</data>
    </cornerRatio>
    <edgeRatio idx="1" type="struct" size="1 1">
      <data idx="1" type="double" size="1 1">0.1748088100336494</data>
    </edgeRatio>
    <gridEdgeRatio idx="1" type="struct" size="1 1">
      <data idx="1" type="double" size="1 9">0.2702379008111491 0.2714355707986282 0.21958190429528 0.1642985464641516 0.2067341717023246 0.1700419184495619 0.1002757099531292 0.1075268817204301 0.05795423214778048</data>
    </gridEdgeRatio>
    <medianHue idx="1" type="struct" size="1 1">
      <data idx="1" type="double" size="1 1">30</data>
    </medianHue>
    <avgSat idx="1" type="struct" size="1 1">
      <data idx="1" type="double" size="1 1">65.03362802080152</data>
    </avgSat>
    <avgInt idx="1" type="struct" size="1 1">
      <data idx="1" type="double" size="1 1">117.7096849189354</data>
    </avgInt>
    <medHueCells idx="1" type="struct" size="1 1">
      <data idx="1" type="double" size="1 9">15 106 13 19 103 75 24 124 43</data>
    </medHueCells>
    <avgSatCells idx="1" type="struct" size="1 1">
      <data idx="1" type="double" size="1 9">62.63590832380635 120.0805977462029 55.94223876481944 47.99771353911483 98.68063040992976 31.11841742486903 28.46826174533182 110.5676683542925 29.53043837882546</data>
    </avgSatCells>
    <avgIntCells idx="1" type="struct" size="1 1">
      <data idx="1" type="double" size="1 9">98.70471990854156 115.383608253035 75.11461262751584 122.3647449507322 117.9545429800207 132.2600771987869 144.7834122706734 120.2216506070009 131.7771712158808</data>
    </avgIntCells>
    <cornerRatioGrid idx="1" type="struct" size="1 1">
      <data idx="1" type="double" size="1 9">47 38 47 20 52 38 12 2 1</data>
    </cornerRatioGrid>
    <avgR idx="1" type="struct" size="1 1">
      <data idx="1" type="double" size="1 1">109.0702355460386</data>
    </avgR>
    <avgG idx="1" type="struct" size="1 1">
      <data idx="1" type="double" size="1 1">100.8934934230652</data>
    </avgG>
    <avgB idx="1" type="struct" size="1 1">
      <data idx="1" type="double" size="1 1">103.5041817069439</data>
    </avgB>
    <avgRCells idx="1" type="struct" size="1 1">
      <data idx="1" type="double" size="1 9">97.46352550492672 99.78441940225377 71.59117728149982 120.0141270618978 99.06102672981653 126.0039150813344 141.7189014099841 96.21881975066692 128.8174800110284</data>
    </avgRCells>
    <avgGCells idx="1" type="struct" size="1 1">
      <data idx="1" type="double" size="1 9">89.0569437639501 80.5491316892591 65.459829059829 114.7680330992433 90.69859545974188 122.3823545629997 139.8024116718384 79.38197506668847 125.404576785222</data>
    </avgGCells>
    <avgBCells idx="1" type="struct" size="1 1">
      <data idx="1" type="double" size="1 9">82.1522674070444 82.07523545103163 66.91725944306589 107.5805705264304 102.2431270074583 125.5725668596636 136.508057052643 102.7273395394415 125.3469534050179</data>
    </avgBCells>
  </features>
</root>
