<?xml version="1.0"?>
<!-- Written on 15-Jun-2010 21:44:01 using the XML Toolbox for Matlab -->
<root xml_tb_version="3.1" idx="1" type="struct" size="1 1">
  <filename idx="1" type="char" size="1 36">93a334f01d551689d0d290aee9bd08e5.jpg</filename>
  <features idx="1" type="struct" size="1 1">
    <numFaces idx="1" type="struct" size="1 1">
      <data idx="1" type="double" size="1 1">3</data>
    </numFaces>
    <cornerRatio idx="1" type="struct" size="1 1">
      <data idx="1" type="double" size="1 1">0.0004606729055258467</data>
    </cornerRatio>
    <edgeRatio idx="1" type="struct" size="1 1">
      <data idx="1" type="double" size="1 1">0.05224988859180035</data>
    </edgeRatio>
    <gridEdgeRatio idx="1" type="struct" size="1 1">
      <data idx="1" type="double" size="1 9">0.07003367674312015 0.1004124902855549 0.06162602768603751 0.02255743977044019 0.09710459717434197 0.03104891735346375 0.01462606752334585 0.05827480245829675 0.01407764062562827</data>
    </gridEdgeRatio>
    <medianHue idx="1" type="struct" size="1 1">
      <data idx="1" type="double" size="1 1">174</data>
    </medianHue>
    <avgSat idx="1" type="struct" size="1 1">
      <data idx="1" type="double" size="1 1">139.6093438057041</data>
    </avgSat>
    <avgInt idx="1" type="struct" size="1 1">
      <data idx="1" type="double" size="1 1">140.3025540329767</data>
    </avgInt>
    <medHueCells idx="1" type="struct" size="1 1">
      <data idx="1" type="double" size="1 9">174 177 177 172 120 174 174 175 175</data>
    </medHueCells>
    <avgSatCells idx="1" type="struct" size="1 1">
      <data idx="1" type="double" size="1 9">148.2654634039416 140.2188390490803 144.5241190438184 125.9665474363829 108.7422035350616 136.3940707558465 142.2946986960058 151.0242579077869 158.9438351895783</data>
    </avgSatCells>
    <avgIntCells idx="1" type="struct" size="1 1">
      <data idx="1" type="double" size="1 9">147.9096058426161 138.8288264950283 134.609366270253 158.9377229340613 141.462352788793 124.8159869103679 149.5972876115521 134.0961281708946 132.7697468939729</data>
    </avgIntCells>
    <cornerRatioGrid idx="1" type="struct" size="1 1">
      <data idx="1" type="double" size="1 9">90 188 104 17 155 13 59 144 57</data>
    </cornerRatioGrid>
    <avgR idx="1" type="struct" size="1 1">
      <data idx="1" type="double" size="1 1">134.4444914215685</data>
    </avgR>
    <avgG idx="1" type="struct" size="1 1">
      <data idx="1" type="double" size="1 1">72.69474710338677</data>
    </avgG>
    <avgB idx="1" type="struct" size="1 1">
      <data idx="1" type="double" size="1 1">83.45067067736194</data>
    </avgB>
    <avgRCells idx="1" type="struct" size="1 1">
      <data idx="1" type="double" size="1 9">132.4304943905307 134.8691140426041 133.9247745231063 154.6567014726102 125.6028635195187 118.1540476095458 149.0150978246683 129.3657207103206 132.2236992883278</data>
    </avgRCells>
    <avgGCells idx="1" type="struct" size="1 1">
      <data idx="1" type="double" size="1 9">77.19478707928978 67.34264591594764 60.18504070556311 97.33288663491622 98.518188430345 62.64876985393887 80.33387875563392 59.15629360450526 51.83929576615333</data>
    </avgGCells>
    <avgBCells idx="1" type="struct" size="1 1">
      <data idx="1" type="double" size="1 9">93.87412071817154 77.34798138811946 67.68511553196585 103.8870284757787 111.9641960424845 75.02505686806605 83.18777417509042 73.81108646114615 64.60321257689678</data>
    </avgBCells>
  </features>
</root>
