<?xml version="1.0"?>
<!-- Written on 15-Jun-2010 21:44:01 using the XML Toolbox for Matlab -->
<root xml_tb_version="3.1" idx="1" type="struct" size="1 1">
  <filename idx="1" type="char" size="1 36">94e88fb7a9b8fa2a4c455c5d18dbdfa5.jpg</filename>
  <features idx="1" type="struct" size="1 1">
    <numFaces idx="1" type="struct" size="1 1">
      <data idx="1" type="double" size="1 1">0</data>
    </numFaces>
    <cornerRatio idx="1" type="struct" size="1 1">
      <data idx="1" type="double" size="1 1">0.0028703125</data>
    </cornerRatio>
    <edgeRatio idx="1" type="struct" size="1 1">
      <data idx="1" type="double" size="1 1">0.2161828125</data>
    </edgeRatio>
    <gridEdgeRatio idx="1" type="struct" size="1 1">
      <data idx="1" type="double" size="1 9">0.2324849632434842 0.248552016039207 0.2475171136797218 0.2190493428380486 0.2248273557585207 0.2212434070250252 0.1866232746044215 0.182092357760072 0.182698287071061</data>
    </gridEdgeRatio>
    <medianHue idx="1" type="struct" size="1 1">
      <data idx="1" type="double" size="1 1">112</data>
    </medianHue>
    <avgSat idx="1" type="struct" size="1 1">
      <data idx="1" type="double" size="1 1">102.0599984374999</data>
    </avgSat>
    <avgInt idx="1" type="struct" size="1 1">
      <data idx="1" type="double" size="1 1">41.90259687500006</data>
    </avgInt>
    <medHueCells idx="1" type="struct" size="1 1">
      <data idx="1" type="double" size="1 9">110 112 112 108 111 115 110 112 115</data>
    </medHueCells>
    <avgSatCells idx="1" type="struct" size="1 1">
      <data idx="1" type="double" size="1 9">95.02914067721098 79.78933225662733 61.25026652452024 77.37321786589446 96.87777066161733 103.5297525530244 105.6635338345865 139.0412551902144 160.7615891231838</data>
    </avgSatCells>
    <avgIntCells idx="1" type="struct" size="1 1">
      <data idx="1" type="double" size="1 9">41.67040265092449 45.95093562040545 51.81813208394122 47.27579917576298 42.64560592559588 36.96960217708448 42.92408259454605 37.15503310515098 30.63865961897222</data>
    </avgIntCells>
    <cornerRatioGrid idx="1" type="struct" size="1 1">
      <data idx="1" type="double" size="1 9">233 244 235 220 223 210 163 149 160</data>
    </cornerRatioGrid>
    <avgR idx="1" type="struct" size="1 1">
      <data idx="1" type="double" size="1 1">33.7210453125</data>
    </avgR>
    <avgG idx="1" type="struct" size="1 1">
      <data idx="1" type="double" size="1 1">36.17088125000002</data>
    </avgG>
    <avgB idx="1" type="struct" size="1 1">
      <data idx="1" type="double" size="1 1">36.616121875</data>
    </avgB>
    <avgRCells idx="1" type="struct" size="1 1">
      <data idx="1" type="double" size="1 9">34.72443751392294 37.91246658498554 43.62659914712156 40.49372076186234 34.35194364000889 27.94961283806531 34.71500112220848 28.29456570530803 21.32296907682741</data>
    </avgRCells>
    <avgGCells idx="1" type="struct" size="1 1">
      <data idx="1" type="double" size="1 9">37.2290877701047 40.24873301403431 45.7680675569521 43.00955112497213 36.94088327021609 30.14865054427111 37.57242453147796 30.97661598024914 23.54184804115555</data>
    </avgGCells>
    <avgBCells idx="1" type="struct" size="1 1">
      <data idx="1" type="double" size="1 9">35.11862330140342 40.89017598574291 47.56419032656265 40.3351665181555 37.1267403653375 33.29380821456627 36.74652115363037 31.73528504096062 26.66474927921306</data>
    </avgBCells>
  </features>
</root>
