<?xml version="1.0"?>
<!-- Written on 15-Jun-2010 21:44:01 using the XML Toolbox for Matlab -->
<root xml_tb_version="3.1" idx="1" type="struct" size="1 1">
  <filename idx="1" type="char" size="1 36">967808d6a9b8e43a0dc666fa176830e6.jpg</filename>
  <features idx="1" type="struct" size="1 1">
    <numFaces idx="1" type="struct" size="1 1">
      <data idx="1" type="double" size="1 1">0</data>
    </numFaces>
    <cornerRatio idx="1" type="struct" size="1 1">
      <data idx="1" type="double" size="1 1">0.00032958984375</data>
    </cornerRatio>
    <edgeRatio idx="1" type="struct" size="1 1">
      <data idx="1" type="double" size="1 1">0.02738850911458333</data>
    </edgeRatio>
    <gridEdgeRatio idx="1" type="struct" size="1 1">
      <data idx="1" type="double" size="1 9">0 0.02088554720133667 0.00844298245614035 0.03505139660746068 0.0753514220333442 0.02567616959064327 0.00835421888053467 0.06447277614325672 0.00932017543859649</data>
    </gridEdgeRatio>
    <medianHue idx="1" type="struct" size="1 1">
      <data idx="1" type="double" size="1 1">125</data>
    </medianHue>
    <avgSat idx="1" type="struct" size="1 1">
      <data idx="1" type="double" size="1 1">19.84654337565104</data>
    </avgSat>
    <avgInt idx="1" type="struct" size="1 1">
      <data idx="1" type="double" size="1 1">233.0409159342448</data>
    </avgInt>
    <medHueCells idx="1" type="struct" size="1 1">
      <data idx="1" type="double" size="1 9">125 125 125 125 125 125 125 125 124</data>
    </medHueCells>
    <avgSatCells idx="1" type="struct" size="1 1">
      <data idx="1" type="double" size="1 9">10.97292143401984 14.58891794704152 14.39686171951618 18.18417420362501 33.18257600523048 43.58274308960808 14.43536184210526 15.17291666666666 14.15487938596492</data>
    </avgSatCells>
    <avgIntCells idx="1" type="struct" size="1 1">
      <data idx="1" type="double" size="1 9">241.6864625331444 237.1904035450945 238.0843594493479 235.2823544368165 219.9905379390505 212.5853220006538 238.6002558479533 237.1519188596492 236.7141630116959</data>
    </avgIntCells>
    <cornerRatioGrid idx="1" type="struct" size="1 1">
      <data idx="1" type="double" size="1 9">0 17 4 30 52 19 4 31 5</data>
    </cornerRatioGrid>
    <avgR idx="1" type="struct" size="1 1">
      <data idx="1" type="double" size="1 1">221.956776936849</data>
    </avgR>
    <avgG idx="1" type="struct" size="1 1">
      <data idx="1" type="double" size="1 1">219.252500406901</data>
    </avgG>
    <avgB idx="1" type="struct" size="1 1">
      <data idx="1" type="double" size="1 1">233.0405212402344</data>
    </avgB>
    <avgRCells idx="1" type="struct" size="1 1">
      <data idx="1" type="double" size="1 9">232.7198975700119 227.4346191565871 228.6023391812865 224.5034688169698 206.200555737169 196.5608586684102 228.8521929824562 227.1514254385965 225.480135233918</data>
    </avgRCells>
    <avgGCells idx="1" type="struct" size="1 1">
      <data idx="1" type="double" size="1 9">230.7135410991245 225.0841596745486 226.4656205731721 222.0424793868729 201.9471686462533 191.5859576477424 226.6254385964915 224.8381030701756 223.8659539473685</data>
    </avgGCells>
    <avgBCells idx="1" type="struct" size="1 1">
      <data idx="1" type="double" size="1 9">241.6864625331444 237.1900403181867 238.0843412880026 235.2803748501687 219.9893211289092 212.5852675166176 238.6001644736843 237.1519005847954 236.7141630116959</data>
    </avgBCells>
  </features>
</root>
