<?xml version="1.0"?>
<!-- Written on 15-Jun-2010 21:44:02 using the XML Toolbox for Matlab -->
<root xml_tb_version="3.1" idx="1" type="struct" size="1 1">
  <filename idx="1" type="char" size="1 20">9729_by_Udodelig.jpg</filename>
  <features idx="1" type="struct" size="1 1">
    <numFaces idx="1" type="struct" size="1 1">
      <data idx="1" type="double" size="1 1">0</data>
    </numFaces>
    <cornerRatio idx="1" type="struct" size="1 1">
      <data idx="1" type="double" size="1 1">0.0003243243243243243</data>
    </cornerRatio>
    <edgeRatio idx="1" type="struct" size="1 1">
      <data idx="1" type="double" size="1 1">0.03466066066066066</data>
    </edgeRatio>
    <gridEdgeRatio idx="1" type="struct" size="1 1">
      <data idx="1" type="double" size="1 9">0.02354379251700681 0.07222576530612247 0.01699914199914199 0.08434311224489792 0.08450255102040817 0.01764264264264265 0 0 0.01150548138499946</data>
    </gridEdgeRatio>
    <medianHue idx="1" type="struct" size="1 1">
      <data idx="1" type="double" size="1 1">56</data>
    </medianHue>
    <avgSat idx="1" type="struct" size="1 1">
      <data idx="1" type="double" size="1 1">47.87797597597596</data>
    </avgSat>
    <avgInt idx="1" type="struct" size="1 1">
      <data idx="1" type="double" size="1 1">149.1755195195194</data>
    </avgInt>
    <medHueCells idx="1" type="struct" size="1 1">
      <data idx="1" type="double" size="1 9">35 106 80 30 90 56 38 48 63</data>
    </medHueCells>
    <avgSatCells idx="1" type="struct" size="1 1">
      <data idx="1" type="double" size="1 9">27.72395833333334 76.88095238095238 12.15490533562823 77.04416454081635 87.38488520408161 11.53184165232357 27.21294508794508 55.64612827112828 56.6080538369695</data>
    </avgSatCells>
    <avgIntCells idx="1" type="struct" size="1 1">
      <data idx="1" type="double" size="1 9">156.2299107142858 146.9700255102041 189.4583154044749 125.2759353741497 162.8973214285715 186.1798085197934 138.9259438009438 127.0170527670528 108.853902094866</data>
    </avgIntCells>
    <cornerRatioGrid idx="1" type="struct" size="1 1">
      <data idx="1" type="double" size="1 9">3 13 1 10 24 3 0 0 0</data>
    </cornerRatioGrid>
    <avgR idx="1" type="struct" size="1 1">
      <data idx="1" type="double" size="1 1">144.2888768768769</data>
    </avgR>
    <avgG idx="1" type="struct" size="1 1">
      <data idx="1" type="double" size="1 1">135.3102642642642</data>
    </avgG>
    <avgB idx="1" type="struct" size="1 1">
      <data idx="1" type="double" size="1 1">131.8163663663664</data>
    </avgB>
    <avgRCells idx="1" type="struct" size="1 1">
      <data idx="1" type="double" size="1 9">154.0982142857143 137.9072597789116 180.2122418244406 124.3711734693877 160.1230335884354 178.292921686747 135.9485199485199 123.1828614328615 103.6205904699881</data>
    </avgRCells>
    <avgGCells idx="1" type="struct" size="1 1">
      <data idx="1" type="double" size="1 9">147.2266156462585 116.9395727040817 188.3152969018931 98.43468324829932 123.0027636054421 186.1704496557659 134.5579150579151 120.5471364221364 101.934711820254</data>
    </avgGCells>
    <avgBCells idx="1" type="struct" size="1 1">
      <data idx="1" type="double" size="1 9">142.734800170068 123.367293792517 186.5635219449225 94.45025510204081 123.4058779761905 178.285391566265 125.8889961389961 114.3748927498928 96.52311950504718</data>
    </avgBCells>
  </features>
</root>
