<?xml version="1.0"?>
<!-- Written on 15-Jun-2010 21:44:02 using the XML Toolbox for Matlab -->
<root xml_tb_version="3.1" idx="1" type="struct" size="1 1">
  <filename idx="1" type="char" size="1 20">9812_by_Udodelig.jpg</filename>
  <features idx="1" type="struct" size="1 1">
    <numFaces idx="1" type="struct" size="1 1">
      <data idx="1" type="double" size="1 1">0</data>
    </numFaces>
    <cornerRatio idx="1" type="struct" size="1 1">
      <data idx="1" type="double" size="1 1">5.405405405405405e-05</data>
    </cornerRatio>
    <edgeRatio idx="1" type="struct" size="1 1">
      <data idx="1" type="double" size="1 1">0.009687687687687688</data>
    </edgeRatio>
    <gridEdgeRatio idx="1" type="struct" size="1 1">
      <data idx="1" type="double" size="1 9">0.01137329931972789 0.04230442176870749 0.01244101244101243 0.01031037414965986 0.009141156462585029 0.0008580008580008578 0 0 0</data>
    </gridEdgeRatio>
    <medianHue idx="1" type="struct" size="1 1">
      <data idx="1" type="double" size="1 1">48</data>
    </medianHue>
    <avgSat idx="1" type="struct" size="1 1">
      <data idx="1" type="double" size="1 1">36.62962162162161</data>
    </avgSat>
    <avgInt idx="1" type="struct" size="1 1">
      <data idx="1" type="double" size="1 1">139.6734294294295</data>
    </avgInt>
    <medHueCells idx="1" type="struct" size="1 1">
      <data idx="1" type="double" size="1 9">22 34 45 25 55 55 71 80 70</data>
    </medHueCells>
    <avgSatCells idx="1" type="struct" size="1 1">
      <data idx="1" type="double" size="1 9">62.3139349489796 37.86389243197278 11.67109509466436 79.15587797619041 27.84624787414966 9.822611876075728 38.41548691548692 50.32110682110682 10.93248670357104</data>
    </avgSatCells>
    <avgIntCells idx="1" type="struct" size="1 1">
      <data idx="1" type="double" size="1 9">72.30415603741493 143.0336947278912 180.1098321858864 133.038849914966 138.9450467687075 177.1386617900172 140.9172565422566 96.55898755898755 176.6275371757299</data>
    </avgIntCells>
    <cornerRatioGrid idx="1" type="struct" size="1 1">
      <data idx="1" type="double" size="1 9">0 8 1 0 0 0 0 0 0</data>
    </cornerRatioGrid>
    <avgR idx="1" type="struct" size="1 1">
      <data idx="1" type="double" size="1 1">133.5458978978978</data>
    </avgR>
    <avgG idx="1" type="struct" size="1 1">
      <data idx="1" type="double" size="1 1">134.9306006006006</data>
    </avgG>
    <avgB idx="1" type="struct" size="1 1">
      <data idx="1" type="double" size="1 1">127.5515795795795</data>
    </avgB>
    <avgRCells idx="1" type="struct" size="1 1">
      <data idx="1" type="double" size="1 9">72.14987244897961 141.2048256802721 175.8012048192771 132.7066326530612 130.4151254251701 172.4899419104991 131.5049335049335 77.64468039468042 169.5050472158906</data>
    </avgRCells>
    <avgGCells idx="1" type="struct" size="1 1">
      <data idx="1" type="double" size="1 9">63.75951318027209 138.7402210884353 180.1098321858864 107.6035289115646 138.428943452381 177.1368868330464 137.3375697125697 96.55577005577008 176.5706067513296</data>
    </avgGCells>
    <avgBCells idx="1" type="struct" size="1 1">
      <data idx="1" type="double" size="1 9">58.6810161564626 127.7401679421768 171.5088209982789 101.9183142006803 130.3887117346939 170.4383605851979 126.9194015444015 90.82180394680397 171.4145772278302</data>
    </avgBCells>
  </features>
</root>
