<?xml version="1.0"?>
<!-- Written on 15-Jun-2010 21:44:02 using the XML Toolbox for Matlab -->
<root xml_tb_version="3.1" idx="1" type="struct" size="1 1">
  <filename idx="1" type="char" size="1 36">99ebdca2e62cce5a256adb60ff3da745.jpg</filename>
  <features idx="1" type="struct" size="1 1">
    <numFaces idx="1" type="struct" size="1 1">
      <data idx="1" type="double" size="1 1">0</data>
    </numFaces>
    <cornerRatio idx="1" type="struct" size="1 1">
      <data idx="1" type="double" size="1 1">0.001049917491749175</data>
    </cornerRatio>
    <edgeRatio idx="1" type="struct" size="1 1">
      <data idx="1" type="double" size="1 1">0.1271720297029703</data>
    </edgeRatio>
    <gridEdgeRatio idx="1" type="struct" size="1 1">
      <data idx="1" type="double" size="1 9">0.008197926623042516 0.09258510403646787 0.2665839475536125 0.0859128005293728 0.1446217189912503 0.2704359420719281 0.04569971922565382 0.06832791488104015 0.1646132658378619</data>
    </gridEdgeRatio>
    <medianHue idx="1" type="struct" size="1 1">
      <data idx="1" type="double" size="1 1">105</data>
    </medianHue>
    <avgSat idx="1" type="struct" size="1 1">
      <data idx="1" type="double" size="1 1">55.0537891914192</data>
    </avgSat>
    <avgInt idx="1" type="struct" size="1 1">
      <data idx="1" type="double" size="1 1">115.7575495049504</data>
    </avgInt>
    <medHueCells idx="1" type="struct" size="1 1">
      <data idx="1" type="double" size="1 9">104 106 105 104 106 105 103 105 105</data>
    </medHueCells>
    <avgSatCells idx="1" type="struct" size="1 1">
      <data idx="1" type="double" size="1 9">92.55295566502464 39.84519520623485 38.99161371361017 82.79898536872287 28.01977795750313 42.36073961873797 77.2298603651987 52.98898107337305 39.85193180972233</data>
    </avgSatCells>
    <avgIntCells idx="1" type="struct" size="1 1">
      <data idx="1" type="double" size="1 9">81.23167414160724 155.4070656569371 124.5048211910743 85.4342879200059 163.5240239688257 113.3112161962464 62.25163894959076 119.4898514759805 137.5653428124767</data>
    </avgIntCells>
    <cornerRatioGrid idx="1" type="struct" size="1 1">
      <data idx="1" type="double" size="1 9">1 17 148 22 54 171 10 13 73</data>
    </cornerRatioGrid>
    <avgR idx="1" type="struct" size="1 1">
      <data idx="1" type="double" size="1 1">105.4153485973596</data>
    </avgR>
    <avgG idx="1" type="struct" size="1 1">
      <data idx="1" type="double" size="1 1">110.4090614686469</data>
    </avgG>
    <avgB idx="1" type="struct" size="1 1">
      <data idx="1" type="double" size="1 1">115.6637623762379</data>
    </avgB>
    <avgRCells idx="1" type="struct" size="1 1">
      <data idx="1" type="double" size="1 9">65.98204176163519 147.6017020807294 114.2459546327767 70.11258363355637 155.9351150650688 102.3670016255357 54.78160302233416 111.1855068706248 127.553227127224</data>
    </avgRCells>
    <avgGCells idx="1" type="struct" size="1 1">
      <data idx="1" type="double" size="1 9">73.92871847658266 150.9884199691199 119.0628417319343 77.99810675685607 159.1413315197412 107.6001551647702 58.44838697729547 115.0498536982851 132.4126032904043</data>
    </avgGCells>
    <avgBCells idx="1" type="struct" size="1 1">
      <data idx="1" type="double" size="1 9">81.22864127637679 155.2942798323653 124.4367518841436 85.4229284611425 163.3555620910228 113.2756945470666 62.0025556502093 119.3781621541539 137.4766619519094</data>
    </avgBCells>
  </features>
</root>
