<?xml version="1.0"?>
<!-- Written on 15-Jun-2010 21:44:02 using the XML Toolbox for Matlab -->
<root xml_tb_version="3.1" idx="1" type="struct" size="1 1">
  <filename idx="1" type="char" size="1 36">9c8fce895ca672bd0ab910e7e1856bb9.jpg</filename>
  <features idx="1" type="struct" size="1 1">
    <numFaces idx="1" type="struct" size="1 1">
      <data idx="1" type="double" size="1 1">1</data>
    </numFaces>
    <cornerRatio idx="1" type="struct" size="1 1">
      <data idx="1" type="double" size="1 1">0.0002353556485355648</data>
    </cornerRatio>
    <edgeRatio idx="1" type="struct" size="1 1">
      <data idx="1" type="double" size="1 1">0.03218200836820084</data>
    </edgeRatio>
    <gridEdgeRatio idx="1" type="struct" size="1 1">
      <data idx="1" type="double" size="1 9">0.05465155425878124 0.05498821681068341 0.06001846722068331 0.007350465716530131 0.064096809187147 0.004682759530404956 0.02932704896569786 0.01267160438409456 0.001790189760114572</data>
    </gridEdgeRatio>
    <medianHue idx="1" type="struct" size="1 1">
      <data idx="1" type="double" size="1 1">63</data>
    </medianHue>
    <avgSat idx="1" type="struct" size="1 1">
      <data idx="1" type="double" size="1 1">94.39371548117153</data>
    </avgSat>
    <avgInt idx="1" type="struct" size="1 1">
      <data idx="1" type="double" size="1 1">169.2018326359832</data>
    </avgInt>
    <medHueCells idx="1" type="struct" size="1 1">
      <data idx="1" type="double" size="1 9">49 64 45 71 72 60 72 51 60</data>
    </medHueCells>
    <avgSatCells idx="1" type="struct" size="1 1">
      <data idx="1" type="double" size="1 9">83.02630643773618 103.9899281786556 114.1140911981446 72.24472562002018 79.51544907043733 109.8437137620171 66.8835811332844 107.9826916916352 111.9878267096312</data>
    </avgSatCells>
    <avgIntCells idx="1" type="struct" size="1 1">
      <data idx="1" type="double" size="1 9">118.9642389555979 150.0749167695358 189.9306101073578 143.995249317323 170.2037276025886 191.6427916806942 170.6656867733244 192.85918744229 194.441479638947</data>
    </avgIntCells>
    <cornerRatioGrid idx="1" type="struct" size="1 1">
      <data idx="1" type="double" size="1 9">27 35 56 6 59 5 25 10 2</data>
    </cornerRatioGrid>
    <avgR idx="1" type="struct" size="1 1">
      <data idx="1" type="double" size="1 1">124.6466956066947</data>
    </avgR>
    <avgG idx="1" type="struct" size="1 1">
      <data idx="1" type="double" size="1 1">167.3361924686193</data>
    </avgG>
    <avgB idx="1" type="struct" size="1 1">
      <data idx="1" type="double" size="1 1">116.4145219665271</data>
    </avgB>
    <avgRCells idx="1" type="struct" size="1 1">
      <data idx="1" type="double" size="1 9">93.14694385216771 100.2702932704896 144.9364362398534 111.8854318632402 124.315396700707 130.6088729285901 131.6997098008178 156.1483596208566 128.6619744850849</data>
    </avgRCells>
    <avgGCells idx="1" type="struct" size="1 1">
      <data idx="1" type="double" size="1 9">117.4795945086596 149.6166722777092 188.8853664010773 140.5961078068306 165.3141996783004 190.9211087420042 166.4375694876288 192.3283773343132 194.3867469425443</data>
    </avgGCells>
    <avgBCells idx="1" type="struct" size="1 1">
      <data idx="1" type="double" size="1 9">81.24903677103202 98.42381139415711 112.6439793513635 115.693113380466 135.1016159802492 119.9144316013915 144.6656302410161 117.9731094653928 122.1358942468954</data>
    </avgBCells>
  </features>
</root>
