<?xml version="1.0"?>
<!-- Written on 15-Jun-2010 21:47:11 using the XML Toolbox for Matlab -->
<root xml_tb_version="3.1" idx="1" type="struct" size="1 1">
  <filename idx="1" type="char" size="1 21">_____by_Mentosik8.jpg</filename>
  <features idx="1" type="struct" size="1 1">
    <numFaces idx="1" type="struct" size="1 1">
      <data idx="1" type="double" size="1 1">0</data>
    </numFaces>
    <cornerRatio idx="1" type="struct" size="1 1">
      <data idx="1" type="double" size="1 1">0.0003001961080102579</data>
    </cornerRatio>
    <edgeRatio idx="1" type="struct" size="1 1">
      <data idx="1" type="double" size="1 1">0.03710966963342887</data>
    </edgeRatio>
    <gridEdgeRatio idx="1" type="struct" size="1 1">
      <data idx="1" type="double" size="1 9">0.008735743751516615 0.009638976515948132 0.02736660465367085 0.04733209307341794 0.05939766507589853 0.07620857936315348 0.03775607108940433 0.03515126848460172 0.03306199972866634</data>
    </gridEdgeRatio>
    <medianHue idx="1" type="struct" size="1 1">
      <data idx="1" type="double" size="1 1">33</data>
    </medianHue>
    <avgSat idx="1" type="struct" size="1 1">
      <data idx="1" type="double" size="1 1">69.63632523759239</data>
    </avgSat>
    <avgInt idx="1" type="struct" size="1 1">
      <data idx="1" type="double" size="1 1">120.9699954744305</data>
    </avgInt>
    <medHueCells idx="1" type="struct" size="1 1">
      <data idx="1" type="double" size="1 9">39 35 33 34 27 33 32 21 22</data>
    </medHueCells>
    <avgSatCells idx="1" type="struct" size="1 1">
      <data idx="1" type="double" size="1 9">42.62850171209794 48.65305076977 69.89747659747667 59.93930815066464 70.29899700719886 58.94510921177591 74.45396209118609 100.1237833319852 101.8373897707231</data>
    </avgSatCells>
    <avgIntCells idx="1" type="struct" size="1 1">
      <data idx="1" type="double" size="1 9">140.2571786783143 159.3671978214565 132.5338353005019 125.8324975059991 129.1383294238184 173.8207298873965 73.57084310712074 72.51571894631832 82.32931759598429</data>
    </avgIntCells>
    <cornerRatioGrid idx="1" type="struct" size="1 1">
      <data idx="1" type="double" size="1 9">6 3 17 21 51 33 33 24 11</data>
    </cornerRatioGrid>
    <avgR idx="1" type="struct" size="1 1">
      <data idx="1" type="double" size="1 1">117.4915839493137</data>
    </avgR>
    <avgG idx="1" type="struct" size="1 1">
      <data idx="1" type="double" size="1 1">118.0102760597374</data>
    </avgG>
    <avgB idx="1" type="struct" size="1 1">
      <data idx="1" type="double" size="1 1">93.57212098355711</data>
    </avgB>
    <avgRCells idx="1" type="struct" size="1 1">
      <data idx="1" type="double" size="1 9">133.4366388956294 154.689449702068 130.089187355854 120.9014532610747 124.7140257219122 170.1697327363994 71.96581196581198 71.52835072393431 80.58319088319094</data>
    </avgRCells>
    <avgGCells idx="1" type="struct" size="1 1">
      <data idx="1" type="double" size="1 9">139.7405430181455 157.3127746771279 130.4804911138244 125.718056566637 121.2922429830947 170.9431149097817 72.4149747903691 67.08894820566748 77.67501017501024</data>
    </avgGCells>
    <avgBCells idx="1" type="struct" size="1 1">
      <data idx="1" type="double" size="1 9">119.4822319286042 132.4643020841759 100.7603717270383 97.56512712664126 98.56015260589392 137.5078008411341 52.63478389819085 47.96624336056511 55.70044770044768</data>
    </avgBCells>
  </features>
</root>
