<?xml version="1.0"?>
<!-- Written on 15-Jun-2010 21:47:12 using the XML Toolbox for Matlab -->
<root xml_tb_version="3.1" idx="1" type="struct" size="1 1">
  <filename idx="1" type="char" size="1 18">__by_Mentosik8.jpg</filename>
  <features idx="1" type="struct" size="1 1">
    <numFaces idx="1" type="struct" size="1 1">
      <data idx="1" type="double" size="1 1">0</data>
    </numFaces>
    <cornerRatio idx="1" type="struct" size="1 1">
      <data idx="1" type="double" size="1 1">0.0001818181818181818</data>
    </cornerRatio>
    <edgeRatio idx="1" type="struct" size="1 1">
      <data idx="1" type="double" size="1 1">0.02620188507145029</data>
    </edgeRatio>
    <gridEdgeRatio idx="1" type="struct" size="1 1">
      <data idx="1" type="double" size="1 9">0.006614359508616573 0.04780895949993489 0.0198185632228092 0.011948170334679 0.04181859617137648 0.02061482026556545 0.03609953552979989 0.0442603203542128 0.006919199130157816</data>
    </gridEdgeRatio>
    <medianHue idx="1" type="struct" size="1 1">
      <data idx="1" type="double" size="1 1">11</data>
    </medianHue>
    <avgSat idx="1" type="struct" size="1 1">
      <data idx="1" type="double" size="1 1">118.7675232593495</data>
    </avgSat>
    <avgInt idx="1" type="struct" size="1 1">
      <data idx="1" type="double" size="1 1">123.7959671632715</data>
    </avgInt>
    <medHueCells idx="1" type="struct" size="1 1">
      <data idx="1" type="double" size="1 9">11 10 15 11 13 16 11 11 16</data>
    </medHueCells>
    <avgSatCells idx="1" type="struct" size="1 1">
      <data idx="1" type="double" size="1 9">121.3099524677692 125.3673329860659 126.0314331293137 107.5157626861136 104.7872498589226 110.4143605938273 118.7213594578862 118.1020856443092 136.6769392977562</data>
    </avgSatCells>
    <avgIntCells idx="1" type="struct" size="1 1">
      <data idx="1" type="double" size="1 9">181.2659471719407 92.06660480965395 112.7120121977688 153.6129270304293 85.66420866432259 100.903405391327 175.237301073025 95.16734028182009 117.445140635468</data>
    </avgIntCells>
    <cornerRatioGrid idx="1" type="struct" size="1 1">
      <data idx="1" type="double" size="1 9">9 73 36 9 89 19 19 40 5</data>
    </cornerRatioGrid>
    <avgR idx="1" type="struct" size="1 1">
      <data idx="1" type="double" size="1 1">123.4009954393431</data>
    </avgR>
    <avgG idx="1" type="struct" size="1 1">
      <data idx="1" type="double" size="1 1">81.00632350258435</data>
    </avgG>
    <avgB idx="1" type="struct" size="1 1">
      <data idx="1" type="double" size="1 1">60.75802797202793</data>
    </avgB>
    <avgRCells idx="1" type="struct" size="1 1">
      <data idx="1" type="double" size="1 9">181.2657572600598 92.03446086730044 112.589882580197 153.6124929461302 84.48190411077833 99.41566284672479 175.2368892159339 94.4382708591888 117.4440368584639</data>
    </avgRCells>
    <avgGCells idx="1" type="struct" size="1 1">
      <data idx="1" type="double" size="1 9">128.9662499457395 47.9608184659461 69.54611603073319 112.3698778052698 57.27799843729648 67.45070972782915 124.0649910489726 55.29909061954283 65.95332286301085</data>
    </avgGCells>
    <avgBCells idx="1" type="struct" size="1 1">
      <data idx="1" type="double" size="1 9">93.84906888917828 33.98277227937665 52.2836523852932 85.18991188088728 45.83096757390285 56.82747862134821 91.95192254890115 40.88244500334977 45.90909490285663</data>
    </avgBCells>
  </features>
</root>
