<?xml version="1.0"?>
<!-- Written on 15-Jun-2010 21:47:11 using the XML Toolbox for Matlab -->
<root xml_tb_version="3.1" idx="1" type="struct" size="1 1">
  <filename idx="1" type="char" size="1 31">__Hey_There___by_Knuxtiger4.jpg</filename>
  <features idx="1" type="struct" size="1 1">
    <numFaces idx="1" type="struct" size="1 1">
      <data idx="1" type="double" size="1 1">0</data>
    </numFaces>
    <cornerRatio idx="1" type="struct" size="1 1">
      <data idx="1" type="double" size="1 1">0.000408745247148289</data>
    </cornerRatio>
    <edgeRatio idx="1" type="struct" size="1 1">
      <data idx="1" type="double" size="1 1">0.05107414448669201</data>
    </edgeRatio>
    <gridEdgeRatio idx="1" type="struct" size="1 1">
      <data idx="1" type="double" size="1 9">0.04301526077477782 0.05198725473754822 0.01786013751467382 0.01534462518866342 0.1151266141204092 0.02054335066241825 0.06356150283067429 0.1108251844227141 0.02590495796877681</data>
    </gridEdgeRatio>
    <medianHue idx="1" type="struct" size="1 1">
      <data idx="1" type="double" size="1 1">81</data>
    </medianHue>
    <avgSat idx="1" type="struct" size="1 1">
      <data idx="1" type="double" size="1 1">47.16744296577949</data>
    </avgSat>
    <avgInt idx="1" type="struct" size="1 1">
      <data idx="1" type="double" size="1 1">192.7766634980988</data>
    </avgInt>
    <medHueCells idx="1" type="struct" size="1 1">
      <data idx="1" type="double" size="1 9">86 78 81 75 66 80 84 84 86</data>
    </medHueCells>
    <avgSatCells idx="1" type="struct" size="1 1">
      <data idx="1" type="double" size="1 9">64.17927217843365 36.87363743082342 56.77766340710244 37.12896193191347 19.14849907764548 33.57762909589981 61.7802280731176 45.48029515344626 68.83822267970488</data>
    </avgSatCells>
    <avgIntCells idx="1" type="struct" size="1 1">
      <data idx="1" type="double" size="1 9">162.216250209626 217.1847224551399 183.5205867215645 211.0191178936775 178.6686231762535 197.0762566477956 186.9963105819218 213.6555425121583 184.9782123863441</data>
    </avgIntCells>
    <cornerRatioGrid idx="1" type="struct" size="1 1">
      <data idx="1" type="double" size="1 9">0 3 0 0 17 0 7 14 2</data>
    </cornerRatioGrid>
    <avgR idx="1" type="struct" size="1 1">
      <data idx="1" type="double" size="1 1">159.6057699619772</data>
    </avgR>
    <avgG idx="1" type="struct" size="1 1">
      <data idx="1" type="double" size="1 1">191.6816444866919</data>
    </avgG>
    <avgB idx="1" type="struct" size="1 1">
      <data idx="1" type="double" size="1 1">184.0492205323194</data>
    </avgB>
    <avgRCells idx="1" type="struct" size="1 1">
      <data idx="1" type="double" size="1 9">123.6672815696797 186.7287439208451 145.2026076513982 182.4972329364413 172.3379171557941 173.1074798421685 142.3028676840517 175.730756330706 135.7158174644021</data>
    </avgRCells>
    <avgGCells idx="1" type="struct" size="1 1">
      <data idx="1" type="double" size="1 9">155.5431829615964 217.1810330370618 183.1275518956939 209.6614958913298 177.9146402817373 196.7635100360269 186.8547710883784 213.5364749287271 184.9270029164522</data>
    </avgGCells>
    <avgBCells idx="1" type="struct" size="1 1">
      <data idx="1" type="double" size="1 9">155.515176924367 205.7581754150595 173.6766169154229 198.9454133825256 171.613533456314 187.3572653971522 179.1121918497401 206.9939627704175 177.767198490307</data>
    </avgBCells>
  </features>
</root>
