<?xml version="1.0"?>
<!-- Written on 15-Jun-2010 21:47:12 using the XML Toolbox for Matlab -->
<root xml_tb_version="3.1" idx="1" type="struct" size="1 1">
  <filename idx="1" type="char" size="1 44">__madara_chibi__again___by_Kitsunebaka91.jpg</filename>
  <features idx="1" type="struct" size="1 1">
    <numFaces idx="1" type="struct" size="1 1">
      <data idx="1" type="double" size="1 1">0</data>
    </numFaces>
    <cornerRatio idx="1" type="struct" size="1 1">
      <data idx="1" type="double" size="1 1">0.0007726990049751243</data>
    </cornerRatio>
    <edgeRatio idx="1" type="struct" size="1 1">
      <data idx="1" type="double" size="1 1">0.05827891791044776</data>
    </edgeRatio>
    <gridEdgeRatio idx="1" type="struct" size="1 1">
      <data idx="1" type="double" size="1 9">0.08021694501470347 0.06957776174887641 0.00266931268692177 0.07565333185374241 0.1030350108195084 0.06917852251446466 0.028541991534863 0.07469648028514161 0.02070474694198181</data>
    </gridEdgeRatio>
    <medianHue idx="1" type="struct" size="1 1">
      <data idx="1" type="double" size="1 1">0</data>
    </medianHue>
    <avgSat idx="1" type="struct" size="1 1">
      <data idx="1" type="double" size="1 1">1.920685634328358</data>
    </avgSat>
    <avgInt idx="1" type="struct" size="1 1">
      <data idx="1" type="double" size="1 1">244.0727736318409</data>
    </avgInt>
    <medHueCells idx="1" type="struct" size="1 1">
      <data idx="1" type="double" size="1 9">0 0 0 0 0 0 0 0 0</data>
    </medHueCells>
    <avgSatCells idx="1" type="struct" size="1 1">
      <data idx="1" type="double" size="1 9">1.865338733840093 3.194612439660435 1.28763366005792 2.07722077345614 2.19222659934528 2.889215304076632 0.1946641697179753 3.003996981300835 0.618687577151835</data>
    </avgSatCells>
    <avgIntCells idx="1" type="struct" size="1 1">
      <data idx="1" type="double" size="1 9">242.3780863341284 240.1171142429117 248.7964190242816 242.7949703157078 236.532819175498 240.2199543328136 254.3048187382955 240.341532269335 251.0385618897992</data>
    </avgIntCells>
    <cornerRatioGrid idx="1" type="struct" size="1 1">
      <data idx="1" type="double" size="1 9">57 52 3 64 104 72 31 84 30</data>
    </cornerRatioGrid>
    <avgR idx="1" type="struct" size="1 1">
      <data idx="1" type="double" size="1 1">244.0276834577113</data>
    </avgR>
    <avgG idx="1" type="struct" size="1 1">
      <data idx="1" type="double" size="1 1">243.6412344527363</data>
    </avgG>
    <avgB idx="1" type="struct" size="1 1">
      <data idx="1" type="double" size="1 1">243.3573585199007</data>
    </avgB>
    <avgRCells idx="1" type="struct" size="1 1">
      <data idx="1" type="double" size="1 9">242.3250430006102 240.0753204239028 248.7728057473824 242.7416495588969 236.4534206291962 240.170333036311 254.2998714257762 240.2653520418146 251.0143362136685</data>
    </avgRCells>
    <avgGCells idx="1" type="struct" size="1 1">
      <data idx="1" type="double" size="1 9">241.8804444321146 239.462034622427 248.4792966139452 242.2633024468734 235.9466653720245 239.7254260414346 254.280333733963 239.6947480224725 250.9110790034789</data>
    </avgGCells>
    <avgBCells idx="1" type="struct" size="1 1">
      <data idx="1" type="double" size="1 9">241.5002774232925 239.0925067968706 248.3277595232791 241.9660572601676 235.4729373578205 239.3528068612165 254.2521033065935 239.3198842831989 250.804146560431</data>
    </avgBCells>
  </features>
</root>
