<?xml version="1.0"?>
<!-- Written on 15-Jun-2010 21:47:12 using the XML Toolbox for Matlab -->
<root xml_tb_version="3.1" idx="1" type="struct" size="1 1">
  <filename idx="1" type="char" size="1 33">__wood_elf___by_Kitsunebaka91.jpg</filename>
  <features idx="1" type="struct" size="1 1">
    <numFaces idx="1" type="struct" size="1 1">
      <data idx="1" type="double" size="1 1">1</data>
    </numFaces>
    <cornerRatio idx="1" type="struct" size="1 1">
      <data idx="1" type="double" size="1 1">0.001549887618489202</data>
    </cornerRatio>
    <edgeRatio idx="1" type="struct" size="1 1">
      <data idx="1" type="double" size="1 1">0.1305638620150494</data>
    </edgeRatio>
    <gridEdgeRatio idx="1" type="struct" size="1 1">
      <data idx="1" type="double" size="1 9">0.02449728973596783 0.1320248295156498 0.1121315789473684 0.06799265605875149 0.2587253016261584 0.03406140350877194 0.1875893021502642 0.258084309995705 0.1009586631486368</data>
    </gridEdgeRatio>
    <medianHue idx="1" type="struct" size="1 1">
      <data idx="1" type="double" size="1 1">0</data>
    </medianHue>
    <avgSat idx="1" type="struct" size="1 1">
      <data idx="1" type="double" size="1 1">3.377601876282616</data>
    </avgSat>
    <avgInt idx="1" type="struct" size="1 1">
      <data idx="1" type="double" size="1 1">238.6214042802699</data>
    </avgInt>
    <medHueCells idx="1" type="struct" size="1 1">
      <data idx="1" type="double" size="1 9">0 0 0 0 13 13 0 0 0</data>
    </medHueCells>
    <avgSatCells idx="1" type="struct" size="1 1">
      <data idx="1" type="double" size="1 9">0.3477093897534534 1.327898233956986 5.122827163632222 3.034297954187793 6.668831963630007 8.882958300826619 2.263526315789475 0.4069385964912282 2.391099384344762</data>
    </avgSatCells>
    <avgIntCells idx="1" type="struct" size="1 1">
      <data idx="1" type="double" size="1 9">252.8477093897536 247.4139360027977 231.4724532999062 239.3265868158769 221.5133327504808 217.5499083968128 242.7868157894736 251.6923245614035 242.830518909411</data>
    </avgIntCells>
    <cornerRatioGrid idx="1" type="struct" size="1 1">
      <data idx="1" type="double" size="1 9">22 196 147 91 294 35 271 373 157</data>
    </cornerRatioGrid>
    <avgR idx="1" type="struct" size="1 1">
      <data idx="1" type="double" size="1 1">238.5433137887228</data>
    </avgR>
    <avgG idx="1" type="struct" size="1 1">
      <data idx="1" type="double" size="1 1">237.295428515587</data>
    </avgG>
    <avgB idx="1" type="struct" size="1 1">
      <data idx="1" type="double" size="1 1">236.2227284276362</data>
    </avgB>
    <avgRCells idx="1" type="struct" size="1 1">
      <data idx="1" type="double" size="1 9">252.7347176079734 247.3698985836683 231.3895283093296 239.2411960132891 221.4048260185347 217.4361275957889 242.720947368421 251.6737105263157 242.7605716798595</data>
    </avgRCells>
    <avgGCells idx="1" type="struct" size="1 1">
      <data idx="1" type="double" size="1 9">252.7123710438885 246.8956286063997 229.3578134450684 238.1728274173806 219.0303199860115 214.0502020529633 241.9446842105264 251.5317807017544 241.7842216358838</data>
    </avgGCells>
    <avgBCells idx="1" type="struct" size="1 1">
      <data idx="1" type="double" size="1 9">252.6363087952439 246.4625721279943 227.9688724480404 237.0645567406889 216.6798828466514 211.4952971186634 241.0790438596491 251.3788421052631 241.0476077396658</data>
    </avgBCells>
  </features>
</root>
