<?xml version="1.0"?>
<!-- Written on 15-Jun-2010 21:47:12 using the XML Toolbox for Matlab -->
<root xml_tb_version="3.1" idx="1" type="struct" size="1 1">
  <filename idx="1" type="char" size="1 24">_anguish__by_K1lgore.jpg</filename>
  <features idx="1" type="struct" size="1 1">
    <numFaces idx="1" type="struct" size="1 1">
      <data idx="1" type="double" size="1 1">0</data>
    </numFaces>
    <cornerRatio idx="1" type="struct" size="1 1">
      <data idx="1" type="double" size="1 1">0.0004689238780238008</data>
    </cornerRatio>
    <edgeRatio idx="1" type="struct" size="1 1">
      <data idx="1" type="double" size="1 1">0.1937985400370007</data>
    </edgeRatio>
    <gridEdgeRatio idx="1" type="struct" size="1 1">
      <data idx="1" type="double" size="1 9">0.2197208370715016 0.2174049114314922 0.1430031922218282 0.2409397233407748 0.2356402178221952 0.2080994804815456 0.1299004777900644 0.164034300736506 0.1860460264140709</data>
    </gridEdgeRatio>
    <medianHue idx="1" type="struct" size="1 1">
      <data idx="1" type="double" size="1 1">0</data>
    </medianHue>
    <avgSat idx="1" type="struct" size="1 1">
      <data idx="1" type="double" size="1 1">23.20615386768883</data>
    </avgSat>
    <avgInt idx="1" type="struct" size="1 1">
      <data idx="1" type="double" size="1 1">103.9183699179499</data>
    </avgInt>
    <medHueCells idx="1" type="struct" size="1 1">
      <data idx="1" type="double" size="1 9">0 20 0 0 0 18 0 0 0</data>
    </medHueCells>
    <avgSatCells idx="1" type="struct" size="1 1">
      <data idx="1" type="double" size="1 9">3.120928873959397 11.78507792776816 11.29539527217342 1.291764902251246 15.70879843101253 132.5379832669157 5.03872394583655 16.02372258966386 11.91295457864759</data>
    </avgSatCells>
    <avgIntCells idx="1" type="struct" size="1 1">
      <data idx="1" type="double" size="1 9">107.8610861899894 102.7737486699076 91.87318742306324 119.614826096935 68.78528656971771 168.508126603935 96.97170815164097 80.76751027561603 96.90717519664504</data>
    </avgIntCells>
    <cornerRatioGrid idx="1" type="struct" size="1 1">
      <data idx="1" type="double" size="1 9">18 12 7 26 49 4 3 77 5</data>
    </cornerRatioGrid>
    <avgR idx="1" type="struct" size="1 1">
      <data idx="1" type="double" size="1 1">103.8421382928838</data>
    </avgR>
    <avgG idx="1" type="struct" size="1 1">
      <data idx="1" type="double" size="1 1">97.91297612687538</data>
    </avgG>
    <avgB idx="1" type="struct" size="1 1">
      <data idx="1" type="double" size="1 1">90.21075212123894</data>
    </avgB>
    <avgRCells idx="1" type="struct" size="1 1">
      <data idx="1" type="double" size="1 9">107.826910638653 102.7160174424669 91.8423918713097 119.5988023952096 68.70258090091596 168.2751570030671 96.88215902689396 80.6940265809844 96.83705063740118</data>
    </avgRCells>
    <avgGCells idx="1" type="struct" size="1 1">
      <data idx="1" type="double" size="1 9">107.6562832523107 102.0698533247094 91.43462204510836 119.5182874668781 65.4656053746166 121.0100565419683 96.30687057939868 80.24813787060027 96.44545056229009</data>
    </avgGCells>
    <avgBCells idx="1" type="struct" size="1 1">
      <data idx="1" type="double" size="1 9">107.3082893446556 99.77207953431113 90.25656700536216 119.4926453712783 60.36904588036472 63.07997245926266 95.86822174466397 79.22178639237205 95.58175634793132</data>
    </avgBCells>
  </features>
</root>
