<?xml version="1.0"?>
<!-- Written on 15-Jun-2010 21:47:04 using the XML Toolbox for Matlab -->
<root xml_tb_version="3.1" idx="1" type="struct" size="1 1">
  <filename idx="1" type="char" size="1 33">_Candles__by_Red_Priest_Usada.jpg</filename>
  <features idx="1" type="struct" size="1 1">
    <numFaces idx="1" type="struct" size="1 1">
      <data idx="1" type="double" size="1 1">0</data>
    </numFaces>
    <cornerRatio idx="1" type="struct" size="1 1">
      <data idx="1" type="double" size="1 1">0.0001995287321374278</data>
    </cornerRatio>
    <edgeRatio idx="1" type="struct" size="1 1">
      <data idx="1" type="double" size="1 1">0.0762104743083004</data>
    </edgeRatio>
    <gridEdgeRatio idx="1" type="struct" size="1 1">
      <data idx="1" type="double" size="1 9">0.0926787981379602 0.1410283537875582 0.1010191846522781 0.0697206940330089 0.06603893355903512 0.0570829051044878 0.06206093948370713 0.04164198053322057 0.05502740664611165</data>
    </gridEdgeRatio>
    <medianHue idx="1" type="struct" size="1 1">
      <data idx="1" type="double" size="1 1">124</data>
    </medianHue>
    <avgSat idx="1" type="struct" size="1 1">
      <data idx="1" type="double" size="1 1">113.760028694132</data>
    </avgSat>
    <avgInt idx="1" type="struct" size="1 1">
      <data idx="1" type="double" size="1 1">76.35454592961383</data>
    </avgInt>
    <medHueCells idx="1" type="struct" size="1 1">
      <data idx="1" type="double" size="1 9">126 24 116 126 126 121 126 125 115</data>
    </medHueCells>
    <avgSatCells idx="1" type="struct" size="1 1">
      <data idx="1" type="double" size="1 9">115.0473338975878 88.86663140076176 124.1446677951757 139.3689589504867 106.1540203131613 117.2352517985613 106.9870889003083 116.8541666666667 108.9879453579992</data>
    </avgSatCells>
    <avgIntCells idx="1" type="struct" size="1 1">
      <data idx="1" type="double" size="1 9">54.10617858654253 104.0051206093948 117.6199746085485 63.81106644096489 65.36256876851458 76.09098603470164 67.67246916752312 54.67810037684134 83.21345066803697</data>
    </avgIntCells>
    <cornerRatioGrid idx="1" type="struct" size="1 1">
      <data idx="1" type="double" size="1 9">9 6 4 6 8 2 32 15 2</data>
    </cornerRatioGrid>
    <avgR idx="1" type="struct" size="1 1">
      <data idx="1" type="double" size="1 1">55.64314048723013</data>
    </avgR>
    <avgG idx="1" type="struct" size="1 1">
      <data idx="1" type="double" size="1 1">50.59601370097294</data>
    </avgG>
    <avgB idx="1" type="struct" size="1 1">
      <data idx="1" type="double" size="1 1">68.6142919580419</data>
    </avgB>
    <avgRCells idx="1" type="struct" size="1 1">
      <data idx="1" type="double" size="1 9">35.83652137113838 99.60319509098603 64.5231696995345 44.75298349555649 55.3109183241642 57.18438425730008 46.249143542309 43.16773723878039 53.77151849948613</data>
    </avgRCells>
    <avgGCells idx="1" type="struct" size="1 1">
      <data idx="1" type="double" size="1 9">30.4737198476513 87.83066017774013 71.4494921709691 33.83908167583581 44.43226830300465 53.8407321201862 39.6160071942446 37.02241778006167 56.39951610140458</data>
    </avgGCells>
    <avgBCells idx="1" type="struct" size="1 1">
      <data idx="1" type="double" size="1 9">53.98937790943713 71.16658908167582 117.482564536606 57.91220905628442 54.7613415150233 67.56864155734237 67.6616135662898 47.4224905789654 79.1014045906132</data>
    </avgBCells>
  </features>
</root>
