<?xml version="1.0"?>
<!-- Written on 15-Jun-2010 21:47:04 using the XML Toolbox for Matlab -->
<root xml_tb_version="3.1" idx="1" type="struct" size="1 1">
  <filename idx="1" type="char" size="1 40">_Devil_or_Angel__by_Red_Priest_Usada.jpg</filename>
  <features idx="1" type="struct" size="1 1">
    <numFaces idx="1" type="struct" size="1 1">
      <data idx="1" type="double" size="1 1">1</data>
    </numFaces>
    <cornerRatio idx="1" type="struct" size="1 1">
      <data idx="1" type="double" size="1 1">0.0004613935969868173</data>
    </cornerRatio>
    <edgeRatio idx="1" type="struct" size="1 1">
      <data idx="1" type="double" size="1 1">0.119818401937046</data>
    </edgeRatio>
    <gridEdgeRatio idx="1" type="struct" size="1 1">
      <data idx="1" type="double" size="1 9">0.08432647165041539 0.1233297219212713 0.08567473215360548 0.1260864331286866 0.09061032863849773 0.1590706632960155 0.1229658602539957 0.1507557100777441 0.1369090733497512</data>
    </gridEdgeRatio>
    <medianHue idx="1" type="struct" size="1 1">
      <data idx="1" type="double" size="1 1">21</data>
    </medianHue>
    <avgSat idx="1" type="struct" size="1 1">
      <data idx="1" type="double" size="1 1">116.9476082862523</data>
    </avgSat>
    <avgInt idx="1" type="struct" size="1 1">
      <data idx="1" type="double" size="1 1">139.1987906914179</data>
    </avgInt>
    <medHueCells idx="1" type="struct" size="1 1">
      <data idx="1" type="double" size="1 9">24 22 16 24 23 16 52 18 17</data>
    </medHueCells>
    <avgSatCells idx="1" type="struct" size="1 1">
      <data idx="1" type="double" size="1 9">80.86436740098718 107.2825929938606 146.1149983099135 93.46790658480796 133.8878897315518 138.8530590564489 66.3506921873119 137.6935114963284 148.2739992273891</data>
    </avgSatCells>
    <avgIntCells idx="1" type="struct" size="1 1">
      <data idx="1" type="double" size="1 9">153.365234139882 161.0723365836043 119.2733111207687 138.4436740098712 66.6066209221139 95.9391810324014 167.9133501865896 190.974130251595 158.8222874112704</data>
    </avgIntCells>
    <cornerRatioGrid idx="1" type="struct" size="1 1">
      <data idx="1" type="double" size="1 9">28 54 31 26 25 70 30 36 43</data>
    </cornerRatioGrid>
    <avgR idx="1" type="struct" size="1 1">
      <data idx="1" type="double" size="1 1">134.8023661555019</data>
    </avgR>
    <avgG idx="1" type="struct" size="1 1">
      <data idx="1" type="double" size="1 1">114.8673298358891</data>
    </avgG>
    <avgB idx="1" type="struct" size="1 1">
      <data idx="1" type="double" size="1 1">81.46016545601289</data>
    </avgB>
    <avgRCells idx="1" type="struct" size="1 1">
      <data idx="1" type="double" size="1 9">148.707788612014 156.5368484410737 118.9200468395383 133.5367280606717 60.71412062116291 95.51008015838524 151.2455519441435 189.2767304682797 158.4459534501907</data>
    </avgRCells>
    <avgGCells idx="1" type="struct" size="1 1">
      <data idx="1" type="double" size="1 9">139.3570964247021 140.0828939448657 84.61828190641748 122.0202479836283 54.14698447092814 67.17783330918925 159.6616829180209 147.9007343204526 118.4567700033802</data>
    </avgGCells>
    <avgBCells idx="1" type="struct" size="1 1">
      <data idx="1" type="double" size="1 9">106.6507644155531 97.5814373420007 53.00544449273265 90.245756590827 37.05808354399904 43.19882659713169 141.6388226796678 92.67726014204885 70.58037568207061</data>
    </avgBCells>
  </features>
</root>
