<?xml version="1.0"?>
<!-- Written on 15-Jun-2010 21:47:05 using the XML Toolbox for Matlab -->
<root xml_tb_version="3.1" idx="1" type="struct" size="1 1">
  <filename idx="1" type="char" size="1 29">_Ferous_Oxide__by_One_Vox.jpg</filename>
  <features idx="1" type="struct" size="1 1">
    <numFaces idx="1" type="struct" size="1 1">
      <data idx="1" type="double" size="1 1">1</data>
    </numFaces>
    <cornerRatio idx="1" type="struct" size="1 1">
      <data idx="1" type="double" size="1 1">0.0003909952606635071</data>
    </cornerRatio>
    <edgeRatio idx="1" type="struct" size="1 1">
      <data idx="1" type="double" size="1 1">0.1064830173775671</data>
    </edgeRatio>
    <gridEdgeRatio idx="1" type="struct" size="1 1">
      <data idx="1" type="double" size="1 9">0.05901506617854123 0.1206878344128414 0.104548348305864 0.03386370036609405 0.1274816952970994 0.1510928768479875 0.0818201163285572 0.125195063129522 0.1564871895378257</data>
    </gridEdgeRatio>
    <medianHue idx="1" type="struct" size="1 1">
      <data idx="1" type="double" size="1 1">42</data>
    </medianHue>
    <avgSat idx="1" type="struct" size="1 1">
      <data idx="1" type="double" size="1 1">73.05322472353865</data>
    </avgSat>
    <avgInt idx="1" type="struct" size="1 1">
      <data idx="1" type="double" size="1 1">65.26898696682464</data>
    </avgInt>
    <medHueCells idx="1" type="struct" size="1 1">
      <data idx="1" type="double" size="1 9">28 68 50 25 42 66 22 24 94</data>
    </medHueCells>
    <avgSatCells idx="1" type="struct" size="1 1">
      <data idx="1" type="double" size="1 9">51.65911010982825 103.6263728527176 70.43600156050502 45.91199662067025 56.61781892424663 91.65757554263013 55.17273820471101 48.08605078871046 134.9871360866622</data>
    </avgSatCells>
    <avgIntCells idx="1" type="struct" size="1 1">
      <data idx="1" type="double" size="1 9">116.5193959448043 34.78259645170375 48.37726982550716 121.4741094058012 80.88962616164461 25.43218896297348 61.87469052840066 67.30388342646954 29.95763104443573</data>
    </avgIntCells>
    <cornerRatioGrid idx="1" type="struct" size="1 1">
      <data idx="1" type="double" size="1 9">4 22 36 15 14 13 4 22 68</data>
    </cornerRatioGrid>
    <avgR idx="1" type="struct" size="1 1">
      <data idx="1" type="double" size="1 1">60.14505924170616</data>
    </avgR>
    <avgG idx="1" type="struct" size="1 1">
      <data idx="1" type="double" size="1 1">61.92565363349141</data>
    </avgG>
    <avgB idx="1" type="struct" size="1 1">
      <data idx="1" type="double" size="1 1">55.6974664296998</data>
    </avgB>
    <avgRCells idx="1" type="struct" size="1 1">
      <data idx="1" type="double" size="1 9">112.7112433117432 26.94237538721487 42.5098240885232 118.9651506617854 76.59397000844834 20.4044013335225 60.32681969300417 64.88977505835747 17.11974842319068</data>
    </avgRCells>
    <avgGCells idx="1" type="struct" size="1 1">
      <data idx="1" type="double" size="1 9">112.9176112362715 33.3746303858068 46.16997091786069 116.6567868206139 76.70168614474795 24.36835012058447 56.62730777392661 62.64239230388338 27.05218615258526</data>
    </avgGCells>
    <avgBCells idx="1" type="struct" size="1 1">
      <data idx="1" type="double" size="1 9">97.98996761475645 27.87295832159955 40.25902610299332 103.2872430301323 70.43739439594479 22.58238757270534 51.17418830020515 57.73746197920352 29.22461960588675</data>
    </avgBCells>
  </features>
</root>
