<?xml version="1.0"?>
<!-- Written on 15-Jun-2010 21:47:05 using the XML Toolbox for Matlab -->
<root xml_tb_version="3.1" idx="1" type="struct" size="1 1">
  <filename idx="1" type="char" size="1 23">_Hasmed__by_One_Vox.jpg</filename>
  <features idx="1" type="struct" size="1 1">
    <numFaces idx="1" type="struct" size="1 1">
      <data idx="1" type="double" size="1 1">1</data>
    </numFaces>
    <cornerRatio idx="1" type="struct" size="1 1">
      <data idx="1" type="double" size="1 1">0.0002311133200795229</data>
    </cornerRatio>
    <edgeRatio idx="1" type="struct" size="1 1">
      <data idx="1" type="double" size="1 1">0.08029324055666004</data>
    </edgeRatio>
    <gridEdgeRatio idx="1" type="struct" size="1 1">
      <data idx="1" type="double" size="1 9">0.01936324295681357 0.1607568665548 0.03174993296988119 0.05102446348140954 0.2208999381789278 0.08698275091607834 0.01223472883391906 0.1097566401210125 0.02847688082481653</data>
    </gridEdgeRatio>
    <medianHue idx="1" type="struct" size="1 1">
      <data idx="1" type="double" size="1 1">144</data>
    </medianHue>
    <avgSat idx="1" type="struct" size="1 1">
      <data idx="1" type="double" size="1 1">66.71304920477131</data>
    </avgSat>
    <avgInt idx="1" type="struct" size="1 1">
      <data idx="1" type="double" size="1 1">48.6556212723658</data>
    </avgInt>
    <medHueCells idx="1" type="struct" size="1 1">
      <data idx="1" type="double" size="1 9">141 156 150 100 153 106 146 156 144</data>
    </medHueCells>
    <avgSatCells idx="1" type="struct" size="1 1">
      <data idx="1" type="double" size="1 9">65.71253201448383 92.86284553563537 50.28099835387287 68.55294533250907 74.0973240307339 42.54448992303242 69.31441594423094 91.21979175976402 45.04592319121155</data>
    </avgSatCells>
    <avgIntCells idx="1" type="struct" size="1 1">
      <data idx="1" type="double" size="1 9">32.97107656981365 29.87713061909388 36.44834719935934 82.70447319614942 56.96522564691338 91.4235218223072 34.30641701671286 32.28867637858611 40.65559857728152</data>
    </avgIntCells>
    <cornerRatioGrid idx="1" type="struct" size="1 1">
      <data idx="1" type="double" size="1 9">1 48 1 2 25 4 0 3 9</data>
    </cornerRatioGrid>
    <avgR idx="1" type="struct" size="1 1">
      <data idx="1" type="double" size="1 1">43.38972415506954</data>
    </avgR>
    <avgG idx="1" type="struct" size="1 1">
      <data idx="1" type="double" size="1 1">40.97318836978131</data>
    </avgG>
    <avgB idx="1" type="struct" size="1 1">
      <data idx="1" type="double" size="1 1">46.82558648111331</data>
    </avgB>
    <avgRCells idx="1" type="struct" size="1 1">
      <data idx="1" type="double" size="1 9">29.55210633224411 28.88821425417293 35.42071895715621 65.99099178662898 52.01278371456327 77.04940605952747 31.57397890785596 31.27810796317813 38.63936788077978</data>
    </avgRCells>
    <avgGCells idx="1" type="struct" size="1 1">
      <data idx="1" type="double" size="1 9">26.26070829285525 20.10026053166121 29.83879076389198 75.55356354323062 46.82246312814625 85.6011033500912 26.8466797747788 22.61191795513452 34.86445905182118</data>
    </avgGCells>
    <avgBCells idx="1" type="struct" size="1 1">
      <data idx="1" type="double" size="1 9">32.04274485560364 27.64826017839795 35.72233839035459 80.26616179457743 51.72675086107922 91.1815856208569 33.16829028510143 29.44599606756635 40.01668092386652</data>
    </avgBCells>
  </features>
</root>
