<?xml version="1.0"?>
<!-- Written on 15-Jun-2010 21:47:06 using the XML Toolbox for Matlab -->
<root xml_tb_version="3.1" idx="1" type="struct" size="1 1">
  <filename idx="1" type="char" size="1 38">_Kuroshitsuji__by_Red_Priest_Usada.jpg</filename>
  <features idx="1" type="struct" size="1 1">
    <numFaces idx="1" type="struct" size="1 1">
      <data idx="1" type="double" size="1 1">0</data>
    </numFaces>
    <cornerRatio idx="1" type="struct" size="1 1">
      <data idx="1" type="double" size="1 1">0.0008905982905982906</data>
    </cornerRatio>
    <edgeRatio idx="1" type="struct" size="1 1">
      <data idx="1" type="double" size="1 1">0.116957264957265</data>
    </edgeRatio>
    <gridEdgeRatio idx="1" type="struct" size="1 1">
      <data idx="1" type="double" size="1 9">0.1496997775000762 0.09693986406169049 0.09212538226299691 0.1574415556707001 0.1534792282605383 0.08357798165137616 0.1949366309831426 0.08293343177064126 0.04052469135802469</data>
    </gridEdgeRatio>
    <medianHue idx="1" type="struct" size="1 1">
      <data idx="1" type="double" size="1 1">12</data>
    </medianHue>
    <avgSat idx="1" type="struct" size="1 1">
      <data idx="1" type="double" size="1 1">28.96607692307691</data>
    </avgSat>
    <avgInt idx="1" type="struct" size="1 1">
      <data idx="1" type="double" size="1 1">137.3080649572648</data>
    </avgInt>
    <medHueCells idx="1" type="struct" size="1 1">
      <data idx="1" type="double" size="1 9">14 13 11 15 12 0 14 8 0</data>
    </medHueCells>
    <avgSatCells idx="1" type="struct" size="1 1">
      <data idx="1" type="double" size="1 9">27.8814197323905 23.10273095796885 24.50658299495509 33.02889451065256 42.86358925904479 27.68593884582257 40.91703363914374 23.59929663608564 17.34930555555558</data>
    </avgSatCells>
    <avgIntCells idx="1" type="struct" size="1 1">
      <data idx="1" type="double" size="1 9">160.3231887591819 190.6754396659454 174.7681186169559 173.9935383583773 102.1474138193788 68.04661929371225 169.0664831804282 118.4360550458715 76.59671296296293</data>
    </avgIntCells>
    <cornerRatioGrid idx="1" type="struct" size="1 1">
      <data idx="1" type="double" size="1 9">109 47 31 78 97 34 72 31 22</data>
    </cornerRatioGrid>
    <avgR idx="1" type="struct" size="1 1">
      <data idx="1" type="double" size="1 1">136.8766974358976</data>
    </avgR>
    <avgG idx="1" type="struct" size="1 1">
      <data idx="1" type="double" size="1 1">132.640582905983</data>
    </avgG>
    <avgB idx="1" type="struct" size="1 1">
      <data idx="1" type="double" size="1 1">128.8557128205128</data>
    </avgB>
    <avgRCells idx="1" type="struct" size="1 1">
      <data idx="1" type="double" size="1 9">159.2846475052577 190.4684842573684 174.7041036052665 173.3980919869548 101.9840744917553 67.96302448628023 168.9805810397554 118.3214373088686 75.04702160493827</data>
    </avgRCells>
    <avgGCells idx="1" type="struct" size="1 1">
      <data idx="1" type="double" size="1 9">155.9996342467006 184.8821664787102 168.8831210778885 168.719665335731 95.44963272272855 65.28516057585821 161.841116207951 114.9133792048929 76.03479938271607</data>
    </avgGCells>
    <avgBCells idx="1" type="struct" size="1 1">
      <data idx="1" type="double" size="1 9">151.9130726325094 180.3833246974916 165.3477297895903 163.7507238867383 89.9446340943033 63.66731266149868 155.4609480122324 112.3507951070336 75.10805555555555</data>
    </avgBCells>
  </features>
</root>
