<?xml version="1.0"?>
<!-- Written on 15-Jun-2010 21:47:06 using the XML Toolbox for Matlab -->
<root xml_tb_version="3.1" idx="1" type="struct" size="1 1">
  <filename idx="1" type="char" size="1 32">_Lithia__by_Red_Priest_Usada.jpg</filename>
  <features idx="1" type="struct" size="1 1">
    <numFaces idx="1" type="struct" size="1 1">
      <data idx="1" type="double" size="1 1">0</data>
    </numFaces>
    <cornerRatio idx="1" type="struct" size="1 1">
      <data idx="1" type="double" size="1 1">0.0003898244676111557</data>
    </cornerRatio>
    <edgeRatio idx="1" type="struct" size="1 1">
      <data idx="1" type="double" size="1 1">0.1401586028691081</data>
    </edgeRatio>
    <gridEdgeRatio idx="1" type="struct" size="1 1">
      <data idx="1" type="double" size="1 9">0.1162032717546806 0.1361821235305094 0.2087081459270365 0.1852086832120418 0.0807364558064316 0.193440779610195 0.1742314602255715 0.1054371693781815 0.06153518444266237</data>
    </gridEdgeRatio>
    <medianHue idx="1" type="struct" size="1 1">
      <data idx="1" type="double" size="1 1">164</data>
    </medianHue>
    <avgSat idx="1" type="struct" size="1 1">
      <data idx="1" type="double" size="1 1">116.3249061636817</data>
    </avgSat>
    <avgInt idx="1" type="struct" size="1 1">
      <data idx="1" type="double" size="1 1">108.5181059542903</data>
    </avgInt>
    <medHueCells idx="1" type="struct" size="1 1">
      <data idx="1" type="double" size="1 9">162 165 163 166 163 165 164 164 163</data>
    </medHueCells>
    <avgSatCells idx="1" type="struct" size="1 1">
      <data idx="1" type="double" size="1 9">121.9093611992287 75.45510978416368 84.72580846391854 123.2701872239846 111.9902344964857 134.8678760355324 129.6955272363817 129.8286856571713 135.7315807939054</data>
    </avgSatCells>
    <avgIntCells idx="1" type="struct" size="1 1">
      <data idx="1" type="double" size="1 9">88.18180008708094 172.3355103564099 157.5668729414113 80.55668346084465 109.587709149717 83.52674917656455 95.80823338330842 126.4251249375312 62.2593975541299</data>
    </avgIntCells>
    <cornerRatioGrid idx="1" type="struct" size="1 1">
      <data idx="1" type="double" size="1 9">14 22 30 38 33 45 31 36 31</data>
    </cornerRatioGrid>
    <avgR idx="1" type="struct" size="1 1">
      <data idx="1" type="double" size="1 1">108.4632311993229</data>
    </avgR>
    <avgG idx="1" type="struct" size="1 1">
      <data idx="1" type="double" size="1 1">71.16524241512963</data>
    </avgG>
    <avgB idx="1" type="struct" size="1 1">
      <data idx="1" type="double" size="1 1">82.13621998351603</data>
    </avgB>
    <avgRCells idx="1" type="struct" size="1 1">
      <data idx="1" type="double" size="1 9">88.15120980282396 172.3127449150961 157.5384893701966 80.51826833364434 109.5111401380854 83.47073061183747 95.75957021489252 126.3371064467766 62.1538692862871</data>
    </avgRCells>
    <avgGCells idx="1" type="struct" size="1 1">
      <data idx="1" type="double" size="1 9">56.8887852211233 133.9948497854078 112.0207730312407 47.75111028176898 82.71168750388756 41.34434574308818 51.41296851574215 75.65046226886554 38.13769296311145</data>
    </avgGCells>
    <avgBCells idx="1" type="struct" size="1 1">
      <data idx="1" type="double" size="1 9">71.90652484916345 146.3218884120172 130.3933775825931 59.35537724699885 79.19262300180382 59.89929134644174 74.48448275862066 89.04537731134437 28.04320368885325</data>
    </avgBCells>
  </features>
</root>
