<?xml version="1.0"?>
<!-- Written on 15-Jun-2010 21:47:06 using the XML Toolbox for Matlab -->
<root xml_tb_version="3.1" idx="1" type="struct" size="1 1">
  <filename idx="1" type="char" size="1 36">_Loveliness__by_Red_Priest_Usada.jpg</filename>
  <features idx="1" type="struct" size="1 1">
    <numFaces idx="1" type="struct" size="1 1">
      <data idx="1" type="double" size="1 1">1</data>
    </numFaces>
    <cornerRatio idx="1" type="struct" size="1 1">
      <data idx="1" type="double" size="1 1">0.0008793823160230026</data>
    </cornerRatio>
    <edgeRatio idx="1" type="struct" size="1 1">
      <data idx="1" type="double" size="1 1">0.198510523396678</data>
    </edgeRatio>
    <gridEdgeRatio idx="1" type="struct" size="1 1">
      <data idx="1" type="double" size="1 9">0.1867710627191911 0.2195416360818857 0.2539923334148927 0.1625968518065411 0.2160998287252263 0.1568713808009134 0.2189054726368158 0.1956664048180152 0.1756349829798376</data>
    </gridEdgeRatio>
    <medianHue idx="1" type="struct" size="1 1">
      <data idx="1" type="double" size="1 1">171</data>
    </medianHue>
    <avgSat idx="1" type="struct" size="1 1">
      <data idx="1" type="double" size="1 1">118.118399159296</data>
    </avgSat>
    <avgInt idx="1" type="struct" size="1 1">
      <data idx="1" type="double" size="1 1">155.8834818431267</data>
    </avgInt>
    <medHueCells idx="1" type="struct" size="1 1">
      <data idx="1" type="double" size="1 9">21 174 174 172 175 172 17 174 120</data>
    </medHueCells>
    <avgSatCells idx="1" type="struct" size="1 1">
      <data idx="1" type="double" size="1 9">118.5544245983198 114.0054971046407 103.9295136161299 133.8135877987114 149.4175352744474 107.5457416863053 79.05877171519452 156.1009705570508 100.5515350877193</data>
    </avgSatCells>
    <avgIntCells idx="1" type="struct" size="1 1">
      <data idx="1" type="double" size="1 9">186.2402414158715 184.4376641383247 148.116080780309 157.1111654840551 141.4610553788434 131.7655799947631 191.1394829133023 103.8405839654188 159.0467563498298</data>
    </avgIntCells>
    <cornerRatioGrid idx="1" type="struct" size="1 1">
      <data idx="1" type="double" size="1 9">23 76 134 19 50 64 47 9 60</data>
    </cornerRatioGrid>
    <avgR idx="1" type="struct" size="1 1">
      <data idx="1" type="double" size="1 1">155.8428295676796</data>
    </avgR>
    <avgG idx="1" type="struct" size="1 1">
      <data idx="1" type="double" size="1 1">99.2085340222436</data>
    </avgG>
    <avgB idx="1" type="struct" size="1 1">
      <data idx="1" type="double" size="1 1">98.62982930495957</data>
    </avgB>
    <avgRCells idx="1" type="struct" size="1 1">
      <data idx="1" type="double" size="1 9">186.2197047549139 184.43311312291 148.0706336737366 157.0622461463176 141.4380229997554 131.7343381775334 191.0092651496614 103.8047793817796 159.0214715894213</data>
    </avgRCells>
    <avgGCells idx="1" type="struct" size="1 1">
      <data idx="1" type="double" size="1 9">121.866291493353 115.8401761683386 91.54837653836083 89.67495310333582 73.52000652475328 77.66339355852315 152.7708996003589 64.04024141587144 106.2728135637602</data>
    </avgGCells>
    <avgBCells idx="1" type="struct" size="1 1">
      <data idx="1" type="double" size="1 9">112.5976837125846 114.6533724818531 95.27904883477353 92.27193540494245 77.02073240355595 84.88643951296152 142.8827828072751 64.06112062637632 104.1352448284891</data>
    </avgBCells>
  </features>
</root>
