<?xml version="1.0"?>
<!-- Written on 15-Jun-2010 21:47:13 using the XML Toolbox for Matlab -->
<root xml_tb_version="3.1" idx="1" type="struct" size="1 1">
  <filename idx="1" type="char" size="1 35">_madara_chibi__by_Kitsunebaka91.jpg</filename>
  <features idx="1" type="struct" size="1 1">
    <numFaces idx="1" type="struct" size="1 1">
      <data idx="1" type="double" size="1 1">0</data>
    </numFaces>
    <cornerRatio idx="1" type="struct" size="1 1">
      <data idx="1" type="double" size="1 1">0.0004136400322841001</data>
    </cornerRatio>
    <edgeRatio idx="1" type="struct" size="1 1">
      <data idx="1" type="double" size="1 1">0.05248385794995965</data>
    </edgeRatio>
    <gridEdgeRatio idx="1" type="struct" size="1 1">
      <data idx="1" type="double" size="1 9">0.02647991924435792 0.04355036412142184 0.02836956521739133 0.05083279255894443 0.07999855793496284 0.05050724637681164 0.0656139591895595 0.1169695003244646 0.01105072463768116</data>
    </gridEdgeRatio>
    <medianHue idx="1" type="struct" size="1 1">
      <data idx="1" type="double" size="1 1">0</data>
    </medianHue>
    <avgSat idx="1" type="struct" size="1 1">
      <data idx="1" type="double" size="1 1">3.492455609362391</data>
    </avgSat>
    <avgInt idx="1" type="struct" size="1 1">
      <data idx="1" type="double" size="1 1">243.7116020984664</data>
    </avgInt>
    <medHueCells idx="1" type="struct" size="1 1">
      <data idx="1" type="double" size="1 9">0 0 0 0 0 0 0 0 0</data>
    </medHueCells>
    <avgSatCells idx="1" type="struct" size="1 1">
      <data idx="1" type="double" size="1 9">1.859560891196194 3.840471555267142 4.560386473429953 4.136022784627587 4.702988679789458 5.659744754488426 1.972934782608696 4.483079710144928 0.2785507246376813</data>
    </avgSatCells>
    <avgIntCells idx="1" type="struct" size="1 1">
      <data idx="1" type="double" size="1 9">249.3462758670416 243.8035366645035 241.671533636167 244.1999783690243 235.8848150551588 233.1444588650948 248.7864130434782 242.7052355072464 253.6170289855072</data>
    </avgIntCells>
    <cornerRatioGrid idx="1" type="struct" size="1 1">
      <data idx="1" type="double" size="1 9">8 7 5 20 41 14 29 71 10</data>
    </cornerRatioGrid>
    <avgR idx="1" type="struct" size="1 1">
      <data idx="1" type="double" size="1 1">243.5834463276837</data>
    </avgR>
    <avgG idx="1" type="struct" size="1 1">
      <data idx="1" type="double" size="1 1">242.5351876513315</data>
    </avgG>
    <avgB idx="1" type="struct" size="1 1">
      <data idx="1" type="double" size="1 1">242.081004842615</data>
    </avgB>
    <avgRCells idx="1" type="struct" size="1 1">
      <data idx="1" type="double" size="1 9">249.2523974331243 243.6674057249983 241.5725899488067 244.0181700194679 235.7205097699905 232.9566659456341 248.6755615942029 242.5296376811595 253.6065942028985</data>
    </avgRCells>
    <avgGCells idx="1" type="struct" size="1 1">
      <data idx="1" type="double" size="1 9">248.6638906914701 242.5057862859615 240.209766385464 242.7572644026246 234.2719374143774 231.3414629749802 248.0517572463767 241.2436050724638 253.5078985507246</data>
    </avgGCells>
    <avgBCells idx="1" type="struct" size="1 1">
      <data idx="1" type="double" size="1 9">248.3915386833947 241.9475629100874 239.5446138870862 242.2498918451222 233.7276479919244 230.5601701636743 247.8572826086957 240.7035507246377 253.4723007246376</data>
    </avgBCells>
  </features>
</root>
