<?xml version="1.0"?>
<!-- Written on 15-Jun-2010 21:47:06 using the XML Toolbox for Matlab -->
<root xml_tb_version="3.1" idx="1" type="struct" size="1 1">
  <filename idx="1" type="char" size="1 41">_Mistress_of_the_Tentacle__by_One_Vox.jpg</filename>
  <features idx="1" type="struct" size="1 1">
    <numFaces idx="1" type="struct" size="1 1">
      <data idx="1" type="double" size="1 1">1</data>
    </numFaces>
    <cornerRatio idx="1" type="struct" size="1 1">
      <data idx="1" type="double" size="1 1">0.0006067518248175182</data>
    </cornerRatio>
    <edgeRatio idx="1" type="struct" size="1 1">
      <data idx="1" type="double" size="1 1">0.149014598540146</data>
    </edgeRatio>
    <gridEdgeRatio idx="1" type="struct" size="1 1">
      <data idx="1" type="double" size="1 9">0.2807227449707981 0.2414016872160935 0.0900852878464818 0.1629623621025308 0.1660853341985725 0.1007872724290635 0.1047523700555738 0.1311090225563911 0.05802280426340582</data>
    </gridEdgeRatio>
    <medianHue idx="1" type="struct" size="1 1">
      <data idx="1" type="double" size="1 1">80</data>
    </medianHue>
    <avgSat idx="1" type="struct" size="1 1">
      <data idx="1" type="double" size="1 1">131.0830748175182</data>
    </avgSat>
    <avgInt idx="1" type="struct" size="1 1">
      <data idx="1" type="double" size="1 1">59.01848996350365</data>
    </avgInt>
    <medHueCells idx="1" type="struct" size="1 1">
      <data idx="1" type="double" size="1 9">64 78 86 62 78 84 84 85 86</data>
    </medHueCells>
    <avgSatCells idx="1" type="struct" size="1 1">
      <data idx="1" type="double" size="1 9">86.13092147955867 137.0518940622972 171.5682412553123 74.07647225827387 147.9062905580791 160.4177222948676 92.4656798425455 144.2002009184845 167.2785053292572</data>
    </avgSatCells>
    <avgIntCells idx="1" type="struct" size="1 1">
      <data idx="1" type="double" size="1 9">94.16004218040239 65.80215768981184 35.04000490356324 88.37542585983131 67.10685025957174 52.30653399803858 43.24838035099227 47.63129407905527 36.81345534165082</data>
    </avgIntCells>
    <cornerRatioGrid idx="1" type="struct" size="1 1">
      <data idx="1" type="double" size="1 9">79 73 7 49 28 3 14 9 4</data>
    </cornerRatioGrid>
    <avgR idx="1" type="struct" size="1 1">
      <data idx="1" type="double" size="1 1">35.6219799270073</data>
    </avgR>
    <avgG idx="1" type="struct" size="1 1">
      <data idx="1" type="double" size="1 1">58.1895346715328</data>
    </avgG>
    <avgB idx="1" type="struct" size="1 1">
      <data idx="1" type="double" size="1 1">49.4942769160584</data>
    </avgB>
    <avgRCells idx="1" type="struct" size="1 1">
      <data idx="1" type="double" size="1 9">70.79798020765737 39.53181781310834 13.72738231448186 72.1491117780662 34.8022793640493 26.64496158875452 30.4658233557487 20.49247580777431 11.27966206725606</data>
    </avgRCells>
    <avgGCells idx="1" type="struct" size="1 1">
      <data idx="1" type="double" size="1 9">93.06612994808563 64.67178374432189 34.27598888525662 87.42900308241401 66.14813838416613 51.82798708728343 42.50022552074786 46.89958176152205 36.2019334049409</data>
    </avgGCells>
    <avgBCells idx="1" type="struct" size="1 1">
      <data idx="1" type="double" size="1 9">74.24326735885789 54.66519305645686 30.13010787839164 71.17898280337442 54.30925535366646 46.20578620464207 38.4977242906347 42.35076677054289 33.34305544079978</data>
    </avgBCells>
  </features>
</root>
