<?xml version="1.0"?>
<!-- Written on 15-Jun-2010 21:47:07 using the XML Toolbox for Matlab -->
<root xml_tb_version="3.1" idx="1" type="struct" size="1 1">
  <filename idx="1" type="char" size="1 37">_Moon_Walker__by_Red_Priest_Usada.jpg</filename>
  <features idx="1" type="struct" size="1 1">
    <numFaces idx="1" type="struct" size="1 1">
      <data idx="1" type="double" size="1 1">1</data>
    </numFaces>
    <cornerRatio idx="1" type="struct" size="1 1">
      <data idx="1" type="double" size="1 1">0.0006820269029225866</data>
    </cornerRatio>
    <edgeRatio idx="1" type="struct" size="1 1">
      <data idx="1" type="double" size="1 1">0.105474447625736</data>
    </edgeRatio>
    <gridEdgeRatio idx="1" type="struct" size="1 1">
      <data idx="1" type="double" size="1 9">0.07116590306245477 0.1259645526886906 0.1098987219676875 0.1195442488545937 0.1105317096696407 0.1083011815770436 0.09063781046539669 0.1226187605497951 0.09108994453822042</data>
    </gridEdgeRatio>
    <medianHue idx="1" type="struct" size="1 1">
      <data idx="1" type="double" size="1 1">115</data>
    </medianHue>
    <avgSat idx="1" type="struct" size="1 1">
      <data idx="1" type="double" size="1 1">36.8854701258711</data>
    </avgSat>
    <avgInt idx="1" type="struct" size="1 1">
      <data idx="1" type="double" size="1 1">67.04425071579065</data>
    </avgInt>
    <medHueCells idx="1" type="struct" size="1 1">
      <data idx="1" type="double" size="1 9">115 132 126 110 30 115 110 131 125</data>
    </medHueCells>
    <avgSatCells idx="1" type="struct" size="1 1">
      <data idx="1" type="double" size="1 9">37.7400831926694 35.46967687484928 48.41044731130938 29.81387147335424 23.94927055702918 26.90942247407765 51.44972269110202 34.05690860863273 43.72232939474318</data>
    </avgSatCells>
    <avgIntCells idx="1" type="struct" size="1 1">
      <data idx="1" type="double" size="1 9">29.57671208102243 71.24782975645044 48.06408246925488 98.81513744875811 70.93570653484447 114.6176754280203 40.84051724137931 74.65809621413067 54.78924523752109</data>
    </avgIntCells>
    <cornerRatioGrid idx="1" type="struct" size="1 1">
      <data idx="1" type="double" size="1 9">33 54 48 12 23 10 7 3 12</data>
    </cornerRatioGrid>
    <avgR idx="1" type="struct" size="1 1">
      <data idx="1" type="double" size="1 1">64.24066433471987</data>
    </avgR>
    <avgG idx="1" type="struct" size="1 1">
      <data idx="1" type="double" size="1 1">62.19537032035001</data>
    </avgG>
    <avgB idx="1" type="struct" size="1 1">
      <data idx="1" type="double" size="1 1">65.10280373831779</data>
    </avgB>
    <avgRCells idx="1" type="struct" size="1 1">
      <data idx="1" type="double" size="1 9">27.21901374487581 70.05443694236797 45.45430431637331 94.8574571979745 69.3951048951049 111.5883469978298 35.55112129250059 72.3963105859658 51.81420303834096</data>
    </avgRCells>
    <avgGCells idx="1" type="struct" size="1 1">
      <data idx="1" type="double" size="1 9">26.77414395948879 64.84889679286229 42.02209428502533 95.43555582348688 67.99801061007958 110.0461779599711 36.96482396913431 67.49710634193394 48.39914395948878</data>
    </avgGCells>
    <avgBCells idx="1" type="struct" size="1 1">
      <data idx="1" type="double" size="1 9">28.74321798890765 67.91388353026288 45.7798709910779 97.82107547624791 68.23203520617315 112.7443031106825 40.30889799855317 71.85091632505427 52.64507475283337</data>
    </avgBCells>
  </features>
</root>
