<?xml version="1.0"?>
<!-- Written on 15-Jun-2010 21:47:07 using the XML Toolbox for Matlab -->
<root xml_tb_version="3.1" idx="1" type="struct" size="1 1">
  <filename idx="1" type="char" size="1 34">_My_Light__by_Red_Priest_Usada.jpg</filename>
  <features idx="1" type="struct" size="1 1">
    <numFaces idx="1" type="struct" size="1 1">
      <data idx="1" type="double" size="1 1">1</data>
    </numFaces>
    <cornerRatio idx="1" type="struct" size="1 1">
      <data idx="1" type="double" size="1 1">0.001220244634878781</data>
    </cornerRatio>
    <edgeRatio idx="1" type="struct" size="1 1">
      <data idx="1" type="double" size="1 1">0.1987445982567934</data>
    </edgeRatio>
    <gridEdgeRatio idx="1" type="struct" size="1 1">
      <data idx="1" type="double" size="1 9">0.144622102524546 0.1127351645334623 0.1262049221232895 0.2503627972649662 0.2975983474748003 0.2367425734772674 0.2068960982601951 0.2156806017647911 0.1986341179889568</data>
    </gridEdgeRatio>
    <medianHue idx="1" type="struct" size="1 1">
      <data idx="1" type="double" size="1 1">20</data>
    </medianHue>
    <avgSat idx="1" type="struct" size="1 1">
      <data idx="1" type="double" size="1 1">111.0450128176958</data>
    </avgSat>
    <avgInt idx="1" type="struct" size="1 1">
      <data idx="1" type="double" size="1 1">214.6491437779244</data>
    </avgInt>
    <medHueCells idx="1" type="struct" size="1 1">
      <data idx="1" type="double" size="1 9">22 17 19 24 9 18 23 18 20</data>
    </medHueCells>
    <avgSatCells idx="1" type="struct" size="1 1">
      <data idx="1" type="double" size="1 9">78.76401835558052 140.3499195962819 99.10221848164856 81.56438180653427 188.8954097974871 110.6410320476572 76.92061303285793 130.8896199406404 92.54962880769328</data>
    </avgSatCells>
    <avgIntCells idx="1" type="struct" size="1 1">
      <data idx="1" type="double" size="1 9">233.165906208736 211.6691550419015 216.6826532356693 231.1740119494305 161.561244100459 207.7277724445379 233.6662070233498 213.7039634386573 222.3285117962538</data>
    </avgIntCells>
    <cornerRatioGrid idx="1" type="struct" size="1 1">
      <data idx="1" type="double" size="1 9">48 71 49 104 170 97 110 83 101</data>
    </cornerRatioGrid>
    <avgR idx="1" type="struct" size="1 1">
      <data idx="1" type="double" size="1 1">214.5630147220393</data>
    </avgR>
    <avgG idx="1" type="struct" size="1 1">
      <data idx="1" type="double" size="1 1">171.0893898776827</data>
    </avgG>
    <avgB idx="1" type="struct" size="1 1">
      <data idx="1" type="double" size="1 1">129.8951219512194</data>
    </avgB>
    <avgRCells idx="1" type="struct" size="1 1">
      <data idx="1" type="double" size="1 9">233.0806782674632 211.5917321444914 216.6021067027866 231.019231523487 161.4664984507576 207.6861775574345 233.5720326740735 213.6281354240538 222.2591080816888</data>
    </avgRCells>
    <avgGCells idx="1" type="struct" size="1 1">
      <data idx="1" type="double" size="1 9">207.8267724770884 151.3746551791761 174.7780334810568 207.1437200120278 80.9268522271176 164.8784635009139 209.5004859086492 157.4429648307199 185.657142479723</data>
    </avgGCells>
    <avgBCells idx="1" type="struct" size="1 1">
      <data idx="1" type="double" size="1 9">165.2212997947418 102.1923283086456 139.8694685901398 161.9720482683785 48.1722077684373 124.7693936325499 167.5097969689805 111.3545557219027 147.6197854746241</data>
    </avgBCells>
  </features>
</root>
