<?xml version="1.0"?>
<!-- Written on 15-Jun-2010 21:47:07 using the XML Toolbox for Matlab -->
<root xml_tb_version="3.1" idx="1" type="struct" size="1 1">
  <filename idx="1" type="char" size="1 36">_My_Shelter__by_Red_Priest_Usada.jpg</filename>
  <features idx="1" type="struct" size="1 1">
    <numFaces idx="1" type="struct" size="1 1">
      <data idx="1" type="double" size="1 1">0</data>
    </numFaces>
    <cornerRatio idx="1" type="struct" size="1 1">
      <data idx="1" type="double" size="1 1">2.840841836130773e-05</data>
    </cornerRatio>
    <edgeRatio idx="1" type="struct" size="1 1">
      <data idx="1" type="double" size="1 1">0.02660211642716792</data>
    </edgeRatio>
    <gridEdgeRatio idx="1" type="struct" size="1 1">
      <data idx="1" type="double" size="1 9">0.02354500694356773 0.05927281908849892 0.02511065713312904 0.01007869376762195 0.03770567689264825 0.02547242083758939 0.03521305914776349 0.001102395590417638 0.02126929674099489</data>
    </gridEdgeRatio>
    <medianHue idx="1" type="struct" size="1 1">
      <data idx="1" type="double" size="1 1">18</data>
    </medianHue>
    <avgSat idx="1" type="struct" size="1 1">
      <data idx="1" type="double" size="1 1">102.514881276485</data>
    </avgSat>
    <avgInt idx="1" type="struct" size="1 1">
      <data idx="1" type="double" size="1 1">102.6935631258728</data>
    </avgInt>
    <medHueCells idx="1" type="struct" size="1 1">
      <data idx="1" type="double" size="1 9">17 18 21 17 19 20 14 11 14</data>
    </medHueCells>
    <avgSatCells idx="1" type="struct" size="1 1">
      <data idx="1" type="double" size="1 9">149.8493035391154 142.9443462525775 42.86357854568581 105.8982872532929 127.7245297310946 39.98295526817896 97.2858784473953 114.533814266258 100.6168310463121</data>
    </avgSatCells>
    <avgIntCells idx="1" type="struct" size="1 1">
      <data idx="1" type="double" size="1 9">104.9558136598914 97.2280435971889 176.9366334534661 84.26852670117411 137.2572486638893 15.35193979224082 64.38781069118147 121.3084780388151 122.4395583190394</data>
    </avgIntCells>
    <cornerRatioGrid idx="1" type="struct" size="1 1">
      <data idx="1" type="double" size="1 9">0 7 0 0 2 0 3 0 0</data>
    </cornerRatioGrid>
    <avgR idx="1" type="struct" size="1 1">
      <data idx="1" type="double" size="1 1">102.6708505953931</data>
    </avgR>
    <avgG idx="1" type="struct" size="1 1">
      <data idx="1" type="double" size="1 1">80.94406145687842</data>
    </avgG>
    <avgB idx="1" type="struct" size="1 1">
      <data idx="1" type="double" size="1 1">56.76405388130014</data>
    </avgB>
    <avgRCells idx="1" type="struct" size="1 1">
      <data idx="1" type="double" size="1 9">104.9558136598914 97.2280435971889 176.9350010599957 84.18160585784617 137.2539452089383 15.32440110239558 64.36318947906031 121.2956035069798 122.3926029159519</data>
    </avgRCells>
    <avgGCells idx="1" type="struct" size="1 1">
      <data idx="1" type="double" size="1 9">78.0706350208307 75.12706728948362 168.536400254399 65.34966123805916 107.7274544459875 14.47824888700445 45.34373935989103 83.45143854273068 90.20398799313894</data>
    </avgGCells>
    <avgBCells idx="1" type="struct" size="1 1">
      <data idx="1" type="double" size="1 9">40.36809325421873 42.56930943062743 149.3425058299767 42.23044228422336 60.39959180238183 13.27668009327962 33.60780558392918 60.99846782431047 68.19564751286451</data>
    </avgBCells>
  </features>
</root>
