<?xml version="1.0"?>
<!-- Written on 15-Jun-2010 21:47:07 using the XML Toolbox for Matlab -->
<root xml_tb_version="3.1" idx="1" type="struct" size="1 1">
  <filename idx="1" type="char" size="1 33">_Nemesis__by_Red_Priest_Usada.jpg</filename>
  <features idx="1" type="struct" size="1 1">
    <numFaces idx="1" type="struct" size="1 1">
      <data idx="1" type="double" size="1 1">1</data>
    </numFaces>
    <cornerRatio idx="1" type="struct" size="1 1">
      <data idx="1" type="double" size="1 1">0.0008792965627498001</data>
    </cornerRatio>
    <edgeRatio idx="1" type="struct" size="1 1">
      <data idx="1" type="double" size="1 1">0.08933053557154276</data>
    </edgeRatio>
    <gridEdgeRatio idx="1" type="struct" size="1 1">
      <data idx="1" type="double" size="1 9">0.0605329903904548 0.08128817918765403 0.04127817668702893 0.1519487014610795 0.1038116672025149 0.06296216911370695 0.1888172043010753 0.09810035842293914 0.01564516129032257</data>
    </gridEdgeRatio>
    <medianHue idx="1" type="struct" size="1 1">
      <data idx="1" type="double" size="1 1">126</data>
    </medianHue>
    <avgSat idx="1" type="struct" size="1 1">
      <data idx="1" type="double" size="1 1">82.75306954436452</data>
    </avgSat>
    <avgInt idx="1" type="struct" size="1 1">
      <data idx="1" type="double" size="1 1">126.5285291766589</data>
    </avgInt>
    <medHueCells idx="1" type="struct" size="1 1">
      <data idx="1" type="double" size="1 9">0 128 135 30 125 129 0 126 126</data>
    </medHueCells>
    <avgSatCells idx="1" type="struct" size="1 1">
      <data idx="1" type="double" size="1 9">9.788036294787988 80.42069445932911 140.6902508960573 37.49239095488157 76.33485157003535 134.1317741935484 28.49512378094524 103.3050584074591 134.3736738351255</data>
    </avgSatCells>
    <avgIntCells idx="1" type="struct" size="1 1">
      <data idx="1" type="double" size="1 9">234.3900618011644 135.8598042367736 87.51682795698922 192.7686564498268 132.1903511592184 50.02801075268817 208.0750008930804 75.00594791555028 22.61259856630824</data>
    </avgIntCells>
    <cornerRatioGrid idx="1" type="struct" size="1 1">
      <data idx="1" type="double" size="1 9">50 72 32 85 80 52 35 22 12</data>
    </cornerRatioGrid>
    <avgR idx="1" type="struct" size="1 1">
      <data idx="1" type="double" size="1 1">120.9041386890487</data>
    </avgR>
    <avgG idx="1" type="struct" size="1 1">
      <data idx="1" type="double" size="1 1">113.8602677857714</data>
    </avgG>
    <avgB idx="1" type="struct" size="1 1">
      <data idx="1" type="double" size="1 1">124.352026378897</data>
    </avgB>
    <avgRCells idx="1" type="struct" size="1 1">
      <data idx="1" type="double" size="1 9">232.7584217482941 128.2491337119994 71.07019713261649 190.2200014289288 128.9648840781625 42.06759856630826 206.940735183796 70.96811702925733 16.61741935483872</data>
    </avgRCells>
    <avgGCells idx="1" type="struct" size="1 1">
      <data idx="1" type="double" size="1 9">231.3344764762621 118.2304504697602 45.10908602150536 186.6213874897295 122.9658664666166 32.63451612903224 205.058157396492 67.63535526738828 14.78152329749105</data>
    </avgGCells>
    <avgBCells idx="1" type="struct" size="1 1">
      <data idx="1" type="double" size="1 9">234.2616546993892 134.8068981531098 82.8290501792115 191.3280641588968 125.8166148680028 48.38775985663083 206.5902904297504 72.16420176472685 22.60826164874552</data>
    </avgBCells>
  </features>
</root>
