<?xml version="1.0"?>
<!-- Written on 15-Jun-2010 21:47:08 using the XML Toolbox for Matlab -->
<root xml_tb_version="3.1" idx="1" type="struct" size="1 1">
  <filename idx="1" type="char" size="1 38">_Night_making__by_Red_Priest_Usada.jpg</filename>
  <features idx="1" type="struct" size="1 1">
    <numFaces idx="1" type="struct" size="1 1">
      <data idx="1" type="double" size="1 1">0</data>
    </numFaces>
    <cornerRatio idx="1" type="struct" size="1 1">
      <data idx="1" type="double" size="1 1">0.0004938479453400115</data>
    </cornerRatio>
    <edgeRatio idx="1" type="struct" size="1 1">
      <data idx="1" type="double" size="1 1">0.1445136579822383</data>
    </edgeRatio>
    <gridEdgeRatio idx="1" type="struct" size="1 1">
      <data idx="1" type="double" size="1 9">0.1630968065750677 0.15527950310559 0.1736231884057971 0.1519668737060042 0.1943409247757077 0.1533459357277884 0.08877595834117555 0.03103080494384841 0.1890989287964713</data>
    </gridEdgeRatio>
    <medianHue idx="1" type="struct" size="1 1">
      <data idx="1" type="double" size="1 1">9</data>
    </medianHue>
    <avgSat idx="1" type="struct" size="1 1">
      <data idx="1" type="double" size="1 1">172.5650588548903</data>
    </avgSat>
    <avgInt idx="1" type="struct" size="1 1">
      <data idx="1" type="double" size="1 1">106.0397533566228</data>
    </avgInt>
    <medHueCells idx="1" type="struct" size="1 1">
      <data idx="1" type="double" size="1 9">9 8 8 11 9 14 8 7 9</data>
    </medHueCells>
    <avgSatCells idx="1" type="struct" size="1 1">
      <data idx="1" type="double" size="1 9">177.6940711462452 163.4442687747035 187.8646464646464 147.4486103268714 156.8484723006463 187.4424116945857 169.7489603024573 173.4173030875867 188.831493383743</data>
    </avgSatCells>
    <avgIntCells idx="1" type="struct" size="1 1">
      <data idx="1" type="double" size="1 9">85.07473492690889 130.201066566284 65.36895664721753 107.0749858836816 127.3612522742957 32.48837442750487 163.5148204158791 98.65420289855078 144.8825960932577</data>
    </avgIntCells>
    <cornerRatioGrid idx="1" type="struct" size="1 1">
      <data idx="1" type="double" size="1 9">23 82 10 47 108 27 16 10 29</data>
    </cornerRatioGrid>
    <avgR idx="1" type="struct" size="1 1">
      <data idx="1" type="double" size="1 1">105.9286038974704</data>
    </avgR>
    <avgG idx="1" type="struct" size="1 1">
      <data idx="1" type="double" size="1 1">56.08730165410995</data>
    </avgG>
    <avgB idx="1" type="struct" size="1 1">
      <data idx="1" type="double" size="1 1">38.86313537326206</data>
    </avgB>
    <avgRCells idx="1" type="struct" size="1 1">
      <data idx="1" type="double" size="1 9">84.88082062864675 130.1487546270156 65.18141665098183 106.8406299014994 127.2792772444947 32.30082188343057 163.509086326402 98.64733459357288 144.8332703213611</data>
    </avgRCells>
    <avgGCells idx="1" type="struct" size="1 1">
      <data idx="1" type="double" size="1 9">36.92207792207794 73.8200138026225 26.64101888449715 64.68361879666226 74.01731601731602 13.955643390426 90.18909892879648 52.48753623188406 72.40454946439826</data>
    </avgGCells>
    <avgBCells idx="1" type="struct" size="1 1">
      <data idx="1" type="double" size="1 9">22.89277871886569 52.97052512704686 17.31836376184203 50.74407428320468 54.9042976347324 11.15033565468348 61.17265280403277 36.81207309388783 42.08104599873977</data>
    </avgBCells>
  </features>
</root>
