<?xml version="1.0"?>
<!-- Written on 15-Jun-2010 21:47:08 using the XML Toolbox for Matlab -->
<root xml_tb_version="3.1" idx="1" type="struct" size="1 1">
  <filename idx="1" type="char" size="1 41">_Present_for_You__by_Red_Priest_Usada.jpg</filename>
  <features idx="1" type="struct" size="1 1">
    <numFaces idx="1" type="struct" size="1 1">
      <data idx="1" type="double" size="1 1">1</data>
    </numFaces>
    <cornerRatio idx="1" type="struct" size="1 1">
      <data idx="1" type="double" size="1 1">0.0002621685793430946</data>
    </cornerRatio>
    <edgeRatio idx="1" type="struct" size="1 1">
      <data idx="1" type="double" size="1 1">0.1088815789473684</data>
    </edgeRatio>
    <gridEdgeRatio idx="1" type="struct" size="1 1">
      <data idx="1" type="double" size="1 9">0.05862053806928075 0.1275936346052401 0.05458776595744671 0.1094162124142781 0.1702567258660104 0.08153812056737571 0.1424509019816938 0.1403403536834623 0.09659498207885317</data>
    </gridEdgeRatio>
    <medianHue idx="1" type="struct" size="1 1">
      <data idx="1" type="double" size="1 1">30</data>
    </medianHue>
    <avgSat idx="1" type="struct" size="1 1">
      <data idx="1" type="double" size="1 1">119.4047907597944</data>
    </avgSat>
    <avgInt idx="1" type="struct" size="1 1">
      <data idx="1" type="double" size="1 1">225.0306242580135</data>
    </avgInt>
    <medHueCells idx="1" type="struct" size="1 1">
      <data idx="1" type="double" size="1 9">35 29 24 35 19 20 32 33 31</data>
    </medHueCells>
    <avgSatCells idx="1" type="struct" size="1 1">
      <data idx="1" type="double" size="1 9">62.45089678213468 123.0757429224548 154.2966764418377 104.297674520837 162.1215711271321 148.807584644095 68.50904255319146 118.5586879432624 134.3505376344085</data>
    </avgSatCells>
    <avgIntCells idx="1" type="struct" size="1 1">
      <data idx="1" type="double" size="1 9">234.8994417091612 231.3954193775277 231.4722296276548 215.1106690698085 198.9376868296114 216.227050564294 237.437344858156 230.1972296099291 229.1403673835125</data>
    </avgIntCells>
    <cornerRatioGrid idx="1" type="struct" size="1 1">
      <data idx="1" type="double" size="1 9">26 15 5 3 30 8 2 4 13</data>
    </cornerRatioGrid>
    <avgR idx="1" type="struct" size="1 1">
      <data idx="1" type="double" size="1 1">216.4340423426988</data>
    </avgR>
    <avgG idx="1" type="struct" size="1 1">
      <data idx="1" type="double" size="1 1">200.6238276612582</data>
    </avgG>
    <avgB idx="1" type="struct" size="1 1">
      <data idx="1" type="double" size="1 1">125.3779283735656</data>
    </avgB>
    <avgRCells idx="1" type="struct" size="1 1">
      <data idx="1" type="double" size="1 9">225.154255319149 227.6089326534202 230.1935706033944 202.3282486372428 192.7832556708282 204.7856793743891 229.511990248227 215.8320478723404 219.2500896057346</data>
    </avgRCells>
    <avgGCells idx="1" type="struct" size="1 1">
      <data idx="1" type="double" size="1 9">233.7967513627571 223.2495164410059 194.9466586687995 209.0836117460876 156.5279365218921 172.9620101306319 232.0529920212768 207.264095744681 174.0838709677419</data>
    </avgGCells>
    <avgBCells idx="1" type="struct" size="1 1">
      <data idx="1" type="double" size="1 9">180.1887858273256 122.5763803411289 95.8842530880654 137.3414805697204 76.84449182345702 95.844508131165 177.7354831560283 126.1191267730496 114.0884408602151</data>
    </avgBCells>
  </features>
</root>
