<?xml version="1.0"?>
<!-- Written on 15-Jun-2010 21:47:08 using the XML Toolbox for Matlab -->
<root xml_tb_version="3.1" idx="1" type="struct" size="1 1">
  <filename idx="1" type="char" size="1 34">_Red_Fish__by_Red_Priest_Usada.jpg</filename>
  <features idx="1" type="struct" size="1 1">
    <numFaces idx="1" type="struct" size="1 1">
      <data idx="1" type="double" size="1 1">1</data>
    </numFaces>
    <cornerRatio idx="1" type="struct" size="1 1">
      <data idx="1" type="double" size="1 1">0.0003554053200227459</data>
    </cornerRatio>
    <edgeRatio idx="1" type="struct" size="1 1">
      <data idx="1" type="double" size="1 1">0.113172110949643</data>
    </edgeRatio>
    <gridEdgeRatio idx="1" type="struct" size="1 1">
      <data idx="1" type="double" size="1 9">0.1308486335561382 0.09833037199988731 0.07016420501437153 0.1625913077812564 0.09772400372281931 0.09607558553174525 0.1227402205488337 0.1045209690611163 0.1365292125558495</data>
    </gridEdgeRatio>
    <medianHue idx="1" type="struct" size="1 1">
      <data idx="1" type="double" size="1 1">108</data>
    </medianHue>
    <avgSat idx="1" type="struct" size="1 1">
      <data idx="1" type="double" size="1 1">123.487030075188</data>
    </avgSat>
    <avgInt idx="1" type="struct" size="1 1">
      <data idx="1" type="double" size="1 1">110.0320054337525</data>
    </avgInt>
    <medHueCells idx="1" type="struct" size="1 1">
      <data idx="1" type="double" size="1 9">102 104 34 106 115 106 110 113 108</data>
    </medHueCells>
    <avgSatCells idx="1" type="struct" size="1 1">
      <data idx="1" type="double" size="1 9">129.7022308711961 126.0879375017626 151.3884564401953 99.44339622641508 141.6761288321065 178.7959218207971 95.60486923361499 88.05082671675349 99.94796380090497</data>
    </avgSatCells>
    <avgIntCells idx="1" type="struct" size="1 1">
      <data idx="1" type="double" size="1 9">123.8373522858674 100.5185153848323 115.4217361874947 99.46312434780155 132.6553853963956 139.4096934314804 91.26605765673472 74.41863741142322 113.2158712541621</data>
    </avgIntCells>
    <cornerRatioGrid idx="1" type="struct" size="1 1">
      <data idx="1" type="double" size="1 9">48 22 23 30 18 26 17 14 27</data>
    </cornerRatioGrid>
    <avgR idx="1" type="struct" size="1 1">
      <data idx="1" type="double" size="1 1">87.82896632337159</data>
    </avgR>
    <avgG idx="1" type="struct" size="1 1">
      <data idx="1" type="double" size="1 1">73.9368736968472</data>
    </avgG>
    <avgB idx="1" type="struct" size="1 1">
      <data idx="1" type="double" size="1 1">77.66862165919002</data>
    </avgB>
    <avgRCells idx="1" type="struct" size="1 1">
      <data idx="1" type="double" size="1 9">59.6840962292354 87.89037425614126 115.1099641819668 69.70094762670278 130.1731674986603 125.0301209916236 60.1612453399357 60.63018298756364 82.24067275676599</data>
    </avgRCells>
    <avgGCells idx="1" type="struct" size="1 1">
      <data idx="1" type="double" size="1 9">101.2219448909947 67.65015370730741 57.45232253151705 80.15838903460528 72.03288490284007 68.70530501734493 71.55327413984455 55.40677025527191 91.36374114232049</data>
    </avgGCells>
    <avgBCells idx="1" type="struct" size="1 1">
      <data idx="1" type="double" size="1 9">123.6229517443664 63.28710832839775 54.92902670840736 84.51002622895336 63.01964351185944 67.15119722480748 84.27456672073758 60.55032869461282 97.4456159822419</data>
    </avgBCells>
  </features>
</root>
