<?xml version="1.0"?>
<!-- Written on 15-Jun-2010 21:47:08 using the XML Toolbox for Matlab -->
<root xml_tb_version="3.1" idx="1" type="struct" size="1 1">
  <filename idx="1" type="char" size="1 25">_Sahaqiel__by_One_Vox.jpg</filename>
  <features idx="1" type="struct" size="1 1">
    <numFaces idx="1" type="struct" size="1 1">
      <data idx="1" type="double" size="1 1">1</data>
    </numFaces>
    <cornerRatio idx="1" type="struct" size="1 1">
      <data idx="1" type="double" size="1 1">0.0003821630428223746</data>
    </cornerRatio>
    <edgeRatio idx="1" type="struct" size="1 1">
      <data idx="1" type="double" size="1 1">0.09447673833899874</data>
    </edgeRatio>
    <gridEdgeRatio idx="1" type="struct" size="1 1">
      <data idx="1" type="double" size="1 9">0.03963992984716702 0.1765095386377465 0.04374389935287955 0.1095959053652599 0.1964279322810409 0.1000144607931745 0.03749369096546257 0.07989040305717786 0.06572718665792732</data>
    </gridEdgeRatio>
    <medianHue idx="1" type="struct" size="1 1">
      <data idx="1" type="double" size="1 1">60</data>
    </medianHue>
    <avgSat idx="1" type="struct" size="1 1">
      <data idx="1" type="double" size="1 1">76.74925075929765</data>
    </avgSat>
    <avgInt idx="1" type="struct" size="1 1">
      <data idx="1" type="double" size="1 1">96.04669026691064</data>
    </avgInt>
    <medHueCells idx="1" type="struct" size="1 1">
      <data idx="1" type="double" size="1 9">83 71 36 83 70 33 82 72 40</data>
    </medHueCells>
    <avgSatCells idx="1" type="struct" size="1 1">
      <data idx="1" type="double" size="1 9">45.59463473996924 74.29727262965747 97.52583098997765 69.32449264469018 94.76770822148251 94.30301391592762 48.14739163443115 73.81246158851812 93.69579782972829</data>
    </avgSatCells>
    <avgIntCells idx="1" type="struct" size="1 1">
      <data idx="1" type="double" size="1 9">132.5600236228927 88.67606213536632 60.0534104838128 131.4421239128101 85.77515301191886 87.73249693561183 127.669010520227 90.2591193376957 59.61721651736939</data>
    </avgIntCells>
    <cornerRatioGrid idx="1" type="struct" size="1 1">
      <data idx="1" type="double" size="1 9">3 80 16 6 52 1 4 17 11</data>
    </cornerRatioGrid>
    <avgR idx="1" type="struct" size="1 1">
      <data idx="1" type="double" size="1 1">80.27169177544904</data>
    </avgR>
    <avgG idx="1" type="struct" size="1 1">
      <data idx="1" type="double" size="1 1">95.15221755134063</data>
    </avgG>
    <avgB idx="1" type="struct" size="1 1">
      <data idx="1" type="double" size="1 1">80.2906792445241</data>
    </avgB>
    <avgRCells idx="1" type="struct" size="1 1">
      <data idx="1" type="double" size="1 9">108.7712874476538 67.35038834603958 53.34587929915639 113.723128959519 69.41701564121833 82.37645107794363 106.7222623910922 68.3237048552113 51.82961911004298</data>
    </avgRCells>
    <avgGCells idx="1" type="struct" size="1 1">
      <data idx="1" type="double" size="1 9">132.2362826156985 88.5082859085865 59.87421587713604 128.3543433909588 84.17373563835498 86.45783762347679 126.5916995047179 90.1567549980117 59.37582841744956</data>
    </avgGCells>
    <avgBCells idx="1" type="struct" size="1 1">
      <data idx="1" type="double" size="1 9">127.2768352482193 74.50332868033934 36.20196120845051 121.0069079065106 71.51769927341711 57.8476818804528 119.5986226094501 76.221485123459 37.55784356565434</data>
    </avgBCells>
  </features>
</root>
