<?xml version="1.0"?>
<!-- Written on 15-Jun-2010 21:47:09 using the XML Toolbox for Matlab -->
<root xml_tb_version="3.1" idx="1" type="struct" size="1 1">
  <filename idx="1" type="char" size="1 32">_Smoking_Rage__by_Knuxtiger4.jpg</filename>
  <features idx="1" type="struct" size="1 1">
    <numFaces idx="1" type="struct" size="1 1">
      <data idx="1" type="double" size="1 1">0</data>
    </numFaces>
    <cornerRatio idx="1" type="struct" size="1 1">
      <data idx="1" type="double" size="1 1">0.0007392835214956082</data>
    </cornerRatio>
    <edgeRatio idx="1" type="struct" size="1 1">
      <data idx="1" type="double" size="1 1">0.2135670161407252</data>
    </edgeRatio>
    <gridEdgeRatio idx="1" type="struct" size="1 1">
      <data idx="1" type="double" size="1 9">0.1728116137095612 0.2481853578810748 0.2399333429473314 0.1935618260186833 0.2500120174974763 0.241808072553638 0.180262462144883 0.2351744139467062 0.1625566825297633</data>
    </gridEdgeRatio>
    <medianHue idx="1" type="struct" size="1 1">
      <data idx="1" type="double" size="1 1">17</data>
    </medianHue>
    <avgSat idx="1" type="struct" size="1 1">
      <data idx="1" type="double" size="1 1">101.634403713244</data>
    </avgSat>
    <avgInt idx="1" type="struct" size="1 1">
      <data idx="1" type="double" size="1 1">148.1388098788328</data>
    </avgInt>
    <medHueCells idx="1" type="struct" size="1 1">
      <data idx="1" type="double" size="1 9">15 18 16 17 15 123 16 16 16</data>
    </medHueCells>
    <avgSatCells idx="1" type="struct" size="1 1">
      <data idx="1" type="double" size="1 9">125.7297184700925 111.7112595939688 81.74692752647847 110.9759810283773 101.548767004759 92.31976157285003 70.93656363665498 105.8119501994905 113.2843179669599</data>
    </avgSatCells>
    <avgIntCells idx="1" type="struct" size="1 1">
      <data idx="1" type="double" size="1 9">175.3821884664071 190.752888205227 155.5297312887564 155.1671874248907 129.562915605121 123.1353490682434 113.701549456008 122.5593263792081 166.8482270185389</data>
    </avgIntCells>
    <cornerRatioGrid idx="1" type="struct" size="1 1">
      <data idx="1" type="double" size="1 9">1 55 40 28 104 74 36 54 21</data>
    </cornerRatioGrid>
    <avgR idx="1" type="struct" size="1 1">
      <data idx="1" type="double" size="1 1">147.4356098373038</data>
    </avgR>
    <avgG idx="1" type="struct" size="1 1">
      <data idx="1" type="double" size="1 1">112.4107086918619</data>
    </avgG>
    <avgB idx="1" type="struct" size="1 1">
      <data idx="1" type="double" size="1 1">86.85457416016122</data>
    </avgB>
    <avgRCells idx="1" type="struct" size="1 1">
      <data idx="1" type="double" size="1 9">175.1787242224679 190.3157076703681 154.7805444727523 154.4030187953661 128.7685109519461 122.2516784438141 112.0161515166082 122.0779535002964 166.4812286689419</data>
    </avgRCells>
    <avgGCells idx="1" type="struct" size="1 1">
      <data idx="1" type="double" size="1 9">131.4781201429281 153.0118412408466 128.0596708808024 114.731945712958 92.97957025429028 82.75186271210889 93.10322229165668 88.62192952939479 126.7472159464179</data>
    </avgGCells>
    <avgBCells idx="1" type="struct" size="1 1">
      <data idx="1" type="double" size="1 9">87.63210434392481 106.6635260939929 100.0456664904101 87.44062555080198 74.80828085692768 80.33141053373711 86.15468922751522 69.57865051515004 89.02637440112798</data>
    </avgBCells>
  </features>
</root>
