<?xml version="1.0"?>
<!-- Written on 15-Jun-2010 21:47:09 using the XML Toolbox for Matlab -->
<root xml_tb_version="3.1" idx="1" type="struct" size="1 1">
  <filename idx="1" type="char" size="1 25">_Sympathy__by_One_Vox.jpg</filename>
  <features idx="1" type="struct" size="1 1">
    <numFaces idx="1" type="struct" size="1 1">
      <data idx="1" type="double" size="1 1">0</data>
    </numFaces>
    <cornerRatio idx="1" type="struct" size="1 1">
      <data idx="1" type="double" size="1 1">0.0005783898305084746</data>
    </cornerRatio>
    <edgeRatio idx="1" type="struct" size="1 1">
      <data idx="1" type="double" size="1 1">0.1486779661016949</data>
    </edgeRatio>
    <gridEdgeRatio idx="1" type="struct" size="1 1">
      <data idx="1" type="double" size="1 9">0.08267375244987188 0.1936529473842906 0.0959107523606455 0.1070593999698477 0.1419041157847128 0.1550030459945171 0.1203387256018836 0.2172476646160857 0.2277504986957188</data>
    </gridEdgeRatio>
    <medianHue idx="1" type="struct" size="1 1">
      <data idx="1" type="double" size="1 1">95</data>
    </medianHue>
    <avgSat idx="1" type="struct" size="1 1">
      <data idx="1" type="double" size="1 1">62.08489406779659</data>
    </avgSat>
    <avgInt idx="1" type="struct" size="1 1">
      <data idx="1" type="double" size="1 1">88.0456716101694</data>
    </avgInt>
    <medHueCells idx="1" type="struct" size="1 1">
      <data idx="1" type="double" size="1 9">67 94 135 128 112 139 36 35 38</data>
    </medHueCells>
    <avgSatCells idx="1" type="struct" size="1 1">
      <data idx="1" type="double" size="1 9">50.8492951907131 80.58604703753957 89.26824637350956 70.38300919644206 59.53780340720639 76.39002810055442 24.95981190983855 42.94391562595185 63.82645388982659</data>
    </avgSatCells>
    <avgIntCells idx="1" type="struct" size="1 1">
      <data idx="1" type="double" size="1 9">81.69190034675113 77.93066862656413 64.32894736842105 76.25488089853762 110.6031019146691 65.52578415736313 100.0813470910752 123.3137374352726 92.56621144698487</data>
    </avgIntCells>
    <cornerRatioGrid idx="1" type="struct" size="1 1">
      <data idx="1" type="double" size="1 9">3 16 24 2 25 48 20 65 70</data>
    </cornerRatioGrid>
    <avgR idx="1" type="struct" size="1 1">
      <data idx="1" type="double" size="1 1">80.96280084745756</data>
    </avgR>
    <avgG idx="1" type="struct" size="1 1">
      <data idx="1" type="double" size="1 1">78.658122881356</data>
    </avgG>
    <avgB idx="1" type="struct" size="1 1">
      <data idx="1" type="double" size="1 1">79.39054872881358</data>
    </avgB>
    <avgRCells idx="1" type="struct" size="1 1">
      <data idx="1" type="double" size="1 9">69.2539574853007 61.66902231267905 52.8226057568163 69.87271973466002 106.2399743705714 61.17467912204756 97.84238882120012 120.5664217179409 89.3520408163265</data>
    </avgRCells>
    <avgGCells idx="1" type="struct" size="1 1">
      <data idx="1" type="double" size="1 9">79.42328132066935 70.57304387155135 47.411995898838 66.38787124981157 95.78998944670586 51.2281081491608 97.68190298507463 117.5618336886994 81.61700168789321</data>
    </avgGCells>
    <avgBCells idx="1" type="struct" size="1 1">
      <data idx="1" type="double" size="1 9">71.08889265792254 68.42109528116993 63.88383838383832 71.58634856022913 97.52365068596409 62.22605756816285 94.92815260432518 110.708783886689 74.0464937854841</data>
    </avgBCells>
  </features>
</root>
