<?xml version="1.0"?>
<!-- Written on 15-Jun-2010 21:47:09 using the XML Toolbox for Matlab -->
<root xml_tb_version="3.1" idx="1" type="struct" size="1 1">
  <filename idx="1" type="char" size="1 43">_The_Look_of_Death__by_Red_Priest_Usada.jpg</filename>
  <features idx="1" type="struct" size="1 1">
    <numFaces idx="1" type="struct" size="1 1">
      <data idx="1" type="double" size="1 1">3</data>
    </numFaces>
    <cornerRatio idx="1" type="struct" size="1 1">
      <data idx="1" type="double" size="1 1">0.0007737594617325484</data>
    </cornerRatio>
    <edgeRatio idx="1" type="struct" size="1 1">
      <data idx="1" type="double" size="1 1">0.08879642335443318</data>
    </edgeRatio>
    <gridEdgeRatio idx="1" type="struct" size="1 1">
      <data idx="1" type="double" size="1 9">0.06439208888188476 0.105161137814199 0.0523188197995826 0.0986210700496415 0.114537861476637 0.09936433589829373 0.05792185147023859 0.1326781326781329 0.07555726487508638</data>
    </gridEdgeRatio>
    <medianHue idx="1" type="struct" size="1 1">
      <data idx="1" type="double" size="1 1">14</data>
    </medianHue>
    <avgSat idx="1" type="struct" size="1 1">
      <data idx="1" type="double" size="1 1">137.7195414102961</data>
    </avgSat>
    <avgInt idx="1" type="struct" size="1 1">
      <data idx="1" type="double" size="1 1">102.63928290027</data>
    </avgInt>
    <medHueCells idx="1" type="struct" size="1 1">
      <data idx="1" type="double" size="1 9">16 13 11 19 14 16 20 13 11</data>
    </medHueCells>
    <avgSatCells idx="1" type="struct" size="1 1">
      <data idx="1" type="double" size="1 9">122.1422898116776 154.8964147821291 125.0089244669891 110.9520289969268 139.189693483571 167.4748038360941 121.0059902181014 157.4287148114516 142.0051279585918</data>
    </avgSatCells>
    <avgIntCells idx="1" type="struct" size="1 1">
      <data idx="1" type="double" size="1 9">71.18093136868649 78.16203608856672 135.4781009748752 104.0228193207785 123.0654637144433 146.786351747642 83.61538338988993 66.17545285092966 115.1851994295145</data>
    </avgIntCells>
    <cornerRatioGrid idx="1" type="struct" size="1 1">
      <data idx="1" type="double" size="1 9">40 57 32 44 76 47 22 77 42</data>
    </cornerRatioGrid>
    <avgR idx="1" type="struct" size="1 1">
      <data idx="1" type="double" size="1 1">102.612036651764</data>
    </avgR>
    <avgG idx="1" type="struct" size="1 1">
      <data idx="1" type="double" size="1 1">77.79402062768351</data>
    </avgG>
    <avgB idx="1" type="struct" size="1 1">
      <data idx="1" type="double" size="1 1">54.48209995130803</data>
    </avgB>
    <avgRCells idx="1" type="struct" size="1 1">
      <data idx="1" type="double" size="1 9">71.16096446300529 78.10478291702782 135.4735357057938 103.9715704042235 123.029942478922 146.772513275739 83.60780002867656 66.13028724370312 115.1747351890132</data>
    </avgRCells>
    <avgGCells idx="1" type="struct" size="1 1">
      <data idx="1" type="double" size="1 9">52.1768970136317 56.95593727838627 107.4696996116351 81.65570876999445 96.54366086202822 107.9935800903543 63.53776545747105 47.70095110643788 85.85643318430209</data>
    </avgGCells>
    <avgBCells idx="1" type="struct" size="1 1">
      <data idx="1" type="double" size="1 9">39.0796785123316 36.22869750216689 83.00156931124677 63.42604995666223 68.9576865495233 54.91899817706271 50.29266038968276 33.43981901894244 60.61859205486914</data>
    </avgBCells>
  </features>
</root>
