<?xml version="1.0"?>
<!-- Written on 15-Jun-2010 21:47:09 using the XML Toolbox for Matlab -->
<root xml_tb_version="3.1" idx="1" type="struct" size="1 1">
  <filename idx="1" type="char" size="1 37">_The_Morning__by_Red_Priest_Usada.jpg</filename>
  <features idx="1" type="struct" size="1 1">
    <numFaces idx="1" type="struct" size="1 1">
      <data idx="1" type="double" size="1 1">2</data>
    </numFaces>
    <cornerRatio idx="1" type="struct" size="1 1">
      <data idx="1" type="double" size="1 1">0.0003696047108939422</data>
    </cornerRatio>
    <edgeRatio idx="1" type="struct" size="1 1">
      <data idx="1" type="double" size="1 1">0.1349714965858548</data>
    </edgeRatio>
    <gridEdgeRatio idx="1" type="struct" size="1 1">
      <data idx="1" type="double" size="1 9">0.02929758413629379 0.1318530931434159 0.05752312203925115 0.07836894288507201 0.161429967881581 0.1564403338596888 0.1879131652661062 0.2350560224089635 0.1778987556561086</data>
    </gridEdgeRatio>
    <medianHue idx="1" type="struct" size="1 1">
      <data idx="1" type="double" size="1 1">133</data>
    </medianHue>
    <avgSat idx="1" type="struct" size="1 1">
      <data idx="1" type="double" size="1 1">72.05635532168141</data>
    </avgSat>
    <avgInt idx="1" type="struct" size="1 1">
      <data idx="1" type="double" size="1 1">179.2889525778365</data>
    </avgInt>
    <medHueCells idx="1" type="struct" size="1 1">
      <data idx="1" type="double" size="1 9">106 154 139 102 156 143 109 141 142</data>
    </medHueCells>
    <avgSatCells idx="1" type="struct" size="1 1">
      <data idx="1" type="double" size="1 9">52.76314760508308 27.19892473118279 82.30070028011203 82.67204301075269 78.08396871945257 93.07532212885148 61.67464189036765 65.3878581096323 105.9535633484163</data>
    </avgSatCells>
    <avgIntCells idx="1" type="struct" size="1 1">
      <data idx="1" type="double" size="1 9">217.5318949867337 218.4166317553414 132.3260084033613 205.7566680631194 202.0857561793046 142.2564565826331 210.8862790435372 175.721760094744 107.3803591628959</data>
    </avgIntCells>
    <cornerRatioGrid idx="1" type="struct" size="1 1">
      <data idx="1" type="double" size="1 9">8 37 4 3 26 24 53 55 26</data>
    </cornerRatioGrid>
    <avgR idx="1" type="struct" size="1 1">
      <data idx="1" type="double" size="1 1">162.4006890935289</data>
    </avgR>
    <avgG idx="1" type="struct" size="1 1">
      <data idx="1" type="double" size="1 1">148.04293679133</data>
    </avgG>
    <avgB idx="1" type="struct" size="1 1">
      <data idx="1" type="double" size="1 1">166.7111492200713</data>
    </avgB>
    <avgRCells idx="1" type="struct" size="1 1">
      <data idx="1" type="double" size="1 9">178.1449378578411 216.8061583577712 122.1223809523809 174.8264208909369 201.1425918167854 134.4103081232492 169.2728682607714 163.5375733137831 100.0586679864253</data>
    </avgRCells>
    <avgGCells idx="1" type="struct" size="1 1">
      <data idx="1" type="double" size="1 9">195.1575059349251 197.0499790532047 102.6009663865547 169.9619745845552 157.8556207233627 105.6851540616247 181.9259248815699 142.3489454094293 78.50179581447966</data>
    </avgGCells>
    <avgBCells idx="1" type="struct" size="1 1">
      <data idx="1" type="double" size="1 9">216.7947912302751 210.3524228459711 130.5131652661064 177.177140064237 156.1173718754364 127.6699299719888 208.0764719151816 166.0829432664109 106.5731900452489</data>
    </avgBCells>
  </features>
</root>
