<?xml version="1.0"?>
<!-- Written on 15-Jun-2010 21:47:10 using the XML Toolbox for Matlab -->
<root xml_tb_version="3.1" idx="1" type="struct" size="1 1">
  <filename idx="1" type="char" size="1 33">_Weyards__by_Red_Priest_Usada.jpg</filename>
  <features idx="1" type="struct" size="1 1">
    <numFaces idx="1" type="struct" size="1 1">
      <data idx="1" type="double" size="1 1">0</data>
    </numFaces>
    <cornerRatio idx="1" type="struct" size="1 1">
      <data idx="1" type="double" size="1 1">0.0006305818560300833</data>
    </cornerRatio>
    <edgeRatio idx="1" type="struct" size="1 1">
      <data idx="1" type="double" size="1 1">0.1854865447891485</data>
    </edgeRatio>
    <gridEdgeRatio idx="1" type="struct" size="1 1">
      <data idx="1" type="double" size="1 9">0.1888513196205504 0.1933878087724244 0.2135369532428356 0.1976425284117595 0.2255752794214332 0.1677884615384617 0.1434394665163897 0.1729125575279424 0.1674868024132731</data>
    </gridEdgeRatio>
    <medianHue idx="1" type="struct" size="1 1">
      <data idx="1" type="double" size="1 1">25</data>
    </medianHue>
    <avgSat idx="1" type="struct" size="1 1">
      <data idx="1" type="double" size="1 1">107.2808376561242</data>
    </avgSat>
    <avgInt idx="1" type="struct" size="1 1">
      <data idx="1" type="double" size="1 1">188.1546509871069</data>
    </avgInt>
    <medHueCells idx="1" type="struct" size="1 1">
      <data idx="1" type="double" size="1 9">34 31 23 28 24 22 27 23 22</data>
    </medHueCells>
    <avgSatCells idx="1" type="struct" size="1 1">
      <data idx="1" type="double" size="1 9">125.9963651732883 117.5098337559877 73.71300835916215 128.3095613787922 119.4347140039447 91.1753545599699 132.1056372549019 98.97260558069382 78.71499811463052</data>
    </avgSatCells>
    <avgIntCells idx="1" type="struct" size="1 1">
      <data idx="1" type="double" size="1 9">146.4222691838077 165.5237062083216 216.4600075138538 183.0261388184465 176.9772142387528 211.9484361792055 172.4068250377073 202.6342006033182 217.578516214178</data>
    </avgIntCells>
    <cornerRatioGrid idx="1" type="struct" size="1 1">
      <data idx="1" type="double" size="1 9">81 86 130 38 63 36 56 66 45</data>
    </cornerRatioGrid>
    <avgR idx="1" type="struct" size="1 1">
      <data idx="1" type="double" size="1 1">183.1418557363014</data>
    </avgR>
    <avgG idx="1" type="struct" size="1 1">
      <data idx="1" type="double" size="1 1">175.7612130254501</data>
    </avgG>
    <avgB idx="1" type="struct" size="1 1">
      <data idx="1" type="double" size="1 1">119.3597233413914</data>
    </avgB>
    <avgRCells idx="1" type="struct" size="1 1">
      <data idx="1" type="double" size="1 9">137.0179675025829 156.6102000563539 214.9796750258288 176.563698694468 169.8922607307224 210.1854888701041 166.3315233785821 199.8856711915535 216.3325697586727</data>
    </avgRCells>
    <avgGCells idx="1" type="struct" size="1 1">
      <data idx="1" type="double" size="1 9">140.6773175542406 159.6859866629098 203.4604583450738 172.9418897341974 163.3871043486429 193.5180896027049 159.428572775264 187.1259709653093 201.2370757918553</data>
    </avgGCells>
    <avgBCells idx="1" type="struct" size="1 1">
      <data idx="1" type="double" size="1 9">83.18765849535083 101.2663003663004 159.7625622241006 100.8040856579319 103.8255564947872 140.8452803606649 95.52760180995476 131.2719362745098 157.2650923831071</data>
    </avgBCells>
  </features>
</root>
