<?xml version="1.0"?>
<!-- Written on 15-Jun-2010 21:47:10 using the XML Toolbox for Matlab -->
<root xml_tb_version="3.1" idx="1" type="struct" size="1 1">
  <filename idx="1" type="char" size="1 30">_What__s_up__by_Knuxtiger4.jpg</filename>
  <features idx="1" type="struct" size="1 1">
    <numFaces idx="1" type="struct" size="1 1">
      <data idx="1" type="double" size="1 1">1</data>
    </numFaces>
    <cornerRatio idx="1" type="struct" size="1 1">
      <data idx="1" type="double" size="1 1">5.625e-05</data>
    </cornerRatio>
    <edgeRatio idx="1" type="struct" size="1 1">
      <data idx="1" type="double" size="1 1">0.03388125</data>
    </edgeRatio>
    <gridEdgeRatio idx="1" type="struct" size="1 1">
      <data idx="1" type="double" size="1 9">0.06649587881488082 0.06048117620850968 0.03441746491423486 0.03541991534862993 0.03686789930942303 0.01871240810871018 0.02255513477389178 0.008465137001559379 0.02288928491869012</data>
    </gridEdgeRatio>
    <medianHue idx="1" type="struct" size="1 1">
      <data idx="1" type="double" size="1 1">35</data>
    </medianHue>
    <avgSat idx="1" type="struct" size="1 1">
      <data idx="1" type="double" size="1 1">29.0036375</data>
    </avgSat>
    <avgInt idx="1" type="struct" size="1 1">
      <data idx="1" type="double" size="1 1">122.901725</data>
    </avgInt>
    <medHueCells idx="1" type="struct" size="1 1">
      <data idx="1" type="double" size="1 9">80 30 35 42 35 35 60 30 34</data>
    </medHueCells>
    <avgSatCells idx="1" type="struct" size="1 1">
      <data idx="1" type="double" size="1 9">21.12324571173982 7.071452439296058 10.55997995099132 32.29265983515259 50.80318556471375 50.80385386500335 8.871073735798618 15.63572065047896 63.45862107373578</data>
    </avgSatCells>
    <avgIntCells idx="1" type="struct" size="1 1">
      <data idx="1" type="double" size="1 9">162.5767988416128 161.5123078636667 154.5609267097349 78.67804633548671 51.9145689463132 59.96385609267099 175.3109824014255 135.6513143239029 124.2498329249277</data>
    </avgIntCells>
    <cornerRatioGrid idx="1" type="struct" size="1 1">
      <data idx="1" type="double" size="1 9">3 0 2 0 0 0 2 0 2</data>
    </cornerRatioGrid>
    <avgR idx="1" type="struct" size="1 1">
      <data idx="1" type="double" size="1 1">120.1751812500001</data>
    </avgR>
    <avgG idx="1" type="struct" size="1 1">
      <data idx="1" type="double" size="1 1">122.096375</data>
    </avgG>
    <avgB idx="1" type="struct" size="1 1">
      <data idx="1" type="double" size="1 1">118.1566312500001</data>
    </avgB>
    <avgRCells idx="1" type="struct" size="1 1">
      <data idx="1" type="double" size="1 9">155.2471040320785 160.4327244375139 152.8237357986188 75.78464023167746 50.17843617732236 57.73357095121409 171.2877032746712 134.7601358877256 121.6878480730676</data>
    </avgRCells>
    <avgGCells idx="1" type="struct" size="1 1">
      <data idx="1" type="double" size="1 9">160.3426152818 161.0204388505235 154.5391512586322 77.7876475829806 51.04588995321896 59.91000222766763 172.6853976386721 135.6225217197594 124.2228781465806</data>
    </avgGCells>
    <avgBCells idx="1" type="struct" size="1 1">
      <data idx="1" type="double" size="1 9">161.9882490532413 159.8844397415905 151.0987413677879 72.04605702829137 43.71318779238138 50.23061929160169 174.9561706393404 131.9231454666964 115.8576520383159</data>
    </avgBCells>
  </features>
</root>
