<?xml version="1.0"?>
<!-- Written on 15-Jun-2010 21:47:10 using the XML Toolbox for Matlab -->
<root xml_tb_version="3.1" idx="1" type="struct" size="1 1">
  <filename idx="1" type="char" size="1 39">_Wind_Loves_Me__by_Red_Priest_Usada.jpg</filename>
  <features idx="1" type="struct" size="1 1">
    <numFaces idx="1" type="struct" size="1 1">
      <data idx="1" type="double" size="1 1">3</data>
    </numFaces>
    <cornerRatio idx="1" type="struct" size="1 1">
      <data idx="1" type="double" size="1 1">0.0002743853767560664</data>
    </cornerRatio>
    <edgeRatio idx="1" type="struct" size="1 1">
      <data idx="1" type="double" size="1 1">0.1127524345466156</data>
    </edgeRatio>
    <gridEdgeRatio idx="1" type="struct" size="1 1">
      <data idx="1" type="double" size="1 9">0.06679389312977099 0.1385764028391591 0.1316124280166064 0.1038346502388287 0.1424378375965361 0.1183540913352081 0.1094418677600771 0.09874302614774488 0.105655262037597</data>
    </gridEdgeRatio>
    <medianHue idx="1" type="struct" size="1 1">
      <data idx="1" type="double" size="1 1">14</data>
    </medianHue>
    <avgSat idx="1" type="struct" size="1 1">
      <data idx="1" type="double" size="1 1">111.6615830539591</data>
    </avgSat>
    <avgInt idx="1" type="struct" size="1 1">
      <data idx="1" type="double" size="1 1">144.6363495769475</data>
    </avgInt>
    <medHueCells idx="1" type="struct" size="1 1">
      <data idx="1" type="double" size="1 9">19 18 11 19 15 10 13 13 10</data>
    </medHueCells>
    <avgSatCells idx="1" type="struct" size="1 1">
      <data idx="1" type="double" size="1 9">39.11029641533861 72.92993616356418 111.0959870941722 117.1466675594838 156.018581759743 121.9325692904035 129.5465492611938 129.5063055220749 128.3594922811498</data>
    </avgSatCells>
    <avgIntCells idx="1" type="struct" size="1 1">
      <data idx="1" type="double" size="1 9">183.5351881612429 179.3158117941165 120.918487150187 161.9549350475425 142.9925784563189 80.24223073648358 161.6485871166466 165.5601870452214 105.2806009276064</data>
    </avgIntCells>
    <cornerRatioGrid idx="1" type="struct" size="1 1">
      <data idx="1" type="double" size="1 9">34 18 21 44 36 4 9 11 43</data>
    </cornerRatioGrid>
    <avgR idx="1" type="struct" size="1 1">
      <data idx="1" type="double" size="1 1">144.5394828085088</data>
    </avgR>
    <avgG idx="1" type="struct" size="1 1">
      <data idx="1" type="double" size="1 1">111.4620387831258</data>
    </avgG>
    <avgB idx="1" type="struct" size="1 1">
      <data idx="1" type="double" size="1 1">83.78806972381861</data>
    </avgB>
    <avgRCells idx="1" type="struct" size="1 1">
      <data idx="1" type="double" size="1 9">183.2184389089773 179.1958394714523 120.8509668167864 161.8705638141155 142.948886210437 80.01475431874704 161.6462546314896 165.5576536761752 105.2721986959736</data>
    </avgRCells>
    <avgGCells idx="1" type="struct" size="1 1">
      <data idx="1" type="double" size="1 9">173.6797241194588 160.1360765144414 85.73215926149985 133.5386031873577 99.33126869336189 50.27837153547983 113.8501517789385 118.8429869202268 67.34946561806818</data>
    </avgGCells>
    <avgBCells idx="1" type="struct" size="1 1">
      <data idx="1" type="double" size="1 9">162.7675103790011 137.3137917950092 60.39223857856643 96.197067095219 58.30594616311776 31.28583271716968 77.8520601758849 81.70058256327839 47.66710358271158</data>
    </avgBCells>
  </features>
</root>
