<?xml version="1.0"?>
<!-- Written on 15-Jun-2010 21:47:13 using the XML Toolbox for Matlab -->
<root xml_tb_version="3.1" idx="1" type="struct" size="1 1">
  <filename idx="1" type="char" size="1 36">a6027ca16406c9ccc1070cc004495c5a.jpg</filename>
  <features idx="1" type="struct" size="1 1">
    <numFaces idx="1" type="struct" size="1 1">
      <data idx="1" type="double" size="1 1">0</data>
    </numFaces>
    <cornerRatio idx="1" type="struct" size="1 1">
      <data idx="1" type="double" size="1 1">0.0001759530791788856</data>
    </cornerRatio>
    <edgeRatio idx="1" type="struct" size="1 1">
      <data idx="1" type="double" size="1 1">0.07578038449006191</data>
    </edgeRatio>
    <gridEdgeRatio idx="1" type="struct" size="1 1">
      <data idx="1" type="double" size="1 9">0.04044754186611572 0.1427594535217006 0.01169248757673196 0.04405581178798504 0.1561449709737964 0.02850043846828413 0.03291490293387827 0.140519632170486 0.08526392961876832</data>
    </gridEdgeRatio>
    <medianHue idx="1" type="struct" size="1 1">
      <data idx="1" type="double" size="1 1">0</data>
    </medianHue>
    <avgSat idx="1" type="struct" size="1 1">
      <data idx="1" type="double" size="1 1">0.2168670576735092</data>
    </avgSat>
    <avgInt idx="1" type="struct" size="1 1">
      <data idx="1" type="double" size="1 1">170.102404692082</data>
    </avgInt>
    <medHueCells idx="1" type="struct" size="1 1">
      <data idx="1" type="double" size="1 9">0 0 0 0 0 0 0 0 0</data>
    </medHueCells>
    <avgSatCells idx="1" type="struct" size="1 1">
      <data idx="1" type="double" size="1 9">0.01310907741775908 0.08898459210545466 0.06193256458911108 1.108291746082554 0.3510788436076884 0.161699022040578 0.02066647179187371 0.03754750073078051 0.1119061583577713</data>
    </avgSatCells>
    <avgIntCells idx="1" type="struct" size="1 1">
      <data idx="1" type="double" size="1 9">226.6296722003171 174.1448109295661 215.0103196613634 125.0664474545692 85.26257438419353 97.129003065246 238.8917860274775 228.423925752704 140.0820967741935</data>
    </avgIntCells>
    <cornerRatioGrid idx="1" type="struct" size="1 1">
      <data idx="1" type="double" size="1 9">29 32 6 2 20 1 1 5 12</data>
    </cornerRatioGrid>
    <avgR idx="1" type="struct" size="1 1">
      <data idx="1" type="double" size="1 1">170.0762495927011</data>
    </avgR>
    <avgG idx="1" type="struct" size="1 1">
      <data idx="1" type="double" size="1 1">170.0756435320952</data>
    </avgG>
    <avgB idx="1" type="struct" size="1 1">
      <data idx="1" type="double" size="1 1">170.0798696643858</data>
    </avgB>
    <avgRCells idx="1" type="struct" size="1 1">
      <data idx="1" type="double" size="1 9">226.6217281866989 174.1290101991823 214.9945993285653 124.9773028182333 85.21587056786606 97.10497737556565 238.8798158433207 228.414586378252 140.0674193548387</data>
    </avgRCells>
    <avgGCells idx="1" type="struct" size="1 1">
      <data idx="1" type="double" size="1 9">226.6217427361743 174.1256201713929 214.994176032696 124.9760952117676 85.22298526138135 97.09875930521093 238.882461268635 228.4141479099679 140.0636803519061</data>
    </avgGCells>
    <avgBCells idx="1" type="struct" size="1 1">
      <data idx="1" type="double" size="1 9">226.6245216859931 174.1292429907903 214.9963071084513 124.9884622659352 85.22541502378841 97.10617428112684 238.8838935983631 228.4163256357791 140.0675219941349</data>
    </avgBCells>
  </features>
</root>
