<?xml version="1.0"?>
<!-- Written on 15-Jun-2010 21:47:13 using the XML Toolbox for Matlab -->
<root xml_tb_version="3.1" idx="1" type="struct" size="1 1">
  <filename idx="1" type="char" size="1 36">a74846374c7d5aaa187a261e721d8ce5.jpg</filename>
  <features idx="1" type="struct" size="1 1">
    <numFaces idx="1" type="struct" size="1 1">
      <data idx="1" type="double" size="1 1">1</data>
    </numFaces>
    <cornerRatio idx="1" type="struct" size="1 1">
      <data idx="1" type="double" size="1 1">0.0003917301414581066</data>
    </cornerRatio>
    <edgeRatio idx="1" type="struct" size="1 1">
      <data idx="1" type="double" size="1 1">0.1076713819368879</data>
    </edgeRatio>
    <gridEdgeRatio idx="1" type="struct" size="1 1">
      <data idx="1" type="double" size="1 9">0.1107491856677524 0.1414588296303498 0.0863680781758952 0.08637593790007612 0.2120667023190236 0.07351791530944615 0.07973163498468556 0.1003937964898633 0.082915309446254</data>
    </gridEdgeRatio>
    <medianHue idx="1" type="struct" size="1 1">
      <data idx="1" type="double" size="1 1">118</data>
    </medianHue>
    <avgSat idx="1" type="struct" size="1 1">
      <data idx="1" type="double" size="1 1">97.26184258251716</data>
    </avgSat>
    <avgInt idx="1" type="struct" size="1 1">
      <data idx="1" type="double" size="1 1">83.35895357272392</data>
    </avgInt>
    <medHueCells idx="1" type="struct" size="1 1">
      <data idx="1" type="double" size="1 9">110 120 75 110 124 137 0 115 123</data>
    </medHueCells>
    <avgSatCells idx="1" type="struct" size="1 1">
      <data idx="1" type="double" size="1 9">46.73238044306157 82.13515484466916 111.8545059717698 48.14693632813132 154.498355129888 170.3970376132367 46.32099348534201 77.65872964169381 138.4853094462541</data>
    </avgSatCells>
    <avgIntCells idx="1" type="struct" size="1 1">
      <data idx="1" type="double" size="1 9">94.41484758617334 55.02124556371238 43.32281588798677 209.3470919020532 85.35577811269381 85.91923120553588 87.26464169381079 47.73511400651465 42.71244299674268</data>
    </avgIntCells>
    <cornerRatioGrid idx="1" type="struct" size="1 1">
      <data idx="1" type="double" size="1 9">5 36 5 8 113 14 7 12 16</data>
    </cornerRatioGrid>
    <avgR idx="1" type="struct" size="1 1">
      <data idx="1" type="double" size="1 1">65.53914036996743</data>
    </avgR>
    <avgG idx="1" type="struct" size="1 1">
      <data idx="1" type="double" size="1 1">56.78882299601013</data>
    </avgG>
    <avgB idx="1" type="struct" size="1 1">
      <data idx="1" type="double" size="1 1">79.5971527022125</data>
    </avgB>
    <avgRCells idx="1" type="struct" size="1 1">
      <data idx="1" type="double" size="1 9">67.56713176787075 35.70648386730841 36.13844458489311 188.7876578021943 63.58273777691346 74.41637091415883 60.7496579804557 27.87679153094463 35.47578175895764</data>
    </avgRCells>
    <avgGCells idx="1" type="struct" size="1 1">
      <data idx="1" type="double" size="1 9">69.37517623608345 30.36331372453693 24.13390701217043 191.3526342230218 48.01393683050542 40.63255384316203 62.54812703583029 26.42653094462541 18.65270358306189</data>
    </avgGCells>
    <avgBCells idx="1" type="struct" size="1 1">
      <data idx="1" type="double" size="1 9">94.40478389809908 54.80047644513588 37.94368548138784 208.4485876804901 81.93825659973749 71.10167404022232 87.25576547231242 47.61335504885995 33.79078175895762</data>
    </avgBCells>
  </features>
</root>
