<?xml version="1.0"?>
<!-- Written on 15-Jun-2010 21:47:13 using the XML Toolbox for Matlab -->
<root xml_tb_version="3.1" idx="1" type="struct" size="1 1">
  <filename idx="1" type="char" size="1 36">a74df9273df0c5c2d7f0c053cbcb15dc.jpg</filename>
  <features idx="1" type="struct" size="1 1">
    <numFaces idx="1" type="struct" size="1 1">
      <data idx="1" type="double" size="1 1">0</data>
    </numFaces>
    <cornerRatio idx="1" type="struct" size="1 1">
      <data idx="1" type="double" size="1 1">0.00373469387755102</data>
    </cornerRatio>
    <edgeRatio idx="1" type="struct" size="1 1">
      <data idx="1" type="double" size="1 1">0.3028551020408163</data>
    </edgeRatio>
    <gridEdgeRatio idx="1" type="struct" size="1 1">
      <data idx="1" type="double" size="1 9">0.297099861202425 0.341058514135437 0.288589378332968 0.3268317627291986 0.3477427131273284 0.3228687267148802 0.2611220688143765 0.30456936226167 0.2371612243407115</data>
    </gridEdgeRatio>
    <medianHue idx="1" type="struct" size="1 1">
      <data idx="1" type="double" size="1 1">19</data>
    </medianHue>
    <avgSat idx="1" type="struct" size="1 1">
      <data idx="1" type="double" size="1 1">26.21684489795917</data>
    </avgSat>
    <avgInt idx="1" type="struct" size="1 1">
      <data idx="1" type="double" size="1 1">113.3631367346939</data>
    </avgInt>
    <medHueCells idx="1" type="struct" size="1 1">
      <data idx="1" type="double" size="1 9">16 19 19 16 19 19 19 20 19</data>
    </medHueCells>
    <avgSatCells idx="1" type="struct" size="1 1">
      <data idx="1" type="double" size="1 9">24.64802030827673 26.03574037548398 21.25067572503469 23.08548834830886 29.63070713711743 24.09595295492733 31.96856965446711 34.27008912265322 20.9696106362773</data>
    </avgSatCells>
    <avgIntCells idx="1" type="struct" size="1 1">
      <data idx="1" type="double" size="1 9">128.4184564248667 120.4913068887428 113.3443458251151 133.892377091095 100.5329096354738 115.789392943239 103.4304368471036 90.82918766893123 113.7700891226533</data>
    </avgIntCells>
    <cornerRatioGrid idx="1" type="struct" size="1 1">
      <data idx="1" type="double" size="1 9">210 263 152 227 248 169 178 253 130</data>
    </cornerRatioGrid>
    <avgR idx="1" type="struct" size="1 1">
      <data idx="1" type="double" size="1 1">113.3181653061225</data>
    </avgR>
    <avgG idx="1" type="struct" size="1 1">
      <data idx="1" type="double" size="1 1">110.7904734693878</data>
    </avgG>
    <avgB idx="1" type="struct" size="1 1">
      <data idx="1" type="double" size="1 1">106.4669265306122</data>
    </avgB>
    <avgRCells idx="1" type="struct" size="1 1">
      <data idx="1" type="double" size="1 9">128.3903133903135 120.4669990503323 113.2757323398349 133.8723427569581 100.5017532325225 115.6934947768282 103.3884323179195 90.77936664475119 113.7259295784937</data>
    </avgRCells>
    <avgGCells idx="1" type="struct" size="1 1">
      <data idx="1" type="double" size="1 9">125.9913799400978 117.3558514135438 111.4546168456425 130.522792022792 96.96544670903643 112.9097633136095 101.7132369055447 88.572777412521 111.8198188326394</data>
    </avgGCells>
    <avgBCells idx="1" type="struct" size="1 1">
      <data idx="1" type="double" size="1 9">121.976313098108 112.3586638907151 108.1822266053036 125.2718788808532 91.16736065454016 108.216305062459 98.27909270216958 84.52383300460222 108.36739352765</data>
    </avgBCells>
  </features>
</root>
