<?xml version="1.0"?>
<!-- Written on 15-Jun-2010 21:47:14 using the XML Toolbox for Matlab -->
<root xml_tb_version="3.1" idx="1" type="struct" size="1 1">
  <filename idx="1" type="char" size="1 36">a90bfe4477ed820f4adaaf57f2b75527.jpg</filename>
  <features idx="1" type="struct" size="1 1">
    <numFaces idx="1" type="struct" size="1 1">
      <data idx="1" type="double" size="1 1">0</data>
    </numFaces>
    <cornerRatio idx="1" type="struct" size="1 1">
      <data idx="1" type="double" size="1 1">0.001053125</data>
    </cornerRatio>
    <edgeRatio idx="1" type="struct" size="1 1">
      <data idx="1" type="double" size="1 1">0.0404796875</data>
    </edgeRatio>
    <gridEdgeRatio idx="1" type="struct" size="1 1">
      <data idx="1" type="double" size="1 9">0.05449431944753842 0.1104783916239697 0.06574739086522276 0.005067943862775666 0.02269436400089108 0.07020816967792619 0.0003787453708899113 0.01454662776343845 0.02030923172593138</data>
    </gridEdgeRatio>
    <medianHue idx="1" type="struct" size="1 1">
      <data idx="1" type="double" size="1 1">21</data>
    </medianHue>
    <avgSat idx="1" type="struct" size="1 1">
      <data idx="1" type="double" size="1 1">74.93079218750006</data>
    </avgSat>
    <avgInt idx="1" type="struct" size="1 1">
      <data idx="1" type="double" size="1 1">102.429871875</data>
    </avgInt>
    <medHueCells idx="1" type="struct" size="1 1">
      <data idx="1" type="double" size="1 9">10 15 10 52 38 21 51 24 16</data>
    </medHueCells>
    <avgSatCells idx="1" type="struct" size="1 1">
      <data idx="1" type="double" size="1 9">72.93257128536422 68.48855535754063 104.792643923241 51.65718979728226 65.59216974827353 79.88452474469763 51.36370777690494 87.3729940522949 92.64229181977498</data>
    </avgSatCells>
    <avgIntCells idx="1" type="struct" size="1 1">
      <data idx="1" type="double" size="1 9">94.40061817776787 95.64733236801077 81.459867018292 124.2052517264424 110.4869402985075 92.82730613848055 128.3297749971945 102.5169313208393 91.84969472553568</data>
    </avgIntCells>
    <cornerRatioGrid idx="1" type="struct" size="1 1">
      <data idx="1" type="double" size="1 9">53 157 163 18 61 132 4 46 40</data>
    </cornerRatioGrid>
    <avgR idx="1" type="struct" size="1 1">
      <data idx="1" type="double" size="1 1">98.62395781250005</data>
    </avgR>
    <avgG idx="1" type="struct" size="1 1">
      <data idx="1" type="double" size="1 1">90.78306718750004</data>
    </avgG>
    <avgB idx="1" type="struct" size="1 1">
      <data idx="1" type="double" size="1 1">79.79225156250004</data>
    </avgB>
    <avgRCells idx="1" type="struct" size="1 1">
      <data idx="1" type="double" size="1 9">92.833286923591 93.69563098685673 81.39619571316341 113.9443361550458 103.1208648919582 92.55693805409041 120.1849119066323 98.64576085736725 91.11826558878404</data>
    </avgRCells>
    <avgGCells idx="1" type="struct" size="1 1">
      <data idx="1" type="double" size="1 9">78.61937513922923 82.47559311650707 59.66440354617892 119.7269854087771 103.5224994430831 82.32639434406914 123.0770536415667 90.34694478734151 77.14205155746512</data>
    </avgGCells>
    <avgBCells idx="1" type="struct" size="1 1">
      <data idx="1" type="double" size="1 9">72.43915682780127 74.52170583648919 49.5395999326675 109.0972098462909 91.40650757406996 66.79427112557511 112.4254292447537 79.0926803950174 62.58332862230764</data>
    </avgBCells>
  </features>
</root>
