<?xml version="1.0"?>
<!-- Written on 15-Jun-2010 21:44:03 using the XML Toolbox for Matlab -->
<root xml_tb_version="3.1" idx="1" type="struct" size="1 1">
  <filename idx="1" type="char" size="1 41">A_Mess_in_a_Dress_by_hybridinsurgency.jpg</filename>
  <features idx="1" type="struct" size="1 1">
    <numFaces idx="1" type="struct" size="1 1">
      <data idx="1" type="double" size="1 1">0</data>
    </numFaces>
    <cornerRatio idx="1" type="struct" size="1 1">
      <data idx="1" type="double" size="1 1">0.000249088159416422</data>
    </cornerRatio>
    <edgeRatio idx="1" type="struct" size="1 1">
      <data idx="1" type="double" size="1 1">0.04055688995640958</data>
    </edgeRatio>
    <gridEdgeRatio idx="1" type="struct" size="1 1">
      <data idx="1" type="double" size="1 9">0.02876104432068957 0.09125457109395534 0.03019984012789769 0.03762836906554483 0.06641331453109939 0.009064748201438837 0.03402726323924252 0.04124540898842378 0.02618705035971223</data>
    </gridEdgeRatio>
    <medianHue idx="1" type="struct" size="1 1">
      <data idx="1" type="double" size="1 1">0</data>
    </medianHue>
    <avgSat idx="1" type="struct" size="1 1">
      <data idx="1" type="double" size="1 1">42.97640423449874</data>
    </avgSat>
    <avgInt idx="1" type="struct" size="1 1">
      <data idx="1" type="double" size="1 1">232.1457735076955</data>
    </avgInt>
    <medHueCells idx="1" type="struct" size="1 1">
      <data idx="1" type="double" size="1 9">0 0 14 18 59 55 0 0 0</data>
    </medHueCells>
    <avgSatCells idx="1" type="struct" size="1 1">
      <data idx="1" type="double" size="1 9">4.399427965932902 32.91492785837774 40.10312547304347 63.84228431208523 88.61407618091572 113.7748193471801 11.87520383693044 12.07744204636291 19.43247002398081</data>
    </avgSatCells>
    <avgIntCells idx="1" type="struct" size="1 1">
      <data idx="1" type="double" size="1 9">245.030593465427 232.8547129074148 241.0816303767616 209.189169594557 213.8898316562697 213.0113530438108 243.2203756994406 249.2500559552359 241.8438529176659</data>
    </avgIntCells>
    <cornerRatioGrid idx="1" type="struct" size="1 1">
      <data idx="1" type="double" size="1 9">50 76 40 27 34 2 12 20 19</data>
    </cornerRatioGrid>
    <avgR idx="1" type="struct" size="1 1">
      <data idx="1" type="double" size="1 1">225.3798532159063</data>
    </avgR>
    <avgG idx="1" type="struct" size="1 1">
      <data idx="1" type="double" size="1 1">214.5579521394895</data>
    </avgG>
    <avgB idx="1" type="struct" size="1 1">
      <data idx="1" type="double" size="1 1">203.9681674228273</data>
    </avgB>
    <avgRCells idx="1" type="struct" size="1 1">
      <data idx="1" type="double" size="1 9">243.3547089238906 225.8898475903663 238.552371391923 201.0219890532757 198.7275986519755 190.7293673366955 240.9494564348522 248.4030375699441 240.8371063149481</data>
    </avgRCells>
    <avgGCells idx="1" type="struct" size="1 1">
      <data idx="1" type="double" size="1 9">242.1235450178065 221.554881012134 229.5450337404496 179.1399412031837 170.3963606523419 170.0252475760255 241.4348441247005 243.3618385291767 233.2023261390887</data>
    </avgGCells>
    <avgBCells idx="1" type="struct" size="1 1">
      <data idx="1" type="double" size="1 9">244.7986806568034 213.5954173538246 210.6763466303369 168.8664165013504 160.6477767951752 132.4508791637785 234.4920783373302 239.3710471622702 230.6554676258992</data>
    </avgBCells>
  </features>
</root>
