<?xml version="1.0"?>
<!-- Written on 15-Jun-2010 21:47:14 using the XML Toolbox for Matlab -->
<root xml_tb_version="3.1" idx="1" type="struct" size="1 1">
  <filename idx="1" type="char" size="1 35">a_place_to_return_to_by_Skarbog.jpg</filename>
  <features idx="1" type="struct" size="1 1">
    <numFaces idx="1" type="struct" size="1 1">
      <data idx="1" type="double" size="1 1">0</data>
    </numFaces>
    <cornerRatio idx="1" type="struct" size="1 1">
      <data idx="1" type="double" size="1 1">0.0007136445242369838</data>
    </cornerRatio>
    <edgeRatio idx="1" type="struct" size="1 1">
      <data idx="1" type="double" size="1 1">0.130754039497307</data>
    </edgeRatio>
    <gridEdgeRatio idx="1" type="struct" size="1 1">
      <data idx="1" type="double" size="1 9">0.08264825604597337 0.06049964083326681 0.01704046611860487 0.1682496607869742 0.1714821613855854 0.07243195785776986 0.2391286809197256 0.2196853569987898 0.1477208551835418</data>
    </gridEdgeRatio>
    <medianHue idx="1" type="struct" size="1 1">
      <data idx="1" type="double" size="1 1">98</data>
    </medianHue>
    <avgSat idx="1" type="struct" size="1 1">
      <data idx="1" type="double" size="1 1">68.78163824057451</data>
    </avgSat>
    <avgInt idx="1" type="struct" size="1 1">
      <data idx="1" type="double" size="1 1">177.2349281867147</data>
    </avgInt>
    <medHueCells idx="1" type="struct" size="1 1">
      <data idx="1" type="double" size="1 9">100 101 43 99 92 28 99 95 38</data>
    </medHueCells>
    <avgSatCells idx="1" type="struct" size="1 1">
      <data idx="1" type="double" size="1 9">54.72340170803734 68.84148774842369 131.8159338442921 51.36184052997046 49.72902865352386 106.5988705123033 62.68509058983159 31.29806848112379 61.84449374747881</data>
    </avgSatCells>
    <avgIntCells idx="1" type="struct" size="1 1">
      <data idx="1" type="double" size="1 9">184.9723441615452 125.6409529890654 112.5554659136749 224.1182456700454 155.4605315667651 148.5818071803147 243.8519434911006 209.0525181578737 190.0423961274708</data>
    </avgIntCells>
    <cornerRatioGrid idx="1" type="struct" size="1 1">
      <data idx="1" type="double" size="1 9">24 9 3 28 23 16 13 23 20</data>
    </cornerRatioGrid>
    <avgR idx="1" type="struct" size="1 1">
      <data idx="1" type="double" size="1 1">147.7720377019749</data>
    </avgR>
    <avgG idx="1" type="struct" size="1 1">
      <data idx="1" type="double" size="1 1">160.2390664272891</data>
    </avgG>
    <avgB idx="1" type="struct" size="1 1">
      <data idx="1" type="double" size="1 1">163.8789901256733</data>
    </avgB>
    <avgRCells idx="1" type="struct" size="1 1">
      <data idx="1" type="double" size="1 9">145.4005507223243 99.93064091308162 82.78410649455424 179.627983079256 136.1873653124751 133.027672448568 183.5894325165617 190.1692074387422 179.3091972569584</data>
    </avgRCells>
    <avgGCells idx="1" type="struct" size="1 1">
      <data idx="1" type="double" size="1 9">169.2671402346556 109.0316066725197 85.01327148043563 208.4473621198819 145.0575863995531 123.8186365469947 225.3117567243994 203.9047809082928 171.3692617991125</data>
    </avgGCells>
    <avgBCells idx="1" type="struct" size="1 1">
      <data idx="1" type="double" size="1 9">183.2281107829834 120.3912922020912 87.51266639774103 223.1335302099129 149.8435230265783 106.3520371117386 243.7530130098172 202.932556468992 156.3608309802339</data>
    </avgBCells>
  </features>
</root>
