<?xml version="1.0"?>
<!-- Written on 15-Jun-2010 21:47:14 using the XML Toolbox for Matlab -->
<root xml_tb_version="3.1" idx="1" type="struct" size="1 1">
  <filename idx="1" type="char" size="1 38">a_step_forward___poster_by_iakobos.jpg</filename>
  <features idx="1" type="struct" size="1 1">
    <numFaces idx="1" type="struct" size="1 1">
      <data idx="1" type="double" size="1 1">2</data>
    </numFaces>
    <cornerRatio idx="1" type="struct" size="1 1">
      <data idx="1" type="double" size="1 1">0.0007400793650793651</data>
    </cornerRatio>
    <edgeRatio idx="1" type="struct" size="1 1">
      <data idx="1" type="double" size="1 1">0.07815674603174604</data>
    </edgeRatio>
    <gridEdgeRatio idx="1" type="struct" size="1 1">
      <data idx="1" type="double" size="1 9">0.0877640268408846 0.137444450346134 0.08380782918149465 0.0319930596129672 0.09229652449496292 0.03322064056939501 0.06361051883439948 0.09808102345415778 0.07560714285714282</data>
    </gridEdgeRatio>
    <medianHue idx="1" type="struct" size="1 1">
      <data idx="1" type="double" size="1 1">118</data>
    </medianHue>
    <avgSat idx="1" type="struct" size="1 1">
      <data idx="1" type="double" size="1 1">128.3164920634921</data>
    </avgSat>
    <avgInt idx="1" type="struct" size="1 1">
      <data idx="1" type="double" size="1 1">71.33500595238091</data>
    </avgInt>
    <medHueCells idx="1" type="struct" size="1 1">
      <data idx="1" type="double" size="1 9">104 118 120 105 117 120 104 118 120</data>
    </medHueCells>
    <avgSatCells idx="1" type="struct" size="1 1">
      <data idx="1" type="double" size="1 9">157.4697508896797 138.0227156034773 91.84088486140723 145.5303376356651 139.0409695295763 94.10394456289977 159.4413879003558 137.6345729537367 91.8020535714286</data>
    </avgSatCells>
    <avgIntCells idx="1" type="struct" size="1 1">
      <data idx="1" type="double" size="1 9">101.109151750146 59.68732848214445 52.21298862828714 105.7266691453763 67.3108833058905 43.12953091684436 99.4548220640569 59.98080071174377 52.40310714285715</data>
    </avgIntCells>
    <cornerRatioGrid idx="1" type="struct" size="1 1">
      <data idx="1" type="double" size="1 9">56 118 55 16 46 16 6 52 8</data>
    </cornerRatioGrid>
    <avgR idx="1" type="struct" size="1 1">
      <data idx="1" type="double" size="1 1">51.96440873015874</data>
    </avgR>
    <avgG idx="1" type="struct" size="1 1">
      <data idx="1" type="double" size="1 1">54.11022817460317</data>
    </avgG>
    <avgB idx="1" type="struct" size="1 1">
      <data idx="1" type="double" size="1 1">65.48125198412697</data>
    </avgB>
    <avgRCells idx="1" type="struct" size="1 1">
      <data idx="1" type="double" size="1 9">67.08634762132397 40.72944884120322 44.17364960909739 78.7291124448929 51.33970715815939 34.998276474769 64.40400355871886 41.05382562277578 44.44142857142856</data>
    </avgRCells>
    <avgGCells idx="1" type="struct" size="1 1">
      <data idx="1" type="double" size="1 9">77.44947858571908 41.05734671836547 42.68592750533049 82.7639914307466 48.01127812892832 33.44722814498935 76.36448398576509 41.38861209964414 42.88871428571426</data>
    </avgGCells>
    <avgBCells idx="1" type="struct" size="1 1">
      <data idx="1" type="double" size="1 9">92.40498574741946 58.45859669623415 48.53871712864251 93.47973654857388 56.91414812060695 39.43821961620469 91.56298932384341 58.79905693950175 48.66833928571428</data>
    </avgBCells>
  </features>
</root>
