<?xml version="1.0"?>
<!-- Written on 15-Jun-2010 21:44:04 using the XML Toolbox for Matlab -->
<root xml_tb_version="3.1" idx="1" type="struct" size="1 1">
  <filename idx="1" type="char" size="1 40">Acanthostega_diorama_by_Mallimaakari.jpg</filename>
  <features idx="1" type="struct" size="1 1">
    <numFaces idx="1" type="struct" size="1 1">
      <data idx="1" type="double" size="1 1">0</data>
    </numFaces>
    <cornerRatio idx="1" type="struct" size="1 1">
      <data idx="1" type="double" size="1 1">0.0005888888888888889</data>
    </cornerRatio>
    <edgeRatio idx="1" type="struct" size="1 1">
      <data idx="1" type="double" size="1 1">0.1075444444444444</data>
    </edgeRatio>
    <gridEdgeRatio idx="1" type="struct" size="1 1">
      <data idx="1" type="double" size="1 9">0.04889459984843996 0.07235346446575075 0.03990066225165562 0.1744258838259035 0.09587822477018858 0.05056291390728473 0.08454394693200665 0.2819568822553897 0.1204999999999999</data>
    </gridEdgeRatio>
    <medianHue idx="1" type="struct" size="1 1">
      <data idx="1" type="double" size="1 1">36</data>
    </medianHue>
    <avgSat idx="1" type="struct" size="1 1">
      <data idx="1" type="double" size="1 1">35.4009777777778</data>
    </avgSat>
    <avgInt idx="1" type="struct" size="1 1">
      <data idx="1" type="double" size="1 1">107.9427666666667</data>
    </avgInt>
    <medHueCells idx="1" type="struct" size="1 1">
      <data idx="1" type="double" size="1 9">70 35 35 66 30 30 66 35 33</data>
    </medHueCells>
    <avgSatCells idx="1" type="struct" size="1 1">
      <data idx="1" type="double" size="1 9">10.35273961319232 55.2867780303779 32.15310116086236 8.550097196138514 40.49372343580114 70.01230514096189 9.774437086092714 31.40076158940396 61.30933333333331</data>
    </avgSatCells>
    <avgIntCells idx="1" type="struct" size="1 1">
      <data idx="1" type="double" size="1 9">178.781193370894 117.0501466179039 107.8525041459369 156.7103225593885 72.08717999406934 84.39910447761193 145.1687086092716 58.05592715231791 50.0642</data>
    </avgIntCells>
    <cornerRatioGrid idx="1" type="struct" size="1 1">
      <data idx="1" type="double" size="1 9">4 9 4 36 21 8 9 61 7</data>
    </cornerRatioGrid>
    <avgR idx="1" type="struct" size="1 1">
      <data idx="1" type="double" size="1 1">105.2255407407407</data>
    </avgR>
    <avgG idx="1" type="struct" size="1 1">
      <data idx="1" type="double" size="1 1">106.9359666666668</data>
    </avgG>
    <avgB idx="1" type="struct" size="1 1">
      <data idx="1" type="double" size="1 1">96.8581037037037</data>
    </avgB>
    <avgRCells idx="1" type="struct" size="1 1">
      <data idx="1" type="double" size="1 9">172.4253237125629 113.9944318144377 105.5919734660034 152.925999143356 71.30101149879737 83.07525704809285 140.9175165562913 56.91430463576155 48.64789999999999</data>
    </avgRCells>
    <avgGCells idx="1" type="struct" size="1 1">
      <data idx="1" type="double" size="1 9">178.7123982735331 115.6531909986492 106.6420232172471 156.566439326546 71.05749398701855 82.27638474295192 145.1484768211921 57.57592715231785 47.44140000000003</data>
    </avgGCells>
    <avgBCells idx="1" type="struct" size="1 1">
      <data idx="1" type="double" size="1 9">174.4829494909557 95.62090211195681 99.43041459369823 152.9867879147311 59.5574445652532 60.25784411276948 140.7329470198674 51.68552980132453 35.4185</data>
    </avgBCells>
  </features>
</root>
