<?xml version="1.0"?>
<!-- Written on 15-Jun-2010 21:44:04 using the XML Toolbox for Matlab -->
<root xml_tb_version="3.1" idx="1" type="struct" size="1 1">
  <filename idx="1" type="char" size="1 35">Adelie_penguins_by_Mallimaakari.jpg</filename>
  <features idx="1" type="struct" size="1 1">
    <numFaces idx="1" type="struct" size="1 1">
      <data idx="1" type="double" size="1 1">0</data>
    </numFaces>
    <cornerRatio idx="1" type="struct" size="1 1">
      <data idx="1" type="double" size="1 1">0.0001020576131687243</data>
    </cornerRatio>
    <edgeRatio idx="1" type="struct" size="1 1">
      <data idx="1" type="double" size="1 1">0.0383604938271605</data>
    </edgeRatio>
    <gridEdgeRatio idx="1" type="struct" size="1 1">
      <data idx="1" type="double" size="1 9">0.0501425925381472 0.05199482550789404 0.01952802359882003 0.05985946549848587 0.06631288036927054 0.03716814159292024 0.007973421926910296 0.03052048726467329 0.02158518518518518</data>
    </gridEdgeRatio>
    <medianHue idx="1" type="struct" size="1 1">
      <data idx="1" type="double" size="1 1">86</data>
    </medianHue>
    <avgSat idx="1" type="struct" size="1 1">
      <data idx="1" type="double" size="1 1">69.3709860082304</data>
    </avgSat>
    <avgInt idx="1" type="struct" size="1 1">
      <data idx="1" type="double" size="1 1">120.4626567901235</data>
    </avgInt>
    <medHueCells idx="1" type="struct" size="1 1">
      <data idx="1" type="double" size="1 9">87 97 98 74 24 98 40 34 97</data>
    </medHueCells>
    <avgSatCells idx="1" type="struct" size="1 1">
      <data idx="1" type="double" size="1 9">60.29387293093817 111.0156263781496 175.5551125876707 28.99467850527739 23.36544850498339 159.9721963824289 21.01194690265486 17.5772713864307 26.62469629629625</data>
    </avgSatCells>
    <avgIntCells idx="1" type="struct" size="1 1">
      <data idx="1" type="double" size="1 9">134.3954223385176 140.0291947196661 98.07893687707643 137.5989180607415 107.1320230500103 75.21049833887051 118.4543067846608 114.8450589970502 158.5962814814816</data>
    </avgIntCells>
    <cornerRatioGrid idx="1" type="struct" size="1 1">
      <data idx="1" type="double" size="1 9">4 7 1 9 17 17 1 1 5</data>
    </cornerRatioGrid>
    <avgR idx="1" type="struct" size="1 1">
      <data idx="1" type="double" size="1 1">93.07688230452678</data>
    </avgR>
    <avgG idx="1" type="struct" size="1 1">
      <data idx="1" type="double" size="1 1">113.8820065843623</data>
    </avgG>
    <avgB idx="1" type="struct" size="1 1">
      <data idx="1" type="double" size="1 1">117.3110255144035</data>
    </avgB>
    <avgRCells idx="1" type="struct" size="1 1">
      <data idx="1" type="double" size="1 9">102.6130891129863 76.30322229735688 30.74641565153189 122.405315614618 101.3789433451916 28.51032853451458 113.155412979351 110.7755309734513 151.9249925925926</data>
    </avgRCells>
    <avgGCells idx="1" type="struct" size="1 1">
      <data idx="1" type="double" size="1 9">133.5444829917972 123.6100608590833 78.51010705057219 137.5810719430806 105.3252432893306 61.46848283499451 116.6306194690265 113.1375073746313 155.2765629629628</data>
    </avgGCells>
    <avgBCells idx="1" type="struct" size="1 1">
      <data idx="1" type="double" size="1 9">131.2595625202129 139.2004968688443 98.07515688445925 130.9592949754505 103.0120248140416 74.91201181247696 111.2111504424779 110.795796460177 156.5690962962963</data>
    </avgBCells>
  </features>
</root>
