<?xml version="1.0"?>
<!-- Written on 15-Jun-2010 21:44:05 using the XML Toolbox for Matlab -->
<root xml_tb_version="3.1" idx="1" type="struct" size="1 1">
  <filename idx="1" type="char" size="1 28">Adriana_lima_by_Swezzels.jpg</filename>
  <features idx="1" type="struct" size="1 1">
    <numFaces idx="1" type="struct" size="1 1">
      <data idx="1" type="double" size="1 1">1</data>
    </numFaces>
    <cornerRatio idx="1" type="struct" size="1 1">
      <data idx="1" type="double" size="1 1">5.843147995982835e-05</data>
    </cornerRatio>
    <edgeRatio idx="1" type="struct" size="1 1">
      <data idx="1" type="double" size="1 1">0.03453209166438419</data>
    </edgeRatio>
    <gridEdgeRatio idx="1" type="struct" size="1 1">
      <data idx="1" type="double" size="1 9">0.06055980474585127 0.08377480470503743 0.0314004914004914 0.05198886594235425 0.007558751744798253 0.02782145782145781 0.006783971125056366 0.0192937123169682 0.02116872427983543</data>
    </gridEdgeRatio>
    <medianHue idx="1" type="struct" size="1 1">
      <data idx="1" type="double" size="1 1">115</data>
    </medianHue>
    <avgSat idx="1" type="struct" size="1 1">
      <data idx="1" type="double" size="1 1">144.2482680544145</data>
    </avgSat>
    <avgInt idx="1" type="struct" size="1 1">
      <data idx="1" type="double" size="1 1">93.77055692504331</data>
    </avgInt>
    <medHueCells idx="1" type="struct" size="1 1">
      <data idx="1" type="double" size="1 9">120 125 125 120 9 10 108 115 9</data>
    </medHueCells>
    <avgSatCells idx="1" type="struct" size="1 1">
      <data idx="1" type="double" size="1 9">142.4768870350266 209.6900748528656 231.8048070218613 139.3101210543071 103.61439754463 121.3008408186702 134.9205241605241 128.9987141687142 86.16767078189294</data>
    </avgSatCells>
    <avgIntCells idx="1" type="struct" size="1 1">
      <data idx="1" type="double" size="1 9">33.74763074763076 29.96238582285094 23.75475165087566 101.4465132604667 149.5091872301174 139.9458676838522 107.5465683865684 89.1638984438984 169.5425185185186</data>
    </avgIntCells>
    <cornerRatioGrid idx="1" type="struct" size="1 1">
      <data idx="1" type="double" size="1 9">5 5 6 0 0 0 2 6 40</data>
    </cornerRatioGrid>
    <avgR idx="1" type="struct" size="1 1">
      <data idx="1" type="double" size="1 1">89.59458961015244</data>
    </avgR>
    <avgG idx="1" type="struct" size="1 1">
      <data idx="1" type="double" size="1 1">63.25982196658455</data>
    </avgG>
    <avgB idx="1" type="struct" size="1 1">
      <data idx="1" type="double" size="1 1">65.5268255272528</data>
    </avgB>
    <avgRCells idx="1" type="struct" size="1 1">
      <data idx="1" type="double" size="1 9">25.88551674598187 23.2172937056658 14.38565276239695 98.5545315777874 149.2348110720203 139.6150527049751 101.8938493038493 85.78291564291564 168.5323703703704</data>
    </avgRCells>
    <avgGCells idx="1" type="struct" size="1 1">
      <data idx="1" type="double" size="1 9">18.38574122295053 12.55138890022611 13.40835076493991 66.97325050813421 108.5927824532475 97.25715106025184 70.19182637182644 53.46433251433251 129.0101399176955</data>
    </avgGCells>
    <avgBCells idx="1" type="struct" size="1 1">
      <data idx="1" type="double" size="1 9">31.81978988955734 27.74724709608433 23.54817275747506 72.02049678793865 102.0509521904871 86.84698740822769 71.93853398853402 56.11153972153971 117.9921975308642</data>
    </avgBCells>
  </features>
</root>
