<?xml version="1.0"?>
<!-- Written on 15-Jun-2010 21:47:14 using the XML Toolbox for Matlab -->
<root xml_tb_version="3.1" idx="1" type="struct" size="1 1">
  <filename idx="1" type="char" size="1 36">afa566c596b8cf085a222af04cf15693.jpg</filename>
  <features idx="1" type="struct" size="1 1">
    <numFaces idx="1" type="struct" size="1 1">
      <data idx="1" type="double" size="1 1">0</data>
    </numFaces>
    <cornerRatio idx="1" type="struct" size="1 1">
      <data idx="1" type="double" size="1 1">0.0001550925925925926</data>
    </cornerRatio>
    <edgeRatio idx="1" type="struct" size="1 1">
      <data idx="1" type="double" size="1 1">0.1003101851851852</data>
    </edgeRatio>
    <gridEdgeRatio idx="1" type="struct" size="1 1">
      <data idx="1" type="double" size="1 9">0.05186773315741734 0.094396800527748 0.04471393034825877 0.1569431846293395 0.1272779747670487 0.1678275290215588 0.06077348066298342 0.1282972624932497 0.07215956558061824</data>
    </gridEdgeRatio>
    <medianHue idx="1" type="struct" size="1 1">
      <data idx="1" type="double" size="1 1">0</data>
    </medianHue>
    <avgSat idx="1" type="struct" size="1 1">
      <data idx="1" type="double" size="1 1">0</data>
    </avgSat>
    <avgInt idx="1" type="struct" size="1 1">
      <data idx="1" type="double" size="1 1">110.3505763888889</data>
    </avgInt>
    <medHueCells idx="1" type="struct" size="1 1">
      <data idx="1" type="double" size="1 9">0 0 0 0 0 0 0 0 0</data>
    </medHueCells>
    <avgSatCells idx="1" type="struct" size="1 1">
      <data idx="1" type="double" size="1 9">0 0 0 0 0 0 0 0 0</data>
    </avgSatCells>
    <avgIntCells idx="1" type="struct" size="1 1">
      <data idx="1" type="double" size="1 9">91.58891316896187 150.7938690525274 81.48703942175878 102.7512369093758 164.2974560897171 95.24377933784739 88.7821102819237 136.3269071310116 82.14947786131995</data>
    </avgIntCells>
    <cornerRatioGrid idx="1" type="struct" size="1 1">
      <data idx="1" type="double" size="1 9">2 16 1 2 19 8 5 9 5</data>
    </cornerRatioGrid>
    <avgR idx="1" type="struct" size="1 1">
      <data idx="1" type="double" size="1 1">110.3505763888889</data>
    </avgR>
    <avgG idx="1" type="struct" size="1 1">
      <data idx="1" type="double" size="1 1">110.3505763888889</data>
    </avgG>
    <avgB idx="1" type="struct" size="1 1">
      <data idx="1" type="double" size="1 1">110.3505763888889</data>
    </avgB>
    <avgRCells idx="1" type="struct" size="1 1">
      <data idx="1" type="double" size="1 9">91.58891316896187 150.7938690525274 81.48703942175878 102.7512369093758 164.2974560897171 95.24377933784739 88.7821102819237 136.3269071310116 82.14947786131995</data>
    </avgRCells>
    <avgGCells idx="1" type="struct" size="1 1">
      <data idx="1" type="double" size="1 9">91.58891316896187 150.7938690525274 81.48703942175878 102.7512369093758 164.2974560897171 95.24377933784739 88.7821102819237 136.3269071310116 82.14947786131995</data>
    </avgGCells>
    <avgBCells idx="1" type="struct" size="1 1">
      <data idx="1" type="double" size="1 9">91.58891316896187 150.7938690525274 81.48703942175878 102.7512369093758 164.2974560897171 95.24377933784739 88.7821102819237 136.3269071310116 82.14947786131995</data>
    </avgBCells>
  </features>
</root>
