<?xml version="1.0"?>
<!-- Written on 15-Jun-2010 21:47:15 using the XML Toolbox for Matlab -->
<root xml_tb_version="3.1" idx="1" type="struct" size="1 1">
  <filename idx="1" type="char" size="1 44">again__madara_and_izuna_by_Kitsunebaka91.jpg</filename>
  <features idx="1" type="struct" size="1 1">
    <numFaces idx="1" type="struct" size="1 1">
      <data idx="1" type="double" size="1 1">1</data>
    </numFaces>
    <cornerRatio idx="1" type="struct" size="1 1">
      <data idx="1" type="double" size="1 1">0.000470307758994365</data>
    </cornerRatio>
    <edgeRatio idx="1" type="struct" size="1 1">
      <data idx="1" type="double" size="1 1">0.1020351105331599</data>
    </edgeRatio>
    <gridEdgeRatio idx="1" type="struct" size="1 1">
      <data idx="1" type="double" size="1 9">0.0238109065567106 0.106548967226126 0.07704280155642011 0.0566428557601099 0.188957934065083 0.09597276264591414 0.07708539016977353 0.216175929690071 0.07889105058365747</data>
    </gridEdgeRatio>
    <medianHue idx="1" type="struct" size="1 1">
      <data idx="1" type="double" size="1 1">5</data>
    </medianHue>
    <avgSat idx="1" type="struct" size="1 1">
      <data idx="1" type="double" size="1 1">63.71481577806676</data>
    </avgSat>
    <avgInt idx="1" type="struct" size="1 1">
      <data idx="1" type="double" size="1 1">156.6785002167317</data>
    </avgInt>
    <medHueCells idx="1" type="struct" size="1 1">
      <data idx="1" type="double" size="1 9">0 0 0 8 9 10 0 6 0</data>
    </medHueCells>
    <avgSatCells idx="1" type="struct" size="1 1">
      <data idx="1" type="double" size="1 9">26.82892928354336 41.08631937588324 52.88375244400569 97.09100412335209 87.34471610817512 69.45360744913567 34.79612840466925 107.9062062256809 57.38387159533073</data>
    </avgSatCells>
    <avgIntCells idx="1" type="struct" size="1 1">
      <data idx="1" type="double" size="1 9">217.8788547534702 197.3614805350678 176.2347600518806 95.6400875002419 108.5808699692201 125.8127843273903 183.2551556420234 125.0505836575876 178.7430544747082</data>
    </avgIntCells>
    <cornerRatioGrid idx="1" type="struct" size="1 1">
      <data idx="1" type="double" size="1 9">7 9 12 21 52 45 21 18 32</data>
    </cornerRatioGrid>
    <avgR idx="1" type="struct" size="1 1">
      <data idx="1" type="double" size="1 1">155.9749306458606</data>
    </avgR>
    <avgG idx="1" type="struct" size="1 1">
      <data idx="1" type="double" size="1 1">147.1801517121804</data>
    </avgG>
    <avgB idx="1" type="struct" size="1 1">
      <data idx="1" type="double" size="1 1">144.5389661898571</data>
    </avgB>
    <avgRCells idx="1" type="struct" size="1 1">
      <data idx="1" type="double" size="1 9">217.6976789205723 197.1996244458641 176.0210426466888 93.32435100760794 107.6534061211452 125.7890121377548 181.401186770428 124.4420817120623 178.6782490272374</data>
    </avgRCells>
    <avgGCells idx="1" type="struct" size="1 1">
      <data idx="1" type="double" size="1 9">214.9379561337283 191.6549160810732 169.6952591129953 84.52809880558299 90.54710881390713 109.4691910099309 177.9637354085604 111.8422178988327 172.2458754863814</data>
    </avgGCells>
    <avgBCells idx="1" type="struct" size="1 1">
      <data idx="1" type="double" size="1 9">214.0641732969396 189.7651044388951 167.475424434249 84.28305941111563 85.41533577249936 101.616896064425 178.3503307392996 108.2587743190662 169.8418482490272</data>
    </avgBCells>
  </features>
</root>
