<?xml version="1.0"?>
<!-- Written on 15-Jun-2010 21:44:05 using the XML Toolbox for Matlab -->
<root xml_tb_version="3.1" idx="1" type="struct" size="1 1">
  <filename idx="1" type="char" size="1 50">Ai_demon_affect_ref__sheet_by_hybridinsurgency.jpg</filename>
  <features idx="1" type="struct" size="1 1">
    <numFaces idx="1" type="struct" size="1 1">
      <data idx="1" type="double" size="1 1">2</data>
    </numFaces>
    <cornerRatio idx="1" type="struct" size="1 1">
      <data idx="1" type="double" size="1 1">0.001063427800269906</data>
    </cornerRatio>
    <edgeRatio idx="1" type="struct" size="1 1">
      <data idx="1" type="double" size="1 1">0.08273054430949167</data>
    </edgeRatio>
    <gridEdgeRatio idx="1" type="struct" size="1 1">
      <data idx="1" type="double" size="1 9">0.05334116303202397 0.08982970405347791 0.08171912832929776 0.09140636940625672 0.121017110036762 0.04651331719128327 0.04492729021671475 0.106255708869866 0.1107542579075426</data>
    </gridEdgeRatio>
    <medianHue idx="1" type="struct" size="1 1">
      <data idx="1" type="double" size="1 1">0</data>
    </medianHue>
    <avgSat idx="1" type="struct" size="1 1">
      <data idx="1" type="double" size="1 1">39.89069365721989</data>
    </avgSat>
    <avgInt idx="1" type="struct" size="1 1">
      <data idx="1" type="double" size="1 1">235.3621223571751</data>
    </avgInt>
    <medHueCells idx="1" type="struct" size="1 1">
      <data idx="1" type="double" size="1 9">0 0 0 0 14 12 0 0 0</data>
    </medHueCells>
    <avgSatCells idx="1" type="struct" size="1 1">
      <data idx="1" type="double" size="1 9">0.1014133678698124 19.51397681658395 20.84228564961887 65.66569867994498 66.02238703916719 94.09867352135225 36.90448748991121 22.70263115415657 33.92891321978914</data>
    </avgSatCells>
    <avgIntCells idx="1" type="struct" size="1 1">
      <data idx="1" type="double" size="1 9">248.5515835029321 238.0991288119505 241.6332904915487 228.5073403425227 213.8567326023828 230.3664912578509 229.2925100887813 244.7203551251012 243.178807785888</data>
    </avgIntCells>
    <cornerRatioGrid idx="1" type="struct" size="1 1">
      <data idx="1" type="double" size="1 9">163 70 120 169 111 143 66 140 200</data>
    </cornerRatioGrid>
    <avgR idx="1" type="struct" size="1 1">
      <data idx="1" type="double" size="1 1">235.0888061178587</data>
    </avgR>
    <avgG idx="1" type="struct" size="1 1">
      <data idx="1" type="double" size="1 1">219.0282231219074</data>
    </avgG>
    <avgB idx="1" type="struct" size="1 1">
      <data idx="1" type="double" size="1 1">203.5302537112009</data>
    </avgB>
    <avgRCells idx="1" type="struct" size="1 1">
      <data idx="1" type="double" size="1 9">248.4810679494502 237.7515143227176 241.3680755955414 228.2827540160723 212.917257245823 230.0902021647228 229.2215334947537 244.6616787732042 242.9806812652066</data>
    </avgRCells>
    <avgGCells idx="1" type="struct" size="1 1">
      <data idx="1" type="double" size="1 9">248.5444563320008 231.0942057548284 234.1426873923906 199.9500937150579 187.4696451698535 190.148547825173 215.467602905569 234.2566908797418 229.8196918085969</data>
    </avgGCells>
    <avgBCells idx="1" type="struct" size="1 1">
      <data idx="1" type="double" size="1 9">248.5126173449277 224.2443509528368 227.4699420423404 180.1326812159629 157.2053365295666 150.2909361334078 206.4231315577078 225.121138014528 211.693487429035</data>
    </avgBCells>
  </features>
</root>
