<?xml version="1.0"?>
<!-- Written on 15-Jun-2010 21:44:06 using the XML Toolbox for Matlab -->
<root xml_tb_version="3.1" idx="1" type="struct" size="1 1">
  <filename idx="1" type="char" size="1 48">Aion___the_Downcycle_pg4_by_hybridinsurgency.jpg</filename>
  <features idx="1" type="struct" size="1 1">
    <numFaces idx="1" type="struct" size="1 1">
      <data idx="1" type="double" size="1 1">0</data>
    </numFaces>
    <cornerRatio idx="1" type="struct" size="1 1">
      <data idx="1" type="double" size="1 1">0.003271355429803288</data>
    </cornerRatio>
    <edgeRatio idx="1" type="struct" size="1 1">
      <data idx="1" type="double" size="1 1">0.2654046528339172</data>
    </edgeRatio>
    <gridEdgeRatio idx="1" type="struct" size="1 1">
      <data idx="1" type="double" size="1 9">0.2616701390844079 0.2293243667194903 0.1897740112994351 0.3427477415877663 0.2761175420108918 0.2336158192090396 0.2893020038129557 0.2843869909019974 0.2810008071025019</data>
    </gridEdgeRatio>
    <medianHue idx="1" type="struct" size="1 1">
      <data idx="1" type="double" size="1 1">0</data>
    </medianHue>
    <avgSat idx="1" type="struct" size="1 1">
      <data idx="1" type="double" size="1 1">2.529580526363064</data>
    </avgSat>
    <avgInt idx="1" type="struct" size="1 1">
      <data idx="1" type="double" size="1 1">203.3918422707268</data>
    </avgInt>
    <medHueCells idx="1" type="struct" size="1 1">
      <data idx="1" type="double" size="1 9">0 0 0 0 0 0 0 0 0</data>
    </medHueCells>
    <avgSatCells idx="1" type="struct" size="1 1">
      <data idx="1" type="double" size="1 9">2.680427630255888 3.32237175516639 2.389275457916711 1.634318212898089 2.29242315767458 2.163474455608021 2.337812752219534 4.381347861178367 1.574398708635997</data>
    </avgSatCells>
    <avgIntCells idx="1" type="struct" size="1 1">
      <data idx="1" type="double" size="1 9">208.8264863690844 183.6827121861751 190.4152180383388 220.7995945717665 208.5242653624318 199.741957800069 217.2725181598063 198.2484342211461 202.9834705407587</data>
    </avgIntCells>
    <cornerRatioGrid idx="1" type="struct" size="1 1">
      <data idx="1" type="double" size="1 9">389 298 278 601 368 312 504 494 398</data>
    </cornerRatioGrid>
    <avgR idx="1" type="struct" size="1 1">
      <data idx="1" type="double" size="1 1">202.2821548549356</data>
    </avgR>
    <avgG idx="1" type="struct" size="1 1">
      <data idx="1" type="double" size="1 1">203.281083265966</data>
    </avgG>
    <avgB idx="1" type="struct" size="1 1">
      <data idx="1" type="double" size="1 1">202.6913446510375</data>
    </avgB>
    <avgRCells idx="1" type="struct" size="1 1">
      <data idx="1" type="double" size="1 9">207.8786369888909 182.0420390466001 189.1261734492772 220.3762518803342 207.3403103456598 198.4906968699974 216.5785714285714 196.47599677159 202.1969330104922</data>
    </avgRCells>
    <avgGCells idx="1" type="struct" size="1 1">
      <data idx="1" type="double" size="1 9">208.7006185998246 183.5234609413337 190.3585304835376 220.7631623402219 208.4599840724622 199.6826478324873 217.1609604519774 197.9178611783697 202.9287732041968</data>
    </avgGCells>
    <avgBCells idx="1" type="struct" size="1 1">
      <data idx="1" type="double" size="1 9">207.5513823976575 183.1705372728515 189.9129053276809 219.7119448488896 208.1462598441032 199.1959569795597 216.1233494753836 197.899233252623 202.4853914447135</data>
    </avgBCells>
  </features>
</root>
