<?xml version="1.0"?>
<!-- Written on 15-Jun-2010 21:44:06 using the XML Toolbox for Matlab -->
<root xml_tb_version="3.1" idx="1" type="struct" size="1 1">
  <filename idx="1" type="char" size="1 48">Aion___the_Downcycle_pg1_by_hybridinsurgency.jpg</filename>
  <features idx="1" type="struct" size="1 1">
    <numFaces idx="1" type="struct" size="1 1">
      <data idx="1" type="double" size="1 1">0</data>
    </numFaces>
    <cornerRatio idx="1" type="struct" size="1 1">
      <data idx="1" type="double" size="1 1">0.003617785142225904</data>
    </cornerRatio>
    <edgeRatio idx="1" type="struct" size="1 1">
      <data idx="1" type="double" size="1 1">0.2886136426401547</data>
    </edgeRatio>
    <gridEdgeRatio idx="1" type="struct" size="1 1">
      <data idx="1" type="double" size="1 9">0.286192427227686 0.2806525807275992 0.242531017369727 0.2815346693816312 0.3206186161925095 0.2734160463192724 0.3003635524265684 0.3265706536524243 0.2861373035566584</data>
    </gridEdgeRatio>
    <medianHue idx="1" type="struct" size="1 1">
      <data idx="1" type="double" size="1 1">0</data>
    </medianHue>
    <avgSat idx="1" type="struct" size="1 1">
      <data idx="1" type="double" size="1 1">2.713496271748136</data>
    </avgSat>
    <avgInt idx="1" type="struct" size="1 1">
      <data idx="1" type="double" size="1 1">196.0822498389029</data>
    </avgInt>
    <medHueCells idx="1" type="struct" size="1 1">
      <data idx="1" type="double" size="1 9">0 75 30 0 75 0 0 0 0</data>
    </medHueCells>
    <avgSatCells idx="1" type="struct" size="1 1">
      <data idx="1" type="double" size="1 9">2.505494505494508 4.041697237496186 3.556531990140391 2.752207282589878 3.385571667642185 3.59351376305615 1.486989247311829 1.77616211745244 1.337096774193547</data>
    </avgSatCells>
    <avgIntCells idx="1" type="struct" size="1 1">
      <data idx="1" type="double" size="1 9">187.4986933546573 189.7863284502444 198.342283373041 193.2824250018548 187.4669134316546 187.4920488363849 205.0455583126551 204.5582795698924 211.1221339950372</data>
    </avgIntCells>
    <cornerRatioGrid idx="1" type="struct" size="1 1">
      <data idx="1" type="double" size="1 9">488 440 372 492 515 403 453 440 327</data>
    </cornerRatioGrid>
    <avgR idx="1" type="struct" size="1 1">
      <data idx="1" type="double" size="1 1">194.6355426677715</data>
    </avgR>
    <avgG idx="1" type="struct" size="1 1">
      <data idx="1" type="double" size="1 1">196.0175356715456</data>
    </avgG>
    <avgB idx="1" type="struct" size="1 1">
      <data idx="1" type="double" size="1 1">195.4701058639417</data>
    </avgB>
    <avgRCells idx="1" type="struct" size="1 1">
      <data idx="1" type="double" size="1 9">186.1285541165511 187.6648227991064 196.722397632375 191.7761308458983 185.6335457490747 185.4460400814489 204.2198593879239 203.5594540942928 210.4131265508685</data>
    </avgRCells>
    <avgGCells idx="1" type="struct" size="1 1">
      <data idx="1" type="double" size="1 9">187.4161974559574 189.715637700634 198.2836615747345 193.1733427862461 187.4009463904437 187.4430640627191 204.9797187758477 204.5096526054589 211.087675765095</data>
    </avgGCells>
    <avgBCells idx="1" type="struct" size="1 1">
      <data idx="1" type="double" size="1 9">186.902648739108 189.0672613208246 197.137770706413 192.6796616736603 186.8447853721671 186.7962375209187 204.7319272125724 204.1704880066172 210.756435070306</data>
    </avgBCells>
  </features>
</root>
