<?xml version="1.0"?>
<!-- Written on 15-Jun-2010 21:44:06 using the XML Toolbox for Matlab -->
<root xml_tb_version="3.1" idx="1" type="struct" size="1 1">
  <filename idx="1" type="char" size="1 48">Aion___the_Downcycle_pg3_by_hybridinsurgency.jpg</filename>
  <features idx="1" type="struct" size="1 1">
    <numFaces idx="1" type="struct" size="1 1">
      <data idx="1" type="double" size="1 1">1</data>
    </numFaces>
    <cornerRatio idx="1" type="struct" size="1 1">
      <data idx="1" type="double" size="1 1">0.002730313714853991</data>
    </cornerRatio>
    <edgeRatio idx="1" type="struct" size="1 1">
      <data idx="1" type="double" size="1 1">0.2482126390018985</data>
    </edgeRatio>
    <gridEdgeRatio idx="1" type="struct" size="1 1">
      <data idx="1" type="double" size="1 9">0.2334796420690156 0.2648915617851282 0.218961881589619 0.2522411103297201 0.2407708287864458 0.2386942416869424 0.2744640927958153 0.2809542762917413 0.2303096984515075</data>
    </gridEdgeRatio>
    <medianHue idx="1" type="struct" size="1 1">
      <data idx="1" type="double" size="1 1">0</data>
    </medianHue>
    <avgSat idx="1" type="struct" size="1 1">
      <data idx="1" type="double" size="1 1">2.427891691528797</data>
    </avgSat>
    <avgInt idx="1" type="struct" size="1 1">
      <data idx="1" type="double" size="1 1">209.2039200795586</data>
    </avgInt>
    <medHueCells idx="1" type="struct" size="1 1">
      <data idx="1" type="double" size="1 9">0 0 0 0 0 0 0 0 20</data>
    </medHueCells>
    <avgSatCells idx="1" type="struct" size="1 1">
      <data idx="1" type="double" size="1 9">2.122082919061362 1.436436533533799 2.196451924717122 2.472278132098198 2.449240568744897 4.004402602571708 1.813990267639903 1.957802108678021 3.450285248573757</data>
    </avgSatCells>
    <avgIntCells idx="1" type="struct" size="1 1">
      <data idx="1" type="double" size="1 9">209.7485348918042 211.145411483215 210.3078247731685 205.4350057795991 205.7322226802789 194.978433745705 221.8596593673965 212.8522708840227 210.2964303178483</data>
    </avgIntCells>
    <cornerRatioGrid idx="1" type="struct" size="1 1">
      <data idx="1" type="double" size="1 9">326 372 203 325 338 282 357 497 320</data>
    </cornerRatioGrid>
    <avgR idx="1" type="struct" size="1 1">
      <data idx="1" type="double" size="1 1">207.9612792695053</data>
    </avgR>
    <avgG idx="1" type="struct" size="1 1">
      <data idx="1" type="double" size="1 1">209.1433640719647</data>
    </avgG>
    <avgB idx="1" type="struct" size="1 1">
      <data idx="1" type="double" size="1 1">208.6609420486392</data>
    </avgB>
    <avgRCells idx="1" type="struct" size="1 1">
      <data idx="1" type="double" size="1 9">208.7982232784472 210.342944443097 209.0653404706397 204.14886307604 204.4226624956551 192.9828932084575 220.9161557177616 211.8002919708031 208.6702852485738</data>
    </avgRCells>
    <avgGCells idx="1" type="struct" size="1 1">
      <data idx="1" type="double" size="1 9">209.6942955759794 211.0815044741373 210.2595829711881 205.3856003104008 205.6415920977116 194.9335710630418 221.8095701540956 212.7612895377129 210.243488182559</data>
    </avgGCells>
    <avgBCells idx="1" type="struct" size="1 1">
      <data idx="1" type="double" size="1 9">209.0682558543702 210.8482026658907 209.7642901818713 204.9867513802327 205.3076282626445 194.2934391474221 221.5108596918084 212.4132603406327 209.2712550937246</data>
    </avgBCells>
  </features>
</root>
