<?xml version="1.0"?>
<!-- Written on 15-Jun-2010 21:44:06 using the XML Toolbox for Matlab -->
<root xml_tb_version="3.1" idx="1" type="struct" size="1 1">
  <filename idx="1" type="char" size="1 48">Aion___the_Downcycle_pg5_by_hybridinsurgency.jpg</filename>
  <features idx="1" type="struct" size="1 1">
    <numFaces idx="1" type="struct" size="1 1">
      <data idx="1" type="double" size="1 1">0</data>
    </numFaces>
    <cornerRatio idx="1" type="struct" size="1 1">
      <data idx="1" type="double" size="1 1">0.001532056619483764</data>
    </cornerRatio>
    <edgeRatio idx="1" type="struct" size="1 1">
      <data idx="1" type="double" size="1 1">0.1290156351188824</data>
    </edgeRatio>
    <gridEdgeRatio idx="1" type="struct" size="1 1">
      <data idx="1" type="double" size="1 9">0.2307271687889912 0.2028400758900095 0.1475727348295926 0.1162045053479257 0.1070827913604691 0.06079800498753102 0.112219451371571 0.1120371827905318 0.07147963424771384</data>
    </gridEdgeRatio>
    <medianHue idx="1" type="struct" size="1 1">
      <data idx="1" type="double" size="1 1">0</data>
    </medianHue>
    <avgSat idx="1" type="struct" size="1 1">
      <data idx="1" type="double" size="1 1">1.921858636321588</data>
    </avgSat>
    <avgInt idx="1" type="struct" size="1 1">
      <data idx="1" type="double" size="1 1">228.579897307799</data>
    </avgInt>
    <medHueCells idx="1" type="struct" size="1 1">
      <data idx="1" type="double" size="1 9">30 0 0 0 0 0 0 0 0</data>
    </medHueCells>
    <avgSatCells idx="1" type="struct" size="1 1">
      <data idx="1" type="double" size="1 9">4.232972386309975 1.60018558255524 2.419946810714079 3.031466185035748 1.239749463550426 2.695396061341663 1.927664172901079 0.006118038237738986 0.1297007481296757</data>
    </avgSatCells>
    <avgIntCells idx="1" type="struct" size="1 1">
      <data idx="1" type="double" size="1 9">204.4792089543583 230.8217081880017 224.3550509109286 220.4793000886488 231.5884623988202 222.9625603764675 236.3042061512885 243.6316209476309 242.7171737323357</data>
    </avgIntCells>
    <cornerRatioGrid idx="1" type="struct" size="1 1">
      <data idx="1" type="double" size="1 9">252 193 103 164 175 208 164 195 202</data>
    </cornerRatioGrid>
    <avgR idx="1" type="struct" size="1 1">
      <data idx="1" type="double" size="1 1">227.7283411971505</data>
    </avgR>
    <avgG idx="1" type="struct" size="1 1">
      <data idx="1" type="double" size="1 1">228.5581922472013</data>
    </avgG>
    <avgB idx="1" type="struct" size="1 1">
      <data idx="1" type="double" size="1 1">227.9444370432048</data>
    </avgB>
    <avgRCells idx="1" type="struct" size="1 1">
      <data idx="1" type="double" size="1 9">202.7091324844036 230.0197927109134 223.2122683324912 219.0457742686473 230.9614916197877 221.7082542812404 235.701255195345 243.6279634247713 242.6948960931005</data>
    </avgRCells>
    <avgGCells idx="1" type="struct" size="1 1">
      <data idx="1" type="double" size="1 9">204.4280826173769 230.803895576673 224.3422009759655 220.4353733606185 231.5716688345581 222.9514751327661 236.2626018287615 243.6316209476309 242.7170407315045</data>
    </avgGCells>
    <avgBCells idx="1" type="struct" size="1 1">
      <data idx="1" type="double" size="1 9">202.9323203618861 230.4956379814585 223.8891144232441 219.1714153155318 231.3511818460493 222.5448256435323 235.0123524522028 243.6300914380715 242.6015378221114</data>
    </avgBCells>
  </features>
</root>
