<?xml version="1.0"?>
<!-- Written on 15-Jun-2010 21:44:06 using the XML Toolbox for Matlab -->
<root xml_tb_version="3.1" idx="1" type="struct" size="1 1">
  <filename idx="1" type="char" size="1 30">Air_Babbles_by_nyctopterus.png</filename>
  <features idx="1" type="struct" size="1 1">
    <numFaces idx="1" type="struct" size="1 1">
      <data idx="1" type="double" size="1 1">0</data>
    </numFaces>
    <cornerRatio idx="1" type="struct" size="1 1">
      <data idx="1" type="double" size="1 1">0.000275</data>
    </cornerRatio>
    <edgeRatio idx="1" type="struct" size="1 1">
      <data idx="1" type="double" size="1 1">0.0227125</data>
    </edgeRatio>
    <gridEdgeRatio idx="1" type="struct" size="1 1">
      <data idx="1" type="double" size="1 9">0.008632212073958562 0.008743595455558048 0.0448318110937848 0.007908220093562039 0 0.05240588104254845 0.01743149922031632 0.01887948318110938 0.04460904433058588</data>
    </gridEdgeRatio>
    <medianHue idx="1" type="struct" size="1 1">
      <data idx="1" type="double" size="1 1">18</data>
    </medianHue>
    <avgSat idx="1" type="struct" size="1 1">
      <data idx="1" type="double" size="1 1">57.79389375000006</data>
    </avgSat>
    <avgInt idx="1" type="struct" size="1 1">
      <data idx="1" type="double" size="1 1">171.9307062499999</data>
    </avgInt>
    <medHueCells idx="1" type="struct" size="1 1">
      <data idx="1" type="double" size="1 9">17 18 18 17 17 18 18 18 19</data>
    </medHueCells>
    <avgSatCells idx="1" type="struct" size="1 1">
      <data idx="1" type="double" size="1 9">54.63070839830699 59.86149476498107 64.35742927155263 47.9431387836935 55.53018489641347 60.10737357986186 58.70990198262422 54.83415014479838 64.0370906660726</data>
    </avgSatCells>
    <avgIntCells idx="1" type="struct" size="1 1">
      <data idx="1" type="double" size="1 9">215.1632880374249 184.7654822900423 134.375696146135 227.5453887280018 200.9141791044776 140.937124081087 163.5204945422144 162.5070171530407 118.4413009578971</data>
    </avgIntCells>
    <cornerRatioGrid idx="1" type="struct" size="1 1">
      <data idx="1" type="double" size="1 9">0 0 8 0 0 21 0 0 15</data>
    </cornerRatioGrid>
    <avgR idx="1" type="struct" size="1 1">
      <data idx="1" type="double" size="1 1">171.9307062499999</data>
    </avgR>
    <avgG idx="1" type="struct" size="1 1">
      <data idx="1" type="double" size="1 1">156.549025</data>
    </avgG>
    <avgB idx="1" type="struct" size="1 1">
      <data idx="1" type="double" size="1 1">134.2551875</data>
    </avgB>
    <avgRCells idx="1" type="struct" size="1 1">
      <data idx="1" type="double" size="1 9">215.1632880374249 184.7654822900423 134.375696146135 227.5453887280018 200.9141791044776 140.937124081087 163.5204945422144 162.5070171530407 118.4413009578971</data>
    </avgRCells>
    <avgGCells idx="1" type="struct" size="1 1">
      <data idx="1" type="double" size="1 9">195.7923813766987 166.8094787257741 120.75696146135 209.7267208732457 182.6238026286478 127.5182111828915 149.1154488750279 149.9745488973045 107.3657273334818</data>
    </avgGCells>
    <avgBCells idx="1" type="struct" size="1 1">
      <data idx="1" type="double" size="1 9">168.9198039652482 141.2168077522834 100.3946313210069 184.8237357986188 157.4528848295835 108.1939184673646 127.5459456449098 130.6959790599243 89.755290710626</data>
    </avgBCells>
  </features>
</root>
