<?xml version="1.0"?>
<!-- Written on 15-Jun-2010 21:47:15 using the XML Toolbox for Matlab -->
<root xml_tb_version="3.1" idx="1" type="struct" size="1 1">
  <filename idx="1" type="char" size="1 28">akamaru_by_Kitsunebaka91.jpg</filename>
  <features idx="1" type="struct" size="1 1">
    <numFaces idx="1" type="struct" size="1 1">
      <data idx="1" type="double" size="1 1">1</data>
    </numFaces>
    <cornerRatio idx="1" type="struct" size="1 1">
      <data idx="1" type="double" size="1 1">0.0009256243213897937</data>
    </cornerRatio>
    <edgeRatio idx="1" type="struct" size="1 1">
      <data idx="1" type="double" size="1 1">0.0821498371335505</data>
    </edgeRatio>
    <gridEdgeRatio idx="1" type="struct" size="1 1">
      <data idx="1" type="double" size="1 9">0.04137081582379368 0.1080036709655608 0 0.04332705405013768 0.2263198570255518 0.01072815533980583 0.02358306506682275 0.1996634474685394 0.08813725490196082</data>
    </gridEdgeRatio>
    <medianHue idx="1" type="struct" size="1 1">
      <data idx="1" type="double" size="1 1">30</data>
    </medianHue>
    <avgSat idx="1" type="struct" size="1 1">
      <data idx="1" type="double" size="1 1">11.32532030401738</data>
    </avgSat>
    <avgInt idx="1" type="struct" size="1 1">
      <data idx="1" type="double" size="1 1">238.1936102062975</data>
    </avgInt>
    <medHueCells idx="1" type="struct" size="1 1">
      <data idx="1" type="double" size="1 9">30 30 75 30 12 16 75 75 50</data>
    </medHueCells>
    <avgSatCells idx="1" type="struct" size="1 1">
      <data idx="1" type="double" size="1 9">7.266893686905282 9.874583393711056 2.931274997561214 18.26312611698788 33.2580302371637 17.5581162813384 2.095752427184466 3.078932038834951 7.752769607843142</data>
    </avgSatCells>
    <avgIntCells idx="1" type="struct" size="1 1">
      <data idx="1" type="double" size="1 9">245.2018548036516 242.2649132975897 250.7549019607842 229.9972709269186 209.407960199005 220.6904692225149 253.9383495145631 251.8247572815531 239.2091911764703</data>
    </avgIntCells>
    <cornerRatioGrid idx="1" type="struct" size="1 1">
      <data idx="1" type="double" size="1 9">20 47 0 28 81 7 14 98 46</data>
    </cornerRatioGrid>
    <avgR idx="1" type="struct" size="1 1">
      <data idx="1" type="double" size="1 1">237.2384066232357</data>
    </avgR>
    <avgG idx="1" type="struct" size="1 1">
      <data idx="1" type="double" size="1 1">234.7026167209555</data>
    </avgG>
    <avgB idx="1" type="struct" size="1 1">
      <data idx="1" type="double" size="1 1">231.813227470141</data>
    </avgB>
    <avgRCells idx="1" type="struct" size="1 1">
      <data idx="1" type="double" size="1 9">244.5001932087137 241.5937786794184 249.2151985172179 229.1520794087812 209.3295657634159 220.2169544434689 252.5659223300971 250.1557766990291 237.9600980392157</data>
    </avgRCells>
    <avgGCells idx="1" type="struct" size="1 1">
      <data idx="1" type="double" size="1 9">243.336569579288 239.4998309423754 250.4519315188762 223.9812587547698 196.9661884751003 214.7491464247391 253.916359223301 251.5142475728154 237.405906862745</data>
    </avgGCells>
    <avgBCells idx="1" type="struct" size="1 1">
      <data idx="1" type="double" size="1 9">240.9178138434043 236.7540936096218 249.0658960101454 220.3984688209439 190.6500990194657 210.2341235001464 252.4386893203883 250.1332524271845 235.2204901960784</data>
    </avgBCells>
  </features>
</root>
