<?xml version="1.0"?>
<!-- Written on 15-Jun-2010 21:44:03 using the XML Toolbox for Matlab -->
<root xml_tb_version="3.1" idx="1" type="struct" size="1 1">
  <filename idx="1" type="char" size="1 33">ALDI_AND_SESA_III_by_sujawoto.jpg</filename>
  <features idx="1" type="struct" size="1 1">
    <numFaces idx="1" type="struct" size="1 1">
      <data idx="1" type="double" size="1 1">0</data>
    </numFaces>
    <cornerRatio idx="1" type="struct" size="1 1">
      <data idx="1" type="double" size="1 1">0.0002375809935205184</data>
    </cornerRatio>
    <edgeRatio idx="1" type="struct" size="1 1">
      <data idx="1" type="double" size="1 1">0.05409647228221742</data>
    </edgeRatio>
    <gridEdgeRatio idx="1" type="struct" size="1 1">
      <data idx="1" type="double" size="1 9">0.1018754688672168 0.06768835065909334 0.01369892473118279 0.08374236416246916 0.0299860679455578 0.02799999999999999 0.08989390204694028 0.06721680420105036 0.003333333333333334</data>
    </gridEdgeRatio>
    <medianHue idx="1" type="struct" size="1 1">
      <data idx="1" type="double" size="1 1">0</data>
    </medianHue>
    <avgSat idx="1" type="struct" size="1 1">
      <data idx="1" type="double" size="1 1">47.20944084473239</data>
    </avgSat>
    <avgInt idx="1" type="struct" size="1 1">
      <data idx="1" type="double" size="1 1">96.56526757859368</data>
    </avgInt>
    <medHueCells idx="1" type="struct" size="1 1">
      <data idx="1" type="double" size="1 9">0 0 0 0 0 0 0 0 0</data>
    </medHueCells>
    <avgSatCells idx="1" type="struct" size="1 1">
      <data idx="1" type="double" size="1 9">80.79950701961202 53.31495016611296 85.06545922194832 64.91021326760259 42.29201586110814 81.4909655985425 15.85483870967741 0 0</data>
    </avgSatCells>
    <avgIntCells idx="1" type="struct" size="1 1">
      <data idx="1" type="double" size="1 9">32.95078769692421 29.61519665630695 40.90768406387311 53.92067302539922 46.54015646768834 37.36928517843745 214.7605806451613 203.9311827956989 208.5733333333333</data>
    </avgIntCells>
    <cornerRatioGrid idx="1" type="struct" size="1 1">
      <data idx="1" type="double" size="1 9">13 7 1 10 8 19 22 19 0</data>
    </cornerRatioGrid>
    <avgR idx="1" type="struct" size="1 1">
      <data idx="1" type="double" size="1 1">94.7215526757859</data>
    </avgR>
    <avgG idx="1" type="struct" size="1 1">
      <data idx="1" type="double" size="1 1">94.07739380849529</data>
    </avgG>
    <avgB idx="1" type="struct" size="1 1">
      <data idx="1" type="double" size="1 1">82.71975281977444</data>
    </avgB>
    <avgRCells idx="1" type="struct" size="1 1">
      <data idx="1" type="double" size="1 9">29.59146929589542 23.31188511413568 36.20372950380452 53.84739041903333 46.51197084985532 35.32817490086807 214.7281720430107 203.9311827956989 208.5733333333333</data>
    </avgRCells>
    <avgGCells idx="1" type="struct" size="1 1">
      <data idx="1" type="double" size="1 9">30.49553102561358 28.69583110063232 36.30879862822849 48.25124852641732 42.54810845568536 34.0744400385811 213.3129677419355 203.9311827956989 208.5733333333333</data>
    </avgGCells>
    <avgBCells idx="1" type="struct" size="1 1">
      <data idx="1" type="double" size="1 9">22.22119815668203 18.52290215410995 15.5243167934841 25.49833887043189 24.75293108991534 14.99202657807309 210.2357204301075 203.9311827956989 208.5733333333333</data>
    </avgBCells>
  </features>
</root>
