<?xml version="1.0"?>
<!-- Written on 15-Jun-2010 21:44:07 using the XML Toolbox for Matlab -->
<root xml_tb_version="3.1" idx="1" type="struct" size="1 1">
  <filename idx="1" type="char" size="1 21">AlexB3_by_gsphoto.jpg</filename>
  <features idx="1" type="struct" size="1 1">
    <numFaces idx="1" type="struct" size="1 1">
      <data idx="1" type="double" size="1 1">1</data>
    </numFaces>
    <cornerRatio idx="1" type="struct" size="1 1">
      <data idx="1" type="double" size="1 1">0.0001375</data>
    </cornerRatio>
    <edgeRatio idx="1" type="struct" size="1 1">
      <data idx="1" type="double" size="1 1">0.02412083333333333</data>
    </edgeRatio>
    <gridEdgeRatio idx="1" type="struct" size="1 1">
      <data idx="1" type="double" size="1 9">0.03579119328729486 0.03155862478651521 0 0.03051904655825352 0.05019677730749241 0 3.712779386648846e-05 0.06965174129353234 0</data>
    </gridEdgeRatio>
    <medianHue idx="1" type="struct" size="1 1">
      <data idx="1" type="double" size="1 1">21</data>
    </medianHue>
    <avgSat idx="1" type="struct" size="1 1">
      <data idx="1" type="double" size="1 1">138.1582416666666</data>
    </avgSat>
    <avgInt idx="1" type="struct" size="1 1">
      <data idx="1" type="double" size="1 1">47.57120833333342</data>
    </avgInt>
    <medHueCells idx="1" type="struct" size="1 1">
      <data idx="1" type="double" size="1 9">21 21 21 21 21 21 21 21 21</data>
    </medHueCells>
    <avgSatCells idx="1" type="struct" size="1 1">
      <data idx="1" type="double" size="1 9">169.6611717531745 142.042808346328 180.990272518007 90.31372985817177 53.74652855127351 119.6199970297764 167.9635447761194 158.277723880597 159.2188432835821</data>
    </avgSatCells>
    <avgIntCells idx="1" type="struct" size="1 1">
      <data idx="1" type="double" size="1 9">34.3769213633326 47.68942600430682 29.29160169302738 68.02740031187346 124.4899383678623 54.51618771812579 25.88227611940298 27.68138059701491 17.10854477611942</data>
    </avgIntCells>
    <cornerRatioGrid idx="1" type="struct" size="1 1">
      <data idx="1" type="double" size="1 9">4 3 0 0 10 0 0 16 0</data>
    </cornerRatioGrid>
    <avgR idx="1" type="struct" size="1 1">
      <data idx="1" type="double" size="1 1">47.57030416666674</data>
    </avgR>
    <avgG idx="1" type="struct" size="1 1">
      <data idx="1" type="double" size="1 1">42.23771250000004</data>
    </avgG>
    <avgB idx="1" type="struct" size="1 1">
      <data idx="1" type="double" size="1 1">29.90625833333338</data>
    </avgB>
    <avgRCells idx="1" type="struct" size="1 1">
      <data idx="1" type="double" size="1 9">34.37632731863073 47.68942600430682 29.29137892626419 68.02740031187346 124.4899383678623 54.51254919432688 25.87992537313432 27.68078358208954 17.10787313432837</data>
    </avgRCells>
    <avgGCells idx="1" type="struct" size="1 1">
      <data idx="1" type="double" size="1 9">29.11873468478503 41.6973342244004 23.8016633251652 62.02740031187346 118.491126457266 48.72094750129946 21.10817164179104 22.84242537313434 13.23619402985075</data>
    </avgGCells>
    <avgBCells idx="1" type="struct" size="1 1">
      <data idx="1" type="double" size="1 9">17.08038167372094 27.74879334669935 11.12252171975941 48.02740031187349 104.4974753100172 35.30752951659614 10.16828358208955 11.70589552238806 4.357350746268656</data>
    </avgBCells>
  </features>
</root>
