<?xml version="1.0"?>
<!-- Written on 15-Jun-2010 21:44:07 using the XML Toolbox for Matlab -->
<root xml_tb_version="3.1" idx="1" type="struct" size="1 1">
  <filename idx="1" type="char" size="1 21">AlexB7_by_gsphoto.jpg</filename>
  <features idx="1" type="struct" size="1 1">
    <numFaces idx="1" type="struct" size="1 1">
      <data idx="1" type="double" size="1 1">0</data>
    </numFaces>
    <cornerRatio idx="1" type="struct" size="1 1">
      <data idx="1" type="double" size="1 1">0.001095215759849906</data>
    </cornerRatio>
    <edgeRatio idx="1" type="struct" size="1 1">
      <data idx="1" type="double" size="1 1">0.2551852720450282</data>
    </edgeRatio>
    <gridEdgeRatio idx="1" type="struct" size="1 1">
      <data idx="1" type="double" size="1 9">0.2415784207454349 0.2953181022262988 0.273821570115524 0.2471233219377972 0.1997415158842659 0.2424319082553334 0.2085101020708195 0.2761792750031503 0.3129858544666752</data>
    </gridEdgeRatio>
    <medianHue idx="1" type="struct" size="1 1">
      <data idx="1" type="double" size="1 1">21</data>
    </medianHue>
    <avgSat idx="1" type="struct" size="1 1">
      <data idx="1" type="double" size="1 1">96.10824577861167</data>
    </avgSat>
    <avgInt idx="1" type="struct" size="1 1">
      <data idx="1" type="double" size="1 1">65.86034240150094</data>
    </avgInt>
    <medHueCells idx="1" type="struct" size="1 1">
      <data idx="1" type="double" size="1 9">21 21 21 21 21 21 21 21 21</data>
    </medHueCells>
    <avgSatCells idx="1" type="struct" size="1 1">
      <data idx="1" type="double" size="1 9">125.2751605102977 81.48326106895688 112.604486075524 99.11114816976571 90.0596389560577 84.34777586424158 107.0898473733029 79.04439666076395 85.56639480056072</data>
    </avgSatCells>
    <avgIntCells idx="1" type="struct" size="1 1">
      <data idx="1" type="double" size="1 9">42.99084882848329 91.76730175935968 50.62637039526191 54.25744184107396 75.18216876511299 69.44875456798422 48.36280462096298 91.20996711358461 68.93383883437406</data>
    </avgIntCells>
    <cornerRatioGrid idx="1" type="struct" size="1 1">
      <data idx="1" type="double" size="1 9">45 51 48 104 56 85 17 33 28</data>
    </cornerRatioGrid>
    <avgR idx="1" type="struct" size="1 1">
      <data idx="1" type="double" size="1 1">65.85978189493434</data>
    </avgR>
    <avgG idx="1" type="struct" size="1 1">
      <data idx="1" type="double" size="1 1">60.49121013133212</data>
    </avgG>
    <avgB idx="1" type="struct" size="1 1">
      <data idx="1" type="double" size="1 1">47.89169559099439</data>
    </avgB>
    <avgRCells idx="1" type="struct" size="1 1">
      <data idx="1" type="double" size="1 9">42.98818060535312 91.76715584090724 50.62592934851095 54.25681647627782 75.18160593679647 69.44839753013822 48.36280462096298 91.20996711358461 68.93364767851831</data>
    </avgRCells>
    <avgGCells idx="1" type="struct" size="1 1">
      <data idx="1" type="double" size="1 9">38.19749020261821 86.2249645626616 45.46923173856429 48.95441090636201 69.67989660635374 63.7623388079137 43.34988194620122 85.60506788093431 63.20568370077738</data>
    </avgGCells>
    <avgBCells idx="1" type="struct" size="1 1">
      <data idx="1" type="double" size="1 9">26.70334778620863 72.94402985074626 33.20128533624561 36.88491203201869 56.68020928875179 50.67499054899817 31.57993928661777 72.19525255080531 50.16726137377341</data>
    </avgBCells>
  </features>
</root>
