<?xml version="1.0"?>
<!-- Written on 15-Jun-2010 21:44:07 using the XML Toolbox for Matlab -->
<root xml_tb_version="3.1" idx="1" type="struct" size="1 1">
  <filename idx="1" type="char" size="1 21">AlexB4_by_gsphoto.jpg</filename>
  <features idx="1" type="struct" size="1 1">
    <numFaces idx="1" type="struct" size="1 1">
      <data idx="1" type="double" size="1 1">0</data>
    </numFaces>
    <cornerRatio idx="1" type="struct" size="1 1">
      <data idx="1" type="double" size="1 1">0.0012406191369606</data>
    </cornerRatio>
    <edgeRatio idx="1" type="struct" size="1 1">
      <data idx="1" type="double" size="1 1">0.1652415572232645</data>
    </edgeRatio>
    <gridEdgeRatio idx="1" type="struct" size="1 1">
      <data idx="1" type="double" size="1 9">0.02668223130159261 0.01844826148586675 0 0.2339489702326357 0.1160677061619276 0.2676448267138882 0.2902507665812575 0.2588524383584658 0.2775370629964743</data>
    </gridEdgeRatio>
    <medianHue idx="1" type="struct" size="1 1">
      <data idx="1" type="double" size="1 1">0</data>
    </medianHue>
    <avgSat idx="1" type="struct" size="1 1">
      <data idx="1" type="double" size="1 1">0</data>
    </avgSat>
    <avgInt idx="1" type="struct" size="1 1">
      <data idx="1" type="double" size="1 1">99.43064962476542</data>
    </avgInt>
    <medHueCells idx="1" type="struct" size="1 1">
      <data idx="1" type="double" size="1 9">0 0 0 0 0 0 0 0 0</data>
    </medHueCells>
    <avgSatCells idx="1" type="struct" size="1 1">
      <data idx="1" type="double" size="1 9">0 0 0 0 0 0 0 0 0</data>
    </avgSatCells>
    <avgIntCells idx="1" type="struct" size="1 1">
      <data idx="1" type="double" size="1 9">58.06585091303258 94.16263653798052 79.56489687906917 115.1083757191696 136.0538022179605 73.69847103793002 152.0105194367147 105.1974871405684 81.21347861178366</data>
    </avgIntCells>
    <cornerRatioGrid idx="1" type="struct" size="1 1">
      <data idx="1" type="double" size="1 9">0 9 0 75 33 116 106 71 119</data>
    </cornerRatioGrid>
    <avgR idx="1" type="struct" size="1 1">
      <data idx="1" type="double" size="1 1">99.43064962476542</data>
    </avgR>
    <avgG idx="1" type="struct" size="1 1">
      <data idx="1" type="double" size="1 1">99.43064962476542</data>
    </avgG>
    <avgB idx="1" type="struct" size="1 1">
      <data idx="1" type="double" size="1 1">99.43064962476542</data>
    </avgB>
    <avgRCells idx="1" type="struct" size="1 1">
      <data idx="1" type="double" size="1 9">58.06585091303258 94.16263653798052 79.56489687906917 115.1083757191696 136.0538022179605 73.69847103793002 152.0105194367147 105.1974871405684 81.21347861178366</data>
    </avgRCells>
    <avgGCells idx="1" type="struct" size="1 1">
      <data idx="1" type="double" size="1 9">58.06585091303258 94.16263653798052 79.56489687906917 115.1083757191696 136.0538022179605 73.69847103793002 152.0105194367147 105.1974871405684 81.21347861178366</data>
    </avgGCells>
    <avgBCells idx="1" type="struct" size="1 1">
      <data idx="1" type="double" size="1 9">58.06585091303258 94.16263653798052 79.56489687906917 115.1083757191696 136.0538022179605 73.69847103793002 152.0105194367147 105.1974871405684 81.21347861178366</data>
    </avgBCells>
  </features>
</root>
