<?xml version="1.0"?>
<!-- Written on 15-Jun-2010 21:44:07 using the XML Toolbox for Matlab -->
<root xml_tb_version="3.1" idx="1" type="struct" size="1 1">
  <filename idx="1" type="char" size="1 21">AlexB8_by_gsphoto.jpg</filename>
  <features idx="1" type="struct" size="1 1">
    <numFaces idx="1" type="struct" size="1 1">
      <data idx="1" type="double" size="1 1">0</data>
    </numFaces>
    <cornerRatio idx="1" type="struct" size="1 1">
      <data idx="1" type="double" size="1 1">0.001486866791744841</data>
    </cornerRatio>
    <edgeRatio idx="1" type="struct" size="1 1">
      <data idx="1" type="double" size="1 1">0.1814165103189493</data>
    </edgeRatio>
    <gridEdgeRatio idx="1" type="struct" size="1 1">
      <data idx="1" type="double" size="1 9">0 0.03871008088051363 0.2840037102622482 0.0278078879346285 0.1454806970732926 0.2707648199679568 0.3128701642374093 0.2550090309572815 0.3034493012191495</data>
    </gridEdgeRatio>
    <medianHue idx="1" type="struct" size="1 1">
      <data idx="1" type="double" size="1 1">22</data>
    </medianHue>
    <avgSat idx="1" type="struct" size="1 1">
      <data idx="1" type="double" size="1 1">59.04671669793624</data>
    </avgSat>
    <avgInt idx="1" type="struct" size="1 1">
      <data idx="1" type="double" size="1 1">94.50892354596624</data>
    </avgInt>
    <medHueCells idx="1" type="struct" size="1 1">
      <data idx="1" type="double" size="1 9">22 22 22 22 22 22 22 22 22</data>
    </medHueCells>
    <avgSatCells idx="1" type="struct" size="1 1">
      <data idx="1" type="double" size="1 9">101.4643333611273 41.25089635620777 50.74803629184692 111.8401776036022 39.01534228299841 48.70689293065065 54.28524749135677 44.1903617505692 38.96646276708726</data>
    </avgSatCells>
    <avgIntCells idx="1" type="struct" size="1 1">
      <data idx="1" type="double" size="1 9">44.3015925956808 105.872508963562 92.61702440458691 42.94842824981237 130.8492037021596 106.2671903221742 97.56476094105739 113.6846909520196 117.5772694447984</data>
    </avgIntCells>
    <cornerRatioGrid idx="1" type="struct" size="1 1">
      <data idx="1" type="double" size="1 9">0 19 115 0 72 106 126 101 95</data>
    </cornerRatioGrid>
    <avgR idx="1" type="struct" size="1 1">
      <data idx="1" type="double" size="1 1">94.50892354596624</data>
    </avgR>
    <avgG idx="1" type="struct" size="1 1">
      <data idx="1" type="double" size="1 1">90.50889071294564</data>
    </avgG>
    <avgB idx="1" type="struct" size="1 1">
      <data idx="1" type="double" size="1 1">79.18861632270159</data>
    </avgB>
    <avgRCells idx="1" type="struct" size="1 1">
      <data idx="1" type="double" size="1 9">44.3015925956808 105.872508963562 92.61702440458691 42.94842824981237 130.8492037021596 106.2671903221742 97.56476094105739 113.6846909520196 117.5772694447984</data>
    </avgRCells>
    <avgGCells idx="1" type="struct" size="1 1">
      <data idx="1" type="double" size="1 9">40.3015925956808 101.872508963562 88.61694039568198 38.94842824981238 126.8492037021596 102.2670643088168 93.56467661691539 109.6846909520196 113.5772694447984</data>
    </avgGCells>
    <avgBCells idx="1" type="struct" size="1 1">
      <data idx="1" type="double" size="1 9">29.28966897356792 90.25898440757112 77.37772503885411 28.1135662469774 115.4927457683649 90.91323980341919 82.18376338645754 98.19299688000675 101.9723885986152</data>
    </avgBCells>
  </features>
</root>
