<?xml version="1.0"?>
<!-- Written on 15-Jun-2010 21:44:07 using the XML Toolbox for Matlab -->
<root xml_tb_version="3.1" idx="1" type="struct" size="1 1">
  <filename idx="1" type="char" size="1 21">AlexB2_by_gsphoto.jpg</filename>
  <features idx="1" type="struct" size="1 1">
    <numFaces idx="1" type="struct" size="1 1">
      <data idx="1" type="double" size="1 1">0</data>
    </numFaces>
    <cornerRatio idx="1" type="struct" size="1 1">
      <data idx="1" type="double" size="1 1">0.0001041666666666667</data>
    </cornerRatio>
    <edgeRatio idx="1" type="struct" size="1 1">
      <data idx="1" type="double" size="1 1">0.02194166666666667</data>
    </edgeRatio>
    <gridEdgeRatio idx="1" type="struct" size="1 1">
      <data idx="1" type="double" size="1 9">0.001225217197594119 0.06501076706022128 0 0.03664513254622409 0.04975124378109461 0.01962686567164179 0.001485111754659538 0.02157124823642978 0.002798507462686567</data>
    </gridEdgeRatio>
    <medianHue idx="1" type="struct" size="1 1">
      <data idx="1" type="double" size="1 1">21</data>
    </medianHue>
    <avgSat idx="1" type="struct" size="1 1">
      <data idx="1" type="double" size="1 1">114.9832208333334</data>
    </avgSat>
    <avgInt idx="1" type="struct" size="1 1">
      <data idx="1" type="double" size="1 1">42.01701666666666</data>
    </avgInt>
    <medHueCells idx="1" type="struct" size="1 1">
      <data idx="1" type="double" size="1 9">21 21 21 21 21 21 21 21 21</data>
    </medHueCells>
    <avgSatCells idx="1" type="struct" size="1 1">
      <data idx="1" type="double" size="1 9">158.6510358654488 135.9106334001634 155.785327095864 78.19677730749234 46.07963911784363 75.2019380708398 125.710895522388 121.7892910447761 136.863880597015</data>
    </avgSatCells>
    <avgIntCells idx="1" type="struct" size="1 1">
      <data idx="1" type="double" size="1 9">16.95429568575036 32.1642162322715 15.86511472488306 69.01433132843243 109.5037127793867 72.5003341501448 17.61212686567165 30.50966417910449 14.0527985074627</data>
    </avgIntCells>
    <cornerRatioGrid idx="1" type="struct" size="1 1">
      <data idx="1" type="double" size="1 9">0 3 0 4 4 10 0 4 0</data>
    </cornerRatioGrid>
    <avgR idx="1" type="struct" size="1 1">
      <data idx="1" type="double" size="1 1">42.01309583333333</data>
    </avgR>
    <avgG idx="1" type="struct" size="1 1">
      <data idx="1" type="double" size="1 1">38.58638750000001</data>
    </avgG>
    <avgB idx="1" type="struct" size="1 1">
      <data idx="1" type="double" size="1 1">30.8247208333333</data>
    </avgB>
    <avgRCells idx="1" type="struct" size="1 1">
      <data idx="1" type="double" size="1 9">16.95321897972823 32.15827578525285 15.84265240959383 69.01433132843243 109.5028217123339 72.49896042177173 17.61093283582091 30.50902985074628 14.05111940298509</data>
    </avgRCells>
    <avgGCells idx="1" type="struct" size="1 1">
      <data idx="1" type="double" size="1 9">13.74452365040471 28.21894260043068 12.7287814658053 65.06215192693249 105.5213856092671 68.54978837157495 14.84309701492538 27.2032089552239 11.41179104477613</data>
    </avgGCells>
    <avgBCells idx="1" type="struct" size="1 1">
      <data idx="1" type="double" size="1 9">6.503601396005052 19.24255587732977 5.747790896264942 55.7450434395188 96.70605925595908 59.69930199747531 8.588358208955224 19.69477611940299 5.461380597014925</data>
    </avgBCells>
  </features>
</root>
