<?xml version="1.0"?>
<!-- Written on 15-Jun-2010 21:44:11 using the XML Toolbox for Matlab -->
<root xml_tb_version="3.1" idx="1" type="struct" size="1 1">
  <filename idx="1" type="char" size="1 26">Aline90_by_Pierrebfoto.jpg</filename>
  <features idx="1" type="struct" size="1 1">
    <numFaces idx="1" type="struct" size="1 1">
      <data idx="1" type="double" size="1 1">1</data>
    </numFaces>
    <cornerRatio idx="1" type="struct" size="1 1">
      <data idx="1" type="double" size="1 1">4.320987654320987e-05</data>
    </cornerRatio>
    <edgeRatio idx="1" type="struct" size="1 1">
      <data idx="1" type="double" size="1 1">0.0218358024691358</data>
    </edgeRatio>
    <gridEdgeRatio idx="1" type="struct" size="1 1">
      <data idx="1" type="double" size="1 9">0 0.08318892727453335 0 0.0111367424200616 0.04538581251862566 0.003521594684385381 0.02485049833887045 0.02499446290143964 0.003177777777777778</data>
    </gridEdgeRatio>
    <medianHue idx="1" type="struct" size="1 1">
      <data idx="1" type="double" size="1 1">9</data>
    </medianHue>
    <avgSat idx="1" type="struct" size="1 1">
      <data idx="1" type="double" size="1 1">95.31763209876547</data>
    </avgSat>
    <avgInt idx="1" type="struct" size="1 1">
      <data idx="1" type="double" size="1 1">120.1677839506174</data>
    </avgInt>
    <medHueCells idx="1" type="struct" size="1 1">
      <data idx="1" type="double" size="1 9">8 11 10 9 6 7 9 9 9</data>
    </medHueCells>
    <avgSatCells idx="1" type="struct" size="1 1">
      <data idx="1" type="double" size="1 9">76.5882164656019 82.12060573282854 100.1348837209302 80.08340967538996 107.7021887175638 120.7001328903655 88.94601328903656 84.55299003322254 117.2189333333333</data>
    </avgSatCells>
    <avgIntCells idx="1" type="struct" size="1 1">
      <data idx="1" type="double" size="1 9">96.85162415425879 132.7903224026226 134.807065337763 136.1159589850002 172.6760300658932 135.1744518272426 83.59796234772979 112.2682502768549 77.48767777777783</data>
    </avgIntCells>
    <cornerRatioGrid idx="1" type="struct" size="1 1">
      <data idx="1" type="double" size="1 9">0 23 0 0 8 0 4 0 0</data>
    </cornerRatioGrid>
    <avgR idx="1" type="struct" size="1 1">
      <data idx="1" type="double" size="1 1">120.1675296296297</data>
    </avgR>
    <avgG idx="1" type="struct" size="1 1">
      <data idx="1" type="double" size="1 1">89.31935802469143</data>
    </avgG>
    <avgB idx="1" type="struct" size="1 1">
      <data idx="1" type="double" size="1 1">78.88073950617282</data>
    </avgB>
    <avgRCells idx="1" type="struct" size="1 1">
      <data idx="1" type="double" size="1 9">96.85162415425879 132.7897815697399 134.8061794019934 136.1159037979713 172.6752353726779 135.1744518272426 83.59796234772979 112.2682502768549 77.48767777777783</data>
    </avgRCells>
    <avgGCells idx="1" type="struct" size="1 1">
      <data idx="1" type="double" size="1 9">78.26120020750325 103.0269974945089 104.9854817275748 106.4615180847894 119.3819383892009 89.77624584717609 63.92820598006647 85.11310077519376 53.03526666666668</data>
    </avgGCells>
    <avgBCells idx="1" type="struct" size="1 1">
      <data idx="1" type="double" size="1 9">70.26231498548576 91.11989933885945 94.56205980066449 96.09505413847533 106.3923466628404 78.1090919158361 55.01315614617936 74.33228128460688 44.1043111111111</data>
    </avgBCells>
  </features>
</root>
