<?xml version="1.0"?>
<!-- Written on 15-Jun-2010 21:44:08 using the XML Toolbox for Matlab -->
<root xml_tb_version="3.1" idx="1" type="struct" size="1 1">
  <filename idx="1" type="char" size="1 27">Aline120_by_Pierrebfoto.jpg</filename>
  <features idx="1" type="struct" size="1 1">
    <numFaces idx="1" type="struct" size="1 1">
      <data idx="1" type="double" size="1 1">0</data>
    </numFaces>
    <cornerRatio idx="1" type="struct" size="1 1">
      <data idx="1" type="double" size="1 1">0.000117283950617284</data>
    </cornerRatio>
    <edgeRatio idx="1" type="struct" size="1 1">
      <data idx="1" type="double" size="1 1">0.02263703703703704</data>
    </edgeRatio>
    <gridEdgeRatio idx="1" type="struct" size="1 1">
      <data idx="1" type="double" size="1 9">0 0.009227271222171946 0.0007308970099667774 0.03817838655202481 0.05039679473736498 0.0201771871539314 0.06643410852713177 0.006578073089701003 0.01245555555555555</data>
    </gridEdgeRatio>
    <medianHue idx="1" type="struct" size="1 1">
      <data idx="1" type="double" size="1 1">6</data>
    </medianHue>
    <avgSat idx="1" type="struct" size="1 1">
      <data idx="1" type="double" size="1 1">99.94839259259251</data>
    </avgSat>
    <avgInt idx="1" type="struct" size="1 1">
      <data idx="1" type="double" size="1 1">93.65762345679015</data>
    </avgInt>
    <medHueCells idx="1" type="struct" size="1 1">
      <data idx="1" type="double" size="1 9">3 7 8 9 7 5 7 7 6</data>
    </medHueCells>
    <avgSatCells idx="1" type="struct" size="1 1">
      <data idx="1" type="double" size="1 9">104.1629121091379 94.33125462191364 48.73782945736433 105.4351717972208 114.6796282601738 87.20541528239201 131.047530454042 117.6132668881506 96.23301111111113</data>
    </avgSatCells>
    <avgIntCells idx="1" type="struct" size="1 1">
      <data idx="1" type="double" size="1 9">47.72356817253674 120.8567455105352 165.3511738648948 112.2195450381342 122.9253981744131 54.90059800664449 51.5433776301218 85.3426356589147 81.97058888888891</data>
    </avgIntCells>
    <cornerRatioGrid idx="1" type="struct" size="1 1">
      <data idx="1" type="double" size="1 9">0 0 0 7 28 12 46 2 0</data>
    </cornerRatioGrid>
    <avgR idx="1" type="struct" size="1 1">
      <data idx="1" type="double" size="1 1">93.647075308642</data>
    </avgR>
    <avgG idx="1" type="struct" size="1 1">
      <data idx="1" type="double" size="1 1">69.17269753086407</data>
    </avgG>
    <avgB idx="1" type="struct" size="1 1">
      <data idx="1" type="double" size="1 1">62.22180864197536</data>
    </avgB>
    <avgRCells idx="1" type="struct" size="1 1">
      <data idx="1" type="double" size="1 9">47.72356817253674 120.8564475005795 165.2637541528241 112.2195450381342 122.9253981744131 54.89369878183828 51.5433776301218 85.3426356589147 81.97058888888891</data>
    </avgRCells>
    <avgGCells idx="1" type="struct" size="1 1">
      <data idx="1" type="double" size="1 9">30.67683579651438 90.09658833787705 148.2840199335548 80.34554806238341 83.67465039017229 39.53720930232558 32.29204872646733 56.80531561461788 60.7900888888889</data>
    </avgGCells>
    <avgBCells idx="1" type="struct" size="1 1">
      <data idx="1" type="double" size="1 9">28.41730223728215 79.11092592796986 144.2874750830565 67.6439995143541 71.68429708281364 38.16147286821707 25.96645625692138 49.53714285714285 55.16611111111109</data>
    </avgBCells>
  </features>
</root>
