<?xml version="1.0"?>
<!-- Written on 15-Jun-2010 21:44:08 using the XML Toolbox for Matlab -->
<root xml_tb_version="3.1" idx="1" type="struct" size="1 1">
  <filename idx="1" type="char" size="1 27">Aline110_by_Pierrebfoto.jpg</filename>
  <features idx="1" type="struct" size="1 1">
    <numFaces idx="1" type="struct" size="1 1">
      <data idx="1" type="double" size="1 1">0</data>
    </numFaces>
    <cornerRatio idx="1" type="struct" size="1 1">
      <data idx="1" type="double" size="1 1">2.202837254383646e-05</data>
    </cornerRatio>
    <edgeRatio idx="1" type="struct" size="1 1">
      <data idx="1" type="double" size="1 1">0.01074632126178518</data>
    </edgeRatio>
    <gridEdgeRatio idx="1" type="struct" size="1 1">
      <data idx="1" type="double" size="1 9">0.007504675625981498 0.01694273245949757 0.006817102137767231 0.01705321138564249 0.007812438348813531 0.006904196357878084 0.002872452079765791 0.008372724331405228 0.02249406175771969</data>
    </gridEdgeRatio>
    <medianHue idx="1" type="struct" size="1 1">
      <data idx="1" type="double" size="1 1">8</data>
    </medianHue>
    <avgSat idx="1" type="struct" size="1 1">
      <data idx="1" type="double" size="1 1">97.42939113578284</data>
    </avgSat>
    <avgInt idx="1" type="struct" size="1 1">
      <data idx="1" type="double" size="1 1">146.7359573530706</data>
    </avgInt>
    <medHueCells idx="1" type="struct" size="1 1">
      <data idx="1" type="double" size="1 9">9 7 137 6 6 153 8 8 5</data>
    </medHueCells>
    <avgSatCells idx="1" type="struct" size="1 1">
      <data idx="1" type="double" size="1 9">72.82680060921238 118.2236409119246 27.33487740784872 121.1452718965286 143.7713954277507 44.18474443856979 115.4462153602535 112.0808392715756 122.5314806017419</data>
    </avgSatCells>
    <avgIntCells idx="1" type="struct" size="1 1">
      <data idx="1" type="double" size="1 9">140.7391434726683 202.442475990562 215.6269679058719 120.2793854215166 133.1904419946181 220.9818104339454 82.10786223277914 99.01893111638954 106.0467220902612</data>
    </avgIntCells>
    <cornerRatioGrid idx="1" type="struct" size="1 1">
      <data idx="1" type="double" size="1 9">2 4 0 4 3 0 1 1 10</data>
    </cornerRatioGrid>
    <avgR idx="1" type="struct" size="1 1">
      <data idx="1" type="double" size="1 1">146.5413428495901</data>
    </avgR>
    <avgG idx="1" type="struct" size="1 1">
      <data idx="1" type="double" size="1 1">111.2730416776808</data>
    </avgG>
    <avgB idx="1" type="struct" size="1 1">
      <data idx="1" type="double" size="1 1">103.6646700149794</data>
    </avgB>
    <avgRCells idx="1" type="struct" size="1 1">
      <data idx="1" type="double" size="1 9">140.7092668144979 202.4424286424508 214.6278833026886 120.2792197031274 133.1844682412543 220.2745006747107 82.10786223277914 99.01893111638954 106.0400870942201</data>
    </avgRCells>
    <avgGCells idx="1" type="struct" size="1 1">
      <data idx="1" type="double" size="1 9">115.3724323513861 133.7557389856457 197.7914868096054 81.46868317011393 82.5067431601708 193.3388309751344 56.57752177355499 70.9624703087886 69.17410134600162</data>
    </avgGCells>
    <avgBCells idx="1" type="struct" size="1 1">
      <data idx="1" type="double" size="1 9">103.958846600011 113.9697603396438 200.3652748952424 70.10326623053798 70.58432304038003 195.1651738859384 47.72676959619952 63.03548693586695 67.48063341250986</data>
    </avgBCells>
  </features>
</root>
