<?xml version="1.0"?>
<!-- Written on 15-Jun-2010 21:44:08 using the XML Toolbox for Matlab -->
<root xml_tb_version="3.1" idx="1" type="struct" size="1 1">
  <filename idx="1" type="char" size="1 27">Aline140_by_Pierrebfoto.jpg</filename>
  <features idx="1" type="struct" size="1 1">
    <numFaces idx="1" type="struct" size="1 1">
      <data idx="1" type="double" size="1 1">0</data>
    </numFaces>
    <cornerRatio idx="1" type="struct" size="1 1">
      <data idx="1" type="double" size="1 1">2.217997465145754e-05</data>
    </cornerRatio>
    <edgeRatio idx="1" type="struct" size="1 1">
      <data idx="1" type="double" size="1 1">0.01121461765948458</data>
    </edgeRatio>
    <gridEdgeRatio idx="1" type="struct" size="1 1">
      <data idx="1" type="double" size="1 9">0.001123150105708245 0.01322296889157356 0.0002556818181818181 0.004955073995771673 0.04301948051948053 0.004981060606060607 0.01104888467014707 0.01102990033222593 0.01115238095238094</data>
    </gridEdgeRatio>
    <medianHue idx="1" type="struct" size="1 1">
      <data idx="1" type="double" size="1 1">0</data>
    </medianHue>
    <avgSat idx="1" type="struct" size="1 1">
      <data idx="1" type="double" size="1 1">0</data>
    </avgSat>
    <avgInt idx="1" type="struct" size="1 1">
      <data idx="1" type="double" size="1 1">116.0663741022391</data>
    </avgInt>
    <medHueCells idx="1" type="struct" size="1 1">
      <data idx="1" type="double" size="1 9">0 0 0 0 0 0 0 0 0</data>
    </medHueCells>
    <avgSatCells idx="1" type="struct" size="1 1">
      <data idx="1" type="double" size="1 9">0 0 0 0 0 0 0 0 0</data>
    </avgSatCells>
    <avgIntCells idx="1" type="struct" size="1 1">
      <data idx="1" type="double" size="1 9">113.1133720930232 127.7265271066144 94.76036070242048 138.120554590758 136.4982728027786 81.99852871381113 108.838446969697 131.3818465909091 112.0349333333334</data>
    </avgIntCells>
    <cornerRatioGrid idx="1" type="struct" size="1 1">
      <data idx="1" type="double" size="1 9">0 5 0 0 8 0 2 6 0</data>
    </cornerRatioGrid>
    <avgR idx="1" type="struct" size="1 1">
      <data idx="1" type="double" size="1 1">116.0663741022391</data>
    </avgR>
    <avgG idx="1" type="struct" size="1 1">
      <data idx="1" type="double" size="1 1">116.0663741022391</data>
    </avgG>
    <avgB idx="1" type="struct" size="1 1">
      <data idx="1" type="double" size="1 1">116.0663741022391</data>
    </avgB>
    <avgRCells idx="1" type="struct" size="1 1">
      <data idx="1" type="double" size="1 9">113.1133720930232 127.7265271066144 94.76036070242048 138.120554590758 136.4982728027786 81.99852871381113 108.838446969697 131.3818465909091 112.0349333333334</data>
    </avgRCells>
    <avgGCells idx="1" type="struct" size="1 1">
      <data idx="1" type="double" size="1 9">113.1133720930232 127.7265271066144 94.76036070242048 138.120554590758 136.4982728027786 81.99852871381113 108.838446969697 131.3818465909091 112.0349333333334</data>
    </avgGCells>
    <avgBCells idx="1" type="struct" size="1 1">
      <data idx="1" type="double" size="1 9">113.1133720930232 127.7265271066144 94.76036070242048 138.120554590758 136.4982728027786 81.99852871381113 108.838446969697 131.3818465909091 112.0349333333334</data>
    </avgBCells>
  </features>
</root>
