<?xml version="1.0"?>
<!-- Written on 15-Jun-2010 21:44:09 using the XML Toolbox for Matlab -->
<root xml_tb_version="3.1" idx="1" type="struct" size="1 1">
  <filename idx="1" type="char" size="1 27">Aline190_by_Pierrebfoto.jpg</filename>
  <features idx="1" type="struct" size="1 1">
    <numFaces idx="1" type="struct" size="1 1">
      <data idx="1" type="double" size="1 1">1</data>
    </numFaces>
    <cornerRatio idx="1" type="struct" size="1 1">
      <data idx="1" type="double" size="1 1">4.938271604938271e-05</data>
    </cornerRatio>
    <edgeRatio idx="1" type="struct" size="1 1">
      <data idx="1" type="double" size="1 1">0.02167037037037037</data>
    </edgeRatio>
    <gridEdgeRatio idx="1" type="struct" size="1 1">
      <data idx="1" type="double" size="1 9">0.01994459222304392 0.0199445922230439 0.004274640088593575 0.05326652023708348 0.0320967759737752 0.01102990033222595 0.004573643410852713 0.02011074197120707 0.02973333333333336</data>
    </gridEdgeRatio>
    <medianHue idx="1" type="struct" size="1 1">
      <data idx="1" type="double" size="1 1">0</data>
    </medianHue>
    <avgSat idx="1" type="struct" size="1 1">
      <data idx="1" type="double" size="1 1">0</data>
    </avgSat>
    <avgInt idx="1" type="struct" size="1 1">
      <data idx="1" type="double" size="1 1">172.4759061728395</data>
    </avgInt>
    <medHueCells idx="1" type="struct" size="1 1">
      <data idx="1" type="double" size="1 9">0 0 0 0 0 0 0 0 0</data>
    </medHueCells>
    <avgSatCells idx="1" type="struct" size="1 1">
      <data idx="1" type="double" size="1 9">0 0 0 0 0 0 0 0 0</data>
    </avgSatCells>
    <avgIntCells idx="1" type="struct" size="1 1">
      <data idx="1" type="double" size="1 9">185.4686261741041 184.1339941060253 171.5550166112955 187.676184589574 139.8566461738833 170.7221040974529 177.8248837209301 188.9015393133997 145.9364555555556</data>
    </avgIntCells>
    <cornerRatioGrid idx="1" type="struct" size="1 1">
      <data idx="1" type="double" size="1 9">3 3 0 23 7 1 0 0 3</data>
    </cornerRatioGrid>
    <avgR idx="1" type="struct" size="1 1">
      <data idx="1" type="double" size="1 1">172.4759061728395</data>
    </avgR>
    <avgG idx="1" type="struct" size="1 1">
      <data idx="1" type="double" size="1 1">172.4759061728395</data>
    </avgG>
    <avgB idx="1" type="struct" size="1 1">
      <data idx="1" type="double" size="1 1">172.4759061728395</data>
    </avgB>
    <avgRCells idx="1" type="struct" size="1 1">
      <data idx="1" type="double" size="1 9">185.4686261741041 184.1339941060253 171.5550166112955 187.676184589574 139.8566461738833 170.7221040974529 177.8248837209301 188.9015393133997 145.9364555555556</data>
    </avgRCells>
    <avgGCells idx="1" type="struct" size="1 1">
      <data idx="1" type="double" size="1 9">185.4686261741041 184.1339941060253 171.5550166112955 187.676184589574 139.8566461738833 170.7221040974529 177.8248837209301 188.9015393133997 145.9364555555556</data>
    </avgGCells>
    <avgBCells idx="1" type="struct" size="1 1">
      <data idx="1" type="double" size="1 9">185.4686261741041 184.1339941060253 171.5550166112955 187.676184589574 139.8566461738833 170.7221040974529 177.8248837209301 188.9015393133997 145.9364555555556</data>
    </avgBCells>
  </features>
</root>
