<?xml version="1.0"?>
<!-- Written on 15-Jun-2010 21:44:11 using the XML Toolbox for Matlab -->
<root xml_tb_version="3.1" idx="1" type="struct" size="1 1">
  <filename idx="1" type="char" size="1 27">Aline430_by_Pierrebfoto.jpg</filename>
  <features idx="1" type="struct" size="1 1">
    <numFaces idx="1" type="struct" size="1 1">
      <data idx="1" type="double" size="1 1">1</data>
    </numFaces>
    <cornerRatio idx="1" type="struct" size="1 1">
      <data idx="1" type="double" size="1 1">6.994610709780988e-05</data>
    </cornerRatio>
    <edgeRatio idx="1" type="struct" size="1 1">
      <data idx="1" type="double" size="1 1">0.02324962733631464</data>
    </edgeRatio>
    <gridEdgeRatio idx="1" type="struct" size="1 1">
      <data idx="1" type="double" size="1 9">0.01316598991017597 0.00921824371436776 0.01162551440329208 0.01812887084204915 0.06450719822812843 0.03083333333333326 0.02382152371352461 0.02529236908961876 0.01286893704850363</data>
    </gridEdgeRatio>
    <medianHue idx="1" type="struct" size="1 1">
      <data idx="1" type="double" size="1 1">9</data>
    </medianHue>
    <avgSat idx="1" type="struct" size="1 1">
      <data idx="1" type="double" size="1 1">100.2391858731797</data>
    </avgSat>
    <avgInt idx="1" type="struct" size="1 1">
      <data idx="1" type="double" size="1 1">65.09652333447998</data>
    </avgInt>
    <medHueCells idx="1" type="struct" size="1 1">
      <data idx="1" type="double" size="1 9">5 13 13 6 14 19 9 9 6</data>
    </medHueCells>
    <avgSatCells idx="1" type="struct" size="1 1">
      <data idx="1" type="double" size="1 9">104.0677269185021 81.0453939543087 112.1176882013515 97.93731799351957 102.6112649194044 88.17958713473153 119.5572222222222 106.3613168724279 90.73941176470588</data>
    </avgSatCells>
    <avgIntCells idx="1" type="struct" size="1 1">
      <data idx="1" type="double" size="1 9">45.42405971863341 110.0082851400681 47.9669831212779 78.48008695295522 96.78897502153322 23.44325931106837 69.78586419753087 83.93680041152264 29.55562435500515</data>
    </avgIntCells>
    <cornerRatioGrid idx="1" type="struct" size="1 1">
      <data idx="1" type="double" size="1 9">1 0 0 4 18 19 13 5 1</data>
    </cornerRatioGrid>
    <avgR idx="1" type="struct" size="1 1">
      <data idx="1" type="double" size="1 1">65.07813324160072</data>
    </avgR>
    <avgG idx="1" type="struct" size="1 1">
      <data idx="1" type="double" size="1 1">48.11103313840155</data>
    </avgG>
    <avgB idx="1" type="struct" size="1 1">
      <data idx="1" type="double" size="1 1">43.17529526430458</data>
    </avgB>
    <avgRCells idx="1" type="struct" size="1 1">
      <data idx="1" type="double" size="1 9">45.39646651080762 109.9909048029203 47.9488289807967 78.47289897871286 96.7487900414257 23.42280118901906 69.77434156378602 83.93437242798353 29.53540763673891</data>
    </avgRCells>
    <avgGCells idx="1" type="struct" size="1 1">
      <data idx="1" type="double" size="1 9">30.83174398096878 93.48700832615563 32.96715797702191 55.56823961281329 74.62057544809484 16.23340156135894 46.10809670781895 62.09231481481483 20.50188854489164</data>
    </avgGCells>
    <avgBCells idx="1" type="struct" size="1 1">
      <data idx="1" type="double" size="1 9">27.5319100939256 85.78773430130019 32.1327772234965 48.66162175464498 68.57463803781636 14.73338613291093 37.17302469135798 54.21791152263374 19.2215995872033</data>
    </avgBCells>
  </features>
</root>
