<?xml version="1.0"?>
<!-- Written on 15-Jun-2010 21:44:11 using the XML Toolbox for Matlab -->
<root xml_tb_version="3.1" idx="1" type="struct" size="1 1">
  <filename idx="1" type="char" size="1 28">Aline_250_by_Pierrebfoto.jpg</filename>
  <features idx="1" type="struct" size="1 1">
    <numFaces idx="1" type="struct" size="1 1">
      <data idx="1" type="double" size="1 1">0</data>
    </numFaces>
    <cornerRatio idx="1" type="struct" size="1 1">
      <data idx="1" type="double" size="1 1">8.148148148148148e-05</data>
    </cornerRatio>
    <edgeRatio idx="1" type="struct" size="1 1">
      <data idx="1" type="double" size="1 1">0.02290864197530864</data>
    </edgeRatio>
    <gridEdgeRatio idx="1" type="struct" size="1 1">
      <data idx="1" type="double" size="1 9">0.0177371110694143 0.009183121599099342 0.02995570321151718 0.01035308661052307 0.01626913610225059 0.04627906976744189 0.04283499446290148 0.02374307862679957 0.01007777777777779</data>
    </gridEdgeRatio>
    <medianHue idx="1" type="struct" size="1 1">
      <data idx="1" type="double" size="1 1">0</data>
    </medianHue>
    <avgSat idx="1" type="struct" size="1 1">
      <data idx="1" type="double" size="1 1">0</data>
    </avgSat>
    <avgInt idx="1" type="struct" size="1 1">
      <data idx="1" type="double" size="1 1">126.8789234567901</data>
    </avgInt>
    <medHueCells idx="1" type="struct" size="1 1">
      <data idx="1" type="double" size="1 9">0 0 0 0 0 0 0 0 0</data>
    </medHueCells>
    <avgSatCells idx="1" type="struct" size="1 1">
      <data idx="1" type="double" size="1 9">0 0 0 0 0 0 0 0 0</data>
    </avgSatCells>
    <avgIntCells idx="1" type="struct" size="1 1">
      <data idx="1" type="double" size="1 9">97.13747088884222 99.07978940629793 144.3199557032117 135.2259688082914 144.3321596891868 144.7851495016611 97.25080841638977 123.7975304540421 156.0512555555557</data>
    </avgIntCells>
    <cornerRatioGrid idx="1" type="struct" size="1 1">
      <data idx="1" type="double" size="1 9">6 1 10 2 4 18 19 6 0</data>
    </cornerRatioGrid>
    <avgR idx="1" type="struct" size="1 1">
      <data idx="1" type="double" size="1 1">126.8789234567901</data>
    </avgR>
    <avgG idx="1" type="struct" size="1 1">
      <data idx="1" type="double" size="1 1">126.8789234567901</data>
    </avgG>
    <avgB idx="1" type="struct" size="1 1">
      <data idx="1" type="double" size="1 1">126.8789234567901</data>
    </avgB>
    <avgRCells idx="1" type="struct" size="1 1">
      <data idx="1" type="double" size="1 9">97.13747088884222 99.07978940629793 144.3199557032117 135.2259688082914 144.3321596891868 144.7851495016611 97.25080841638977 123.7975304540421 156.0512555555557</data>
    </avgRCells>
    <avgGCells idx="1" type="struct" size="1 1">
      <data idx="1" type="double" size="1 9">97.13747088884222 99.07978940629793 144.3199557032117 135.2259688082914 144.3321596891868 144.7851495016611 97.25080841638977 123.7975304540421 156.0512555555557</data>
    </avgGCells>
    <avgBCells idx="1" type="struct" size="1 1">
      <data idx="1" type="double" size="1 9">97.13747088884222 99.07978940629793 144.3199557032117 135.2259688082914 144.3321596891868 144.7851495016611 97.25080841638977 123.7975304540421 156.0512555555557</data>
    </avgBCells>
  </features>
</root>
