<?xml version="1.0"?>
<!-- Written on 15-Jun-2010 21:44:09 using the XML Toolbox for Matlab -->
<root xml_tb_version="3.1" idx="1" type="struct" size="1 1">
  <filename idx="1" type="char" size="1 27">Aline180_by_Pierrebfoto.jpg</filename>
  <features idx="1" type="struct" size="1 1">
    <numFaces idx="1" type="struct" size="1 1">
      <data idx="1" type="double" size="1 1">0</data>
    </numFaces>
    <cornerRatio idx="1" type="struct" size="1 1">
      <data idx="1" type="double" size="1 1">6.666666666666667e-05</data>
    </cornerRatio>
    <edgeRatio idx="1" type="struct" size="1 1">
      <data idx="1" type="double" size="1 1">0.02384444444444445</data>
    </edgeRatio>
    <gridEdgeRatio idx="1" type="struct" size="1 1">
      <data idx="1" type="double" size="1 9">0.01873047758854764 0.009514243772143783 0.01124031007751938 0.057990529905851 0.02932638712596992 0.01906976744186043 0.019656699889258 0.02373200442967884 0.02540000000000001</data>
    </gridEdgeRatio>
    <medianHue idx="1" type="struct" size="1 1">
      <data idx="1" type="double" size="1 1">8</data>
    </medianHue>
    <avgSat idx="1" type="struct" size="1 1">
      <data idx="1" type="double" size="1 1">131.3695172839506</data>
    </avgSat>
    <avgInt idx="1" type="struct" size="1 1">
      <data idx="1" type="double" size="1 1">141.3535456790124</data>
    </avgInt>
    <medHueCells idx="1" type="struct" size="1 1">
      <data idx="1" type="double" size="1 9">6 11 7 7 9 10 7 8 9</data>
    </medHueCells>
    <avgSatCells idx="1" type="struct" size="1 1">
      <data idx="1" type="double" size="1 9">160.8835332943345 108.4646085584044 139.847054263566 140.1370073178 116.7134579088531 89.10433001107427 160.8388039867111 139.4073975636768 126.7873222222223</data>
    </avgSatCells>
    <avgIntCells idx="1" type="struct" size="1 1">
      <data idx="1" type="double" size="1 9">82.25732607807862 185.2820388295936 74.5661018826135 112.5847617575964 188.5250052427677 183.6776411960133 98.59851605758587 183.6954485049833 163.6747000000001</data>
    </avgIntCells>
    <cornerRatioGrid idx="1" type="struct" size="1 1">
      <data idx="1" type="double" size="1 9">10 4 0 17 5 7 4 0 7</data>
    </cornerRatioGrid>
    <avgR idx="1" type="struct" size="1 1">
      <data idx="1" type="double" size="1 1">141.3422814814814</data>
    </avgR>
    <avgG idx="1" type="struct" size="1 1">
      <data idx="1" type="double" size="1 1">96.83835555555551</data>
    </avgG>
    <avgB idx="1" type="struct" size="1 1">
      <data idx="1" type="double" size="1 1">78.5968308641975</data>
    </avgB>
    <avgRCells idx="1" type="struct" size="1 1">
      <data idx="1" type="double" size="1 9">82.23818721647656 185.2344344985155 74.55355481727574 112.5762960673723 188.5224997516583 183.6776411960133 98.58775193798459 183.6954485049833 163.6747000000001</data>
    </avgRCells>
    <avgGCells idx="1" type="struct" size="1 1">
      <data idx="1" type="double" size="1 9">49.43714749285326 139.1261133983068 45.98136212624585 73.00539729142066 136.1054955243319 145.4053156146178 54.45637873754155 117.1186821705426 111.3231888888889</data>
    </avgGCells>
    <avgBCells idx="1" type="struct" size="1 1">
      <data idx="1" type="double" size="1 9">38.64438582355605 115.7511947991745 38.16470653377629 56.03640136422339 112.1409366342535 124.0151827242526 40.76738648947953 91.3401550387597 90.83720000000002</data>
    </avgBCells>
  </features>
</root>
