<?xml version="1.0"?>
<!-- Written on 15-Jun-2010 21:44:10 using the XML Toolbox for Matlab -->
<root xml_tb_version="3.1" idx="1" type="struct" size="1 1">
  <filename idx="1" type="char" size="1 27">Aline320_by_Pierrebfoto.jpg</filename>
  <features idx="1" type="struct" size="1 1">
    <numFaces idx="1" type="struct" size="1 1">
      <data idx="1" type="double" size="1 1">1</data>
    </numFaces>
    <cornerRatio idx="1" type="struct" size="1 1">
      <data idx="1" type="double" size="1 1">0.0001320987654320988</data>
    </cornerRatio>
    <edgeRatio idx="1" type="struct" size="1 1">
      <data idx="1" type="double" size="1 1">0.02647407407407407</data>
    </edgeRatio>
    <gridEdgeRatio idx="1" type="struct" size="1 1">
      <data idx="1" type="double" size="1 9">0.05666604121367309 0.02958024745863737 0.002713178294573655 0.02685400823390471 0.02679882120506394 0.0141749723145072 0.03238095238095242 0.023953488372093 0.02528888888888884</data>
    </gridEdgeRatio>
    <medianHue idx="1" type="struct" size="1 1">
      <data idx="1" type="double" size="1 1">10</data>
    </medianHue>
    <avgSat idx="1" type="struct" size="1 1">
      <data idx="1" type="double" size="1 1">144.4267839506172</data>
    </avgSat>
    <avgInt idx="1" type="struct" size="1 1">
      <data idx="1" type="double" size="1 1">103.5538950617284</data>
    </avgInt>
    <medHueCells idx="1" type="struct" size="1 1">
      <data idx="1" type="double" size="1 9">11 9 10 11 6 9 11 10 8</data>
    </medHueCells>
    <avgSatCells idx="1" type="struct" size="1 1">
      <data idx="1" type="double" size="1 9">150.7745168375625 139.0245913400514 120.6603543743078 130.5337358307304 156.3014205141223 109.5570210409745 182.4203100775195 154.3475083056478 156.0620666666668</data>
    </avgSatCells>
    <avgIntCells idx="1" type="struct" size="1 1">
      <data idx="1" type="double" size="1 9">96.07624639904635 140.4429310934759 112.3070764119601 131.9703976777299 121.3496539773292 113.4403875968993 60.03291251384278 76.8667220376523 79.79686666666672</data>
    </avgIntCells>
    <cornerRatioGrid idx="1" type="struct" size="1 1">
      <data idx="1" type="double" size="1 9">40 12 0 11 14 1 22 3 4</data>
    </cornerRatioGrid>
    <avgR idx="1" type="struct" size="1 1">
      <data idx="1" type="double" size="1 1">103.5486271604937</data>
    </avgR>
    <avgG idx="1" type="struct" size="1 1">
      <data idx="1" type="double" size="1 1">67.97915185185184</data>
    </avgG>
    <avgB idx="1" type="struct" size="1 1">
      <data idx="1" type="double" size="1 1">52.03877530864202</data>
    </avgB>
    <avgRCells idx="1" type="struct" size="1 1">
      <data idx="1" type="double" size="1 9">96.05756007108093 140.4366176973765 112.2982059800665 131.9673072041147 121.3496319025177 113.4403875968993 60.02265780730896 76.8667220376523 79.79684444444449</data>
    </avgRCells>
    <avgGCells idx="1" type="struct" size="1 1">
      <data idx="1" type="double" size="1 9">64.42714760322737 91.63619606847607 83.78141749723149 89.97168905420476 70.00838842838384 83.44343300110737 33.67914728682172 43.02042081949059 52.09454444444442</data>
    </avgGCells>
    <avgBCells idx="1" type="struct" size="1 1">
      <data idx="1" type="double" size="1 9">46.60951865873446 69.22229335217048 71.3110741971207 66.63075462743237 52.44886921777905 68.9818604651163 19.71305647840529 31.25040974529349 42.44417777777782</data>
    </avgBCells>
  </features>
</root>
