<?xml version="1.0"?>
<!-- Written on 15-Jun-2010 21:44:10 using the XML Toolbox for Matlab -->
<root xml_tb_version="3.1" idx="1" type="struct" size="1 1">
  <filename idx="1" type="char" size="1 27">Aline260_by_Pierrebfoto.jpg</filename>
  <features idx="1" type="struct" size="1 1">
    <numFaces idx="1" type="struct" size="1 1">
      <data idx="1" type="double" size="1 1">0</data>
    </numFaces>
    <cornerRatio idx="1" type="struct" size="1 1">
      <data idx="1" type="double" size="1 1">0.0001075268817204301</data>
    </cornerRatio>
    <edgeRatio idx="1" type="struct" size="1 1">
      <data idx="1" type="double" size="1 1">0.02075639599555061</data>
    </edgeRatio>
    <gridEdgeRatio idx="1" type="struct" size="1 1">
      <data idx="1" type="double" size="1 9">0 0 0 0.01820068211167646 0.01094910652200311 0.004717607973421916 0.02867809642329362 0.05032278136423744 0.07468227424749173</data>
    </gridEdgeRatio>
    <medianHue idx="1" type="struct" size="1 1">
      <data idx="1" type="double" size="1 1">10</data>
    </medianHue>
    <avgSat idx="1" type="struct" size="1 1">
      <data idx="1" type="double" size="1 1">155.8594685452971</data>
    </avgSat>
    <avgInt idx="1" type="struct" size="1 1">
      <data idx="1" type="double" size="1 1">102.1113335805216</data>
    </avgInt>
    <medHueCells idx="1" type="struct" size="1 1">
      <data idx="1" type="double" size="1 9">10 10 12 10 10 10 8 8 9</data>
    </medHueCells>
    <avgSatCells idx="1" type="struct" size="1 1">
      <data idx="1" type="double" size="1 9">196.5480071963884 149.3218507521991 86.24600273336372 183.2153618613481 136.4292557477292 129.0607562306247 219.8490365448505 178.4094352159467 122.4717614269787</data>
    </avgSatCells>
    <avgIntCells idx="1" type="struct" size="1 1">
      <data idx="1" type="double" size="1 9">70.83770598558516 104.5553801834416 169.6631518127979 64.59735543757796 128.4935375989228 176.3434593717708 31.42850498338871 47.99788482834995 126.853177257525</data>
    </avgIntCells>
    <cornerRatioGrid idx="1" type="struct" size="1 1">
      <data idx="1" type="double" size="1 9">0 0 0 5 11 1 7 30 33</data>
    </cornerRatioGrid>
    <avgR idx="1" type="struct" size="1 1">
      <data idx="1" type="double" size="1 1">102.1039340007415</data>
    </avgR>
    <avgG idx="1" type="struct" size="1 1">
      <data idx="1" type="double" size="1 1">68.22352861203805</data>
    </avgG>
    <avgB idx="1" type="struct" size="1 1">
      <data idx="1" type="double" size="1 1">52.73093313558269</data>
    </avgB>
    <avgRCells idx="1" type="struct" size="1 1">
      <data idx="1" type="double" size="1 9">70.83770598558516 104.5538901336629 169.6280625340281 64.59735543757796 128.4935375989228 176.3434593717708 31.42772978959027 47.99788482834995 126.8239241917502</data>
    </avgRCells>
    <avgGCells idx="1" type="struct" size="1 1">
      <data idx="1" type="double" size="1 9">36.15172017968894 66.5874769594154 143.7536861520685 35.39331795454794 85.43205924879412 118.8251425015834 12.41005537098559 25.6654042081949 91.23593088071348</data>
    </avgGCells>
    <avgBCells idx="1" type="struct" size="1 1">
      <data idx="1" type="double" size="1 9">20.63833732519509 50.36138673966071 127.4232269247436 21.31496341099989 63.09315570468314 94.2954921721352 5.371196013289032 17.45242524916945 75.90055741360086</data>
    </avgBCells>
  </features>
</root>
