<?xml version="1.0"?>
<!-- Written on 15-Jun-2010 21:44:09 using the XML Toolbox for Matlab -->
<root xml_tb_version="3.1" idx="1" type="struct" size="1 1">
  <filename idx="1" type="char" size="1 27">Aline220_by_Pierrebfoto.jpg</filename>
  <features idx="1" type="struct" size="1 1">
    <numFaces idx="1" type="struct" size="1 1">
      <data idx="1" type="double" size="1 1">1</data>
    </numFaces>
    <cornerRatio idx="1" type="struct" size="1 1">
      <data idx="1" type="double" size="1 1">6.419753086419753e-05</data>
    </cornerRatio>
    <edgeRatio idx="1" type="struct" size="1 1">
      <data idx="1" type="double" size="1 1">0.01450617283950617</data>
    </edgeRatio>
    <gridEdgeRatio idx="1" type="struct" size="1 1">
      <data idx="1" type="double" size="1 9">0.0001103740576814825 0.03690908488868781 0.001362126245847175 0.0189953753269832 0.02561781878787209 0.01735326688815064 0 0.004795127353266883 0.02543333333333333</data>
    </gridEdgeRatio>
    <medianHue idx="1" type="struct" size="1 1">
      <data idx="1" type="double" size="1 1">0</data>
    </medianHue>
    <avgSat idx="1" type="struct" size="1 1">
      <data idx="1" type="double" size="1 1">0</data>
    </avgSat>
    <avgInt idx="1" type="struct" size="1 1">
      <data idx="1" type="double" size="1 1">157.6267358024692</data>
    </avgInt>
    <medHueCells idx="1" type="struct" size="1 1">
      <data idx="1" type="double" size="1 9">0 0 0 0 0 0 0 0 0</data>
    </medHueCells>
    <avgSatCells idx="1" type="struct" size="1 1">
      <data idx="1" type="double" size="1 9">0 0 0 0 0 0 0 0 0</data>
    </avgSatCells>
    <avgIntCells idx="1" type="struct" size="1 1">
      <data idx="1" type="double" size="1 9">219.9305857551239 196.4158563371265 142.8569545957919 161.772011346453 159.0781558702442 141.5498781838319 146.2330897009967 138.6217829457364 112.0607</data>
    </avgIntCells>
    <cornerRatioGrid idx="1" type="struct" size="1 1">
      <data idx="1" type="double" size="1 9">0 25 0 6 9 6 0 0 6</data>
    </cornerRatioGrid>
    <avgR idx="1" type="struct" size="1 1">
      <data idx="1" type="double" size="1 1">157.6267358024692</data>
    </avgR>
    <avgG idx="1" type="struct" size="1 1">
      <data idx="1" type="double" size="1 1">157.6267358024692</data>
    </avgG>
    <avgB idx="1" type="struct" size="1 1">
      <data idx="1" type="double" size="1 1">157.6267358024692</data>
    </avgB>
    <avgRCells idx="1" type="struct" size="1 1">
      <data idx="1" type="double" size="1 9">219.9305857551239 196.4158563371265 142.8569545957919 161.772011346453 159.0781558702442 141.5498781838319 146.2330897009967 138.6217829457364 112.0607</data>
    </avgRCells>
    <avgGCells idx="1" type="struct" size="1 1">
      <data idx="1" type="double" size="1 9">219.9305857551239 196.4158563371265 142.8569545957919 161.772011346453 159.0781558702442 141.5498781838319 146.2330897009967 138.6217829457364 112.0607</data>
    </avgGCells>
    <avgBCells idx="1" type="struct" size="1 1">
      <data idx="1" type="double" size="1 9">219.9305857551239 196.4158563371265 142.8569545957919 161.772011346453 159.0781558702442 141.5498781838319 146.2330897009967 138.6217829457364 112.0607</data>
    </avgBCells>
  </features>
</root>
