<?xml version="1.0"?>
<!-- Written on 15-Jun-2010 21:44:10 using the XML Toolbox for Matlab -->
<root xml_tb_version="3.1" idx="1" type="struct" size="1 1">
  <filename idx="1" type="char" size="1 27">Aline250_by_Pierrebfoto.jpg</filename>
  <features idx="1" type="struct" size="1 1">
    <numFaces idx="1" type="struct" size="1 1">
      <data idx="1" type="double" size="1 1">1</data>
    </numFaces>
    <cornerRatio idx="1" type="struct" size="1 1">
      <data idx="1" type="double" size="1 1">3.209876543209876e-05</data>
    </cornerRatio>
    <edgeRatio idx="1" type="struct" size="1 1">
      <data idx="1" type="double" size="1 1">0.01217160493827161</data>
    </edgeRatio>
    <gridEdgeRatio idx="1" type="struct" size="1 1">
      <data idx="1" type="double" size="1 9">0.01119192944890234 0.006799041953179331 0.004905869324473981 0.01315658767563273 0.01391816867363493 0.015171650055371 0.01970099667774082 0.01606866002214837 0.008788888888888902</data>
    </gridEdgeRatio>
    <medianHue idx="1" type="struct" size="1 1">
      <data idx="1" type="double" size="1 1">0</data>
    </medianHue>
    <avgSat idx="1" type="struct" size="1 1">
      <data idx="1" type="double" size="1 1">0</data>
    </avgSat>
    <avgInt idx="1" type="struct" size="1 1">
      <data idx="1" type="double" size="1 1">108.8543543209876</data>
    </avgInt>
    <medHueCells idx="1" type="struct" size="1 1">
      <data idx="1" type="double" size="1 9">0 0 0 0 0 0 0 0 0</data>
    </medHueCells>
    <avgSatCells idx="1" type="struct" size="1 1">
      <data idx="1" type="double" size="1 9">0 0 0 0 0 0 0 0 0</data>
    </avgSatCells>
    <avgIntCells idx="1" type="struct" size="1 1">
      <data idx="1" type="double" size="1 9">155.266211189722 102.7530490833434 90.71396456256919 131.4779307071666 107.7779825829737 104.0533111849391 67.00490586932456 93.79165005537104 127.0959222222221</data>
    </avgIntCells>
    <cornerRatioGrid idx="1" type="struct" size="1 1">
      <data idx="1" type="double" size="1 9">4 2 1 3 1 5 6 3 1</data>
    </cornerRatioGrid>
    <avgR idx="1" type="struct" size="1 1">
      <data idx="1" type="double" size="1 1">108.8543543209876</data>
    </avgR>
    <avgG idx="1" type="struct" size="1 1">
      <data idx="1" type="double" size="1 1">108.8543543209876</data>
    </avgG>
    <avgB idx="1" type="struct" size="1 1">
      <data idx="1" type="double" size="1 1">108.8543543209876</data>
    </avgB>
    <avgRCells idx="1" type="struct" size="1 1">
      <data idx="1" type="double" size="1 9">155.266211189722 102.7530490833434 90.71396456256919 131.4779307071666 107.7779825829737 104.0533111849391 67.00490586932456 93.79165005537104 127.0959222222221</data>
    </avgRCells>
    <avgGCells idx="1" type="struct" size="1 1">
      <data idx="1" type="double" size="1 9">155.266211189722 102.7530490833434 90.71396456256919 131.4779307071666 107.7779825829737 104.0533111849391 67.00490586932456 93.79165005537104 127.0959222222221</data>
    </avgGCells>
    <avgBCells idx="1" type="struct" size="1 1">
      <data idx="1" type="double" size="1 9">155.266211189722 102.7530490833434 90.71396456256919 131.4779307071666 107.7779825829737 104.0533111849391 67.00490586932456 93.79165005537104 127.0959222222221</data>
    </avgBCells>
  </features>
</root>
