<?xml version="1.0"?>
<!-- Written on 15-Jun-2010 21:44:10 using the XML Toolbox for Matlab -->
<root xml_tb_version="3.1" idx="1" type="struct" size="1 1">
  <filename idx="1" type="char" size="1 27">Aline310_by_Pierrebfoto.jpg</filename>
  <features idx="1" type="struct" size="1 1">
    <numFaces idx="1" type="struct" size="1 1">
      <data idx="1" type="double" size="1 1">0</data>
    </numFaces>
    <cornerRatio idx="1" type="struct" size="1 1">
      <data idx="1" type="double" size="1 1">7.777777777777778e-05</data>
    </cornerRatio>
    <edgeRatio idx="1" type="struct" size="1 1">
      <data idx="1" type="double" size="1 1">0.02613456790123457</data>
    </edgeRatio>
    <gridEdgeRatio idx="1" type="struct" size="1 1">
      <data idx="1" type="double" size="1 9">0.01371949536980829 0.01535303142349427 0.006899224806201558 0.01865321574817055 0.01641262237723646 0.05647840531561463 0.04739756367663346 0.03883720930232554 0.02205555555555552</data>
    </gridEdgeRatio>
    <medianHue idx="1" type="struct" size="1 1">
      <data idx="1" type="double" size="1 1">11</data>
    </medianHue>
    <avgSat idx="1" type="struct" size="1 1">
      <data idx="1" type="double" size="1 1">141.0364049382715</data>
    </avgSat>
    <avgInt idx="1" type="struct" size="1 1">
      <data idx="1" type="double" size="1 1">125.446675308642</data>
    </avgInt>
    <medHueCells idx="1" type="struct" size="1 1">
      <data idx="1" type="double" size="1 9">10 10 8 12 7 11 12 12 12</data>
    </medHueCells>
    <avgSatCells idx="1" type="struct" size="1 1">
      <data idx="1" type="double" size="1 9">167.561505943643 161.0758380150329 106.4885492801772 136.8348252226795 174.4514630081344 98.50676633444071 151.1509856035438 145.3794241417497 127.6455555555556</data>
    </avgSatCells>
    <avgIntCells idx="1" type="struct" size="1 1">
      <data idx="1" type="double" size="1 9">79.96966920894913 100.711846447611 160.1979955703212 112.1920839725832 123.8381033321928 169.4282724252494 95.37019933554807 160.6258028792912 127.481588888889</data>
    </avgIntCells>
    <cornerRatioGrid idx="1" type="struct" size="1 1">
      <data idx="1" type="double" size="1 9">0 0 0 5 1 26 19 3 9</data>
    </cornerRatioGrid>
    <avgR idx="1" type="struct" size="1 1">
      <data idx="1" type="double" size="1 1">125.4248641975308</data>
    </avgR>
    <avgG idx="1" type="struct" size="1 1">
      <data idx="1" type="double" size="1 1">86.39044814814818</data>
    </avgG>
    <avgB idx="1" type="struct" size="1 1">
      <data idx="1" type="double" size="1 1">65.72941358024691</data>
    </avgB>
    <avgRCells idx="1" type="struct" size="1 1">
      <data idx="1" type="double" size="1 9">79.92883080760696 100.6982152514873 160.1198781838318 112.169998123641 123.8381033321928 169.4191915836104 95.34826135105202 160.6157585825028 127.4815444444445</data>
    </avgRCells>
    <avgGCells idx="1" type="struct" size="1 1">
      <data idx="1" type="double" size="1 9">51.55308440304186 63.09987748479598 125.58065337763 75.88342292027683 63.38503990022186 134.8264341085272 63.05197120708745 108.4001550387596 92.20436666666671</data>
    </avgGCells>
    <avgBCells idx="1" type="struct" size="1 1">
      <data idx="1" type="double" size="1 9">36.49027052681539 45.19445701482324 113.0270321151715 53.73767397710841 42.06806768137221 116.0432890365449 40.83218161683278 76.41885935769658 68.11295555555552</data>
    </avgBCells>
  </features>
</root>
