<?xml version="1.0"?>
<!-- Written on 15-Jun-2010 21:44:11 using the XML Toolbox for Matlab -->
<root xml_tb_version="3.1" idx="1" type="struct" size="1 1">
  <filename idx="1" type="char" size="1 27">Aline330_by_Pierrebfoto.jpg</filename>
  <features idx="1" type="struct" size="1 1">
    <numFaces idx="1" type="struct" size="1 1">
      <data idx="1" type="double" size="1 1">0</data>
    </numFaces>
    <cornerRatio idx="1" type="struct" size="1 1">
      <data idx="1" type="double" size="1 1">0.0001419753086419753</data>
    </cornerRatio>
    <edgeRatio idx="1" type="struct" size="1 1">
      <data idx="1" type="double" size="1 1">0.02545679012345679</data>
    </edgeRatio>
    <gridEdgeRatio idx="1" type="struct" size="1 1">
      <data idx="1" type="double" size="1 9">0.07471219964459551 0.002781426253573364 0 0.01618083685610534 0.0246686018918114 0.002746400885935774 0.03643410852713173 0.03355481727574748 0.03792222222222217</data>
    </gridEdgeRatio>
    <medianHue idx="1" type="struct" size="1 1">
      <data idx="1" type="double" size="1 1">9</data>
    </medianHue>
    <avgSat idx="1" type="struct" size="1 1">
      <data idx="1" type="double" size="1 1">157.0958283950615</data>
    </avgSat>
    <avgInt idx="1" type="struct" size="1 1">
      <data idx="1" type="double" size="1 1">117.0694012345679</data>
    </avgInt>
    <medHueCells idx="1" type="struct" size="1 1">
      <data idx="1" type="double" size="1 9">8 9 9 9 10 12 9 9 10</data>
    </medHueCells>
    <avgSatCells idx="1" type="struct" size="1 1">
      <data idx="1" type="double" size="1 9">178.9259390072958 180.1440712574918 160.3555813953488 146.8950232337392 143.3741680555401 110.8645182724252 171.0671871539313 158.170465116279 163.6725666666667</data>
    </avgSatCells>
    <avgIntCells idx="1" type="struct" size="1 1">
      <data idx="1" type="double" size="1 9">67.83917396055226 102.9615567157095 114.1256921373201 106.1708480038852 175.9731128795487 191.0579734219269 71.56244739756367 90.5464784053156 134.4577555555556</data>
    </avgIntCells>
    <cornerRatioGrid idx="1" type="struct" size="1 1">
      <data idx="1" type="double" size="1 9">32 3 0 2 14 0 19 19 26</data>
    </cornerRatioGrid>
    <avgR idx="1" type="struct" size="1 1">
      <data idx="1" type="double" size="1 1">117.0532629629628</data>
    </avgR>
    <avgG idx="1" type="struct" size="1 1">
      <data idx="1" type="double" size="1 1">74.60753209876542</data>
    </avgG>
    <avgB idx="1" type="struct" size="1 1">
      <data idx="1" type="double" size="1 1">54.12536419753079</data>
    </avgB>
    <avgRCells idx="1" type="struct" size="1 1">
      <data idx="1" type="double" size="1 9">67.80411915983265 102.9438858290747 114.0893687707641 106.1569077604 175.9731128795487 191.0297342192691 71.54866002214835 90.5464784053156 134.457688888889</data>
    </avgRCells>
    <avgGCells idx="1" type="struct" size="1 1">
      <data idx="1" type="double" size="1 9">35.45555788567454 55.42588933896975 76.00910299003323 65.79692277127184 113.6374101831106 147.9426356589146 38.82944629014398 53.12795127353268 86.00551111111113</data>
    </avgGCells>
    <avgBCells idx="1" type="struct" size="1 1">
      <data idx="1" type="double" size="1 9">23.96630280018985 36.80743038156312 57.78982281284606 46.88499023189591 77.00513239368219 120.5707308970099 25.5976522702104 35.84784053156145 63.2203111111111</data>
    </avgBCells>
  </features>
</root>
