<?xml version="1.0"?>
<!-- Written on 15-Jun-2010 21:44:12 using the XML Toolbox for Matlab -->
<root xml_tb_version="3.1" idx="1" type="struct" size="1 1">
  <filename idx="1" type="char" size="1 34">Allosaurus_III_by_Mallimaakari.jpg</filename>
  <features idx="1" type="struct" size="1 1">
    <numFaces idx="1" type="struct" size="1 1">
      <data idx="1" type="double" size="1 1">1</data>
    </numFaces>
    <cornerRatio idx="1" type="struct" size="1 1">
      <data idx="1" type="double" size="1 1">0.001248148148148148</data>
    </cornerRatio>
    <edgeRatio idx="1" type="struct" size="1 1">
      <data idx="1" type="double" size="1 1">0.08331851851851851</data>
    </edgeRatio>
    <gridEdgeRatio idx="1" type="struct" size="1 1">
      <data idx="1" type="double" size="1 9">0.005205759283054923 0.1280682679318638 0.002119205298013245 0.08856380349906096 0.1245757965141181 0.295761589403973 0 0 0.1060333333333333</data>
    </gridEdgeRatio>
    <medianHue idx="1" type="struct" size="1 1">
      <data idx="1" type="double" size="1 1">110</data>
    </medianHue>
    <avgSat idx="1" type="struct" size="1 1">
      <data idx="1" type="double" size="1 1">49.14617777777781</data>
    </avgSat>
    <avgInt idx="1" type="struct" size="1 1">
      <data idx="1" type="double" size="1 1">36.00247777777774</data>
    </avgInt>
    <medHueCells idx="1" type="struct" size="1 1">
      <data idx="1" type="double" size="1 9">110 110 114 102 102 114 110 22 110</data>
    </medHueCells>
    <avgSatCells idx="1" type="struct" size="1 1">
      <data idx="1" type="double" size="1 9">42.84992257256759 48.28466936838986 55.64006633499173 45.09413198906133 59.8701525485157 52.32265339966832 37.46135761589404 45.83410596026489 55.21289999999997</data>
    </avgSatCells>
    <avgIntCells idx="1" type="struct" size="1 1">
      <data idx="1" type="double" size="1 9">26.19821422687885 34.79779908404995 18.90013266998342 58.91604889459985 33.63483904978417 20.44427860696518 26.26602649006622 76.42377483443703 28.19729999999998</data>
    </avgIntCells>
    <cornerRatioGrid idx="1" type="struct" size="1 1">
      <data idx="1" type="double" size="1 9">2 62 0 44 60 127 0 0 42</data>
    </cornerRatioGrid>
    <avgR idx="1" type="struct" size="1 1">
      <data idx="1" type="double" size="1 1">32.44707037037037</data>
    </avgR>
    <avgG idx="1" type="struct" size="1 1">
      <data idx="1" type="double" size="1 1">32.73309999999999</data>
    </avgG>
    <avgB idx="1" type="struct" size="1 1">
      <data idx="1" type="double" size="1 1">32.49224814814817</data>
    </avgB>
    <avgRCells idx="1" type="struct" size="1 1">
      <data idx="1" type="double" size="1 9">22.02336002108662 31.22579157194161 14.70756218905473 54.40331455306249 30.23682909953542 16.17492537313433 22.43864238410595 75.08059602649001 25.51106666666666</data>
    </avgRCells>
    <avgGCells idx="1" type="struct" size="1 1">
      <data idx="1" type="double" size="1 9">23.22170603933972 31.74070047115417 15.77064676616915 57.07953609436262 32.11166024183717 17.23990049751244 23.73900662251657 68.54761589403977 24.89736666666666</data>
    </avgGCells>
    <avgBCells idx="1" type="struct" size="1 1">
      <data idx="1" type="double" size="1 9">25.67585911502091 32.9627689367731 18.81555555555556 49.54225560937038 28.56466014299362 20.35854063018242 25.86397350993379 64.67122516556289 25.72023333333334</data>
    </avgBCells>
  </features>
</root>
