<?xml version="1.0"?>
<!-- Written on 15-Jun-2010 21:44:12 using the XML Toolbox for Matlab -->
<root xml_tb_version="3.1" idx="1" type="struct" size="1 1">
  <filename idx="1" type="char" size="1 37">Allosaurus_2_0_II_by_Mallimaakari.jpg</filename>
  <features idx="1" type="struct" size="1 1">
    <numFaces idx="1" type="struct" size="1 1">
      <data idx="1" type="double" size="1 1">0</data>
    </numFaces>
    <cornerRatio idx="1" type="struct" size="1 1">
      <data idx="1" type="double" size="1 1">0.0005547325102880659</data>
    </cornerRatio>
    <edgeRatio idx="1" type="struct" size="1 1">
      <data idx="1" type="double" size="1 1">0.05446584362139918</data>
    </edgeRatio>
    <gridEdgeRatio idx="1" type="struct" size="1 1">
      <data idx="1" type="double" size="1 9">0.05975656366683325 0.1612177696763002 0.08092920353982304 0.04867256637168141 0.05994766706847378 0.001622418879056048 0.03304540420819489 0.04478405315614617 0.0008444444444444445</data>
    </gridEdgeRatio>
    <medianHue idx="1" type="struct" size="1 1">
      <data idx="1" type="double" size="1 1">110</data>
    </medianHue>
    <avgSat idx="1" type="struct" size="1 1">
      <data idx="1" type="double" size="1 1">58.04784855967083</data>
    </avgSat>
    <avgInt idx="1" type="struct" size="1 1">
      <data idx="1" type="double" size="1 1">37.40642469135804</data>
    </avgInt>
    <medHueCells idx="1" type="struct" size="1 1">
      <data idx="1" type="double" size="1 9">110 110 110 108 110 110 111 114 114</data>
    </medHueCells>
    <avgSatCells idx="1" type="struct" size="1 1">
      <data idx="1" type="double" size="1 9">57.73946726251728 59.13396348454999 55.32967146548543 52.25794549142975 61.27324846382267 49.62216315983758 67.7371533923304 62.00187315634218 57.43586666666668</data>
    </avgSatCells>
    <avgIntCells idx="1" type="struct" size="1 1">
      <data idx="1" type="double" size="1 9">33.66223208773116 34.32550789404051 32.74928017718716 74.75330020874374 37.31201305383237 37.66053894425987 42.3811946902655 22.68275811209438 21.67531851851852</data>
    </avgIntCells>
    <cornerRatioGrid idx="1" type="struct" size="1 1">
      <data idx="1" type="double" size="1 9">49 145 64 20 26 1 12 17 3</data>
    </cornerRatioGrid>
    <avgR idx="1" type="struct" size="1 1">
      <data idx="1" type="double" size="1 1">31.09419917695472</data>
    </avgR>
    <avgG idx="1" type="struct" size="1 1">
      <data idx="1" type="double" size="1 1">32.78008230452676</data>
    </avgG>
    <avgB idx="1" type="struct" size="1 1">
      <data idx="1" type="double" size="1 1">36.20307489711935</data>
    </avgB>
    <avgRCells idx="1" type="struct" size="1 1">
      <data idx="1" type="double" size="1 9">28.60525387351898 28.9699232646341 27.80550756736802 65.91035780436887 28.65973304324819 34.1804503506829 32.05629793510322 17.12323008849557 16.97761481481481</data>
    </avgRCells>
    <avgGCells idx="1" type="struct" size="1 1">
      <data idx="1" type="double" size="1 9">29.81085173316086 30.68210684150179 28.96067921742339 67.5843354011702 31.38549966189402 34.89975636766339 35.45595870206491 18.48005899705013 18.23945185185186</data>
    </avgGCells>
    <avgBCells idx="1" type="struct" size="1 1">
      <data idx="1" type="double" size="1 9">32.76692735130685 33.23582159762442 31.26433370247324 70.43259930026755 36.78919824772882 35.72513842746398 41.93100294985251 22.62982300884953 21.56850370370372</data>
    </avgBCells>
  </features>
</root>
