<?xml version="1.0"?>
<!-- Written on 15-Jun-2010 21:44:13 using the XML Toolbox for Matlab -->
<root xml_tb_version="3.1" idx="1" type="struct" size="1 1">
  <filename idx="1" type="char" size="1 34">Allosaurus_WIP_by_Mallimaakari.jpg</filename>
  <features idx="1" type="struct" size="1 1">
    <numFaces idx="1" type="struct" size="1 1">
      <data idx="1" type="double" size="1 1">0</data>
    </numFaces>
    <cornerRatio idx="1" type="struct" size="1 1">
      <data idx="1" type="double" size="1 1">0.0002925925925925926</data>
    </cornerRatio>
    <edgeRatio idx="1" type="struct" size="1 1">
      <data idx="1" type="double" size="1 1">0.0560962962962963</data>
    </edgeRatio>
    <gridEdgeRatio idx="1" type="struct" size="1 1">
      <data idx="1" type="double" size="1 9">0.04701657276531251 0.07785575434087837 0.03569536423841053 0.01937333201541963 0.0713650291588416 0.04556291390728478 0 0.08079601990049749 0.1285333333333334</data>
    </gridEdgeRatio>
    <medianHue idx="1" type="struct" size="1 1">
      <data idx="1" type="double" size="1 1">32</data>
    </medianHue>
    <avgSat idx="1" type="struct" size="1 1">
      <data idx="1" type="double" size="1 1">31.34967037037038</data>
    </avgSat>
    <avgInt idx="1" type="struct" size="1 1">
      <data idx="1" type="double" size="1 1">136.2587407407407</data>
    </avgInt>
    <medHueCells idx="1" type="struct" size="1 1">
      <data idx="1" type="double" size="1 9">101 104 75 20 30 36 24 24 30</data>
    </medHueCells>
    <avgSatCells idx="1" type="struct" size="1 1">
      <data idx="1" type="double" size="1 9">22.2865144476294 15.09021119567725 9.887097844112771 36.5011696484465 26.65269678099569 17.0929353233831 83.8444701986755 29.29847682119206 41.16743333333335</data>
    </avgSatCells>
    <avgIntCells idx="1" type="struct" size="1 1">
      <data idx="1" type="double" size="1 9">143.3148166452506 148.6576719053737 174.1700165837479 142.2051991697143 99.92998583242728 150.3014925373134 119.0490728476821 116.4382450331126 131.8323666666667</data>
    </avgIntCells>
    <cornerRatioGrid idx="1" type="struct" size="1 1">
      <data idx="1" type="double" size="1 9">2 3 3 3 15 8 0 18 27</data>
    </cornerRatioGrid>
    <avgR idx="1" type="struct" size="1 1">
      <data idx="1" type="double" size="1 1">133.3595296296296</data>
    </avgR>
    <avgG idx="1" type="struct" size="1 1">
      <data idx="1" type="double" size="1 1">131.0630555555556</data>
    </avgG>
    <avgB idx="1" type="struct" size="1 1">
      <data idx="1" type="double" size="1 1">123.7695555555554</data>
    </avgB>
    <avgRCells idx="1" type="struct" size="1 1">
      <data idx="1" type="double" size="1 9">137.50406905868 140.2503706632401 168.6040464344943 141.5154360647095 99.18730849065926 148.5920729684909 118.9416887417218 115.7492052980133 129.5223</data>
    </avgRCells>
    <avgGCells idx="1" type="struct" size="1 1">
      <data idx="1" type="double" size="1 9">137.94517478831 143.9108101874732 172.0839469320067 134.3709927185266 96.36324997528911 147.1459701492538 110.8738410596027 111.0176158940397 125.4747</data>
    </avgGCells>
    <avgBCells idx="1" type="struct" size="1 1">
      <data idx="1" type="double" size="1 9">136.8944680570656 148.097558564792 172.0278275290215 120.7307502223979 91.12487232710622 143.0317744610281 80.83400662251651 104.0956291390729 116.8208666666667</data>
    </avgBCells>
  </features>
</root>
