<?xml version="1.0"?>
<!-- Written on 15-Jun-2010 21:44:12 using the XML Toolbox for Matlab -->
<root xml_tb_version="3.1" idx="1" type="struct" size="1 1">
  <filename idx="1" type="char" size="1 33">Allosaurus_II_by_Mallimaakari.jpg</filename>
  <features idx="1" type="struct" size="1 1">
    <numFaces idx="1" type="struct" size="1 1">
      <data idx="1" type="double" size="1 1">0</data>
    </numFaces>
    <cornerRatio idx="1" type="struct" size="1 1">
      <data idx="1" type="double" size="1 1">0.0004777777777777778</data>
    </cornerRatio>
    <edgeRatio idx="1" type="struct" size="1 1">
      <data idx="1" type="double" size="1 1">0.04551851851851852</data>
    </edgeRatio>
    <gridEdgeRatio idx="1" type="struct" size="1 1">
      <data idx="1" type="double" size="1 9">0.0916609007940431 0.06681822674705944 0 0.03304668709432969 0.1261902408487366 0.03569536423841058 0.006434494195688225 0.04679933665008289 0.004500000000000001</data>
    </gridEdgeRatio>
    <medianHue idx="1" type="struct" size="1 1">
      <data idx="1" type="double" size="1 1">110</data>
    </medianHue>
    <avgSat idx="1" type="struct" size="1 1">
      <data idx="1" type="double" size="1 1">49.20424444444452</data>
    </avgSat>
    <avgInt idx="1" type="struct" size="1 1">
      <data idx="1" type="double" size="1 1">34.5864962962963</data>
    </avgInt>
    <medHueCells idx="1" type="struct" size="1 1">
      <data idx="1" type="double" size="1 9">102 110 110 96 75 110 110 110 110</data>
    </medHueCells>
    <avgSatCells idx="1" type="struct" size="1 1">
      <data idx="1" type="double" size="1 9">42.0619748937432 58.41184804454549 67.5965174129353 28.82132384435439 51.59839873480282 59.71953565505805 29.23519867549669 47.75142384105957 58.08086666666666</data>
    </avgSatCells>
    <avgIntCells idx="1" type="struct" size="1 1">
      <data idx="1" type="double" size="1 9">48.79249448123619 23.94323086553984 19.36769485903814 61.49154887812593 54.00019768706137 27.50026533996683 31.46917218543045 25.93625827814568 19.07933333333333</data>
    </avgIntCells>
    <cornerRatioGrid idx="1" type="struct" size="1 1">
      <data idx="1" type="double" size="1 9">43 22 0 11 44 7 0 2 0</data>
    </cornerRatioGrid>
    <avgR idx="1" type="struct" size="1 1">
      <data idx="1" type="double" size="1 1">30.96177777777773</data>
    </avgR>
    <avgG idx="1" type="struct" size="1 1">
      <data idx="1" type="double" size="1 1">31.36975185185186</data>
    </avgG>
    <avgB idx="1" type="struct" size="1 1">
      <data idx="1" type="double" size="1 1">31.56171851851854</data>
    </avgB>
    <avgRCells idx="1" type="struct" size="1 1">
      <data idx="1" type="double" size="1 9">45.31629929821091 20.42169944977102 14.2498175787728 58.17699581562387 51.84244341207864 23.4812935323383 28.05370860927153 22.64996688741722 14.80073333333334</data>
    </avgRCells>
    <avgGCells idx="1" type="struct" size="1 1">
      <data idx="1" type="double" size="1 9">45.87094329676125 21.08144706928931 15.93502487562189 57.67454120127834 50.0156502256927 23.28739635157547 29.49099337748344 23.04271523178807 16.12063333333332</data>
    </avgGCells>
    <avgBCells idx="1" type="struct" size="1 1">
      <data idx="1" type="double" size="1 9">42.57810286316762 22.48568416197162 19.26633499170812 56.06197489374317 44.410826661395 25.20985074626866 30.92271523178806 24.38374172185431 18.89376666666668</data>
    </avgBCells>
  </features>
</root>
