<?xml version="1.0"?>
<!-- Written on 15-Jun-2010 21:44:12 using the XML Toolbox for Matlab -->
<root xml_tb_version="3.1" idx="1" type="struct" size="1 1">
  <filename idx="1" type="char" size="1 38">Allosaurus_2_0_III_by_Mallimaakari.jpg</filename>
  <features idx="1" type="struct" size="1 1">
    <numFaces idx="1" type="struct" size="1 1">
      <data idx="1" type="double" size="1 1">0</data>
    </numFaces>
    <cornerRatio idx="1" type="struct" size="1 1">
      <data idx="1" type="double" size="1 1">0.0004279835390946502</data>
    </cornerRatio>
    <edgeRatio idx="1" type="struct" size="1 1">
      <data idx="1" type="double" size="1 1">0.03506172839506173</data>
    </edgeRatio>
    <gridEdgeRatio idx="1" type="struct" size="1 1">
      <data idx="1" type="double" size="1 9">0.1050480698556435 0.07113456619527832 0.005501474926253682 0.04737894334519156 0.04546790932878605 0.02007374631268436 0.007530454042081938 0.0142783314876338 0.0001333333333333333</data>
    </gridEdgeRatio>
    <medianHue idx="1" type="struct" size="1 1">
      <data idx="1" type="double" size="1 1">110</data>
    </medianHue>
    <avgSat idx="1" type="struct" size="1 1">
      <data idx="1" type="double" size="1 1">49.76806255144032</data>
    </avgSat>
    <avgInt idx="1" type="struct" size="1 1">
      <data idx="1" type="double" size="1 1">27.36227654320992</data>
    </avgInt>
    <medHueCells idx="1" type="struct" size="1 1">
      <data idx="1" type="double" size="1 9">110 110 110 110 110 110 110 110 110</data>
    </medHueCells>
    <avgSatCells idx="1" type="struct" size="1 1">
      <data idx="1" type="double" size="1 9">50.97220180519211 54.28184811689646 38.70716869693615 51.55136271425634 52.78356804751126 39.48292358803985 55.24140117994099 51.13880530973451 53.92927407407407</data>
    </avgSatCells>
    <avgIntCells idx="1" type="struct" size="1 1">
      <data idx="1" type="double" size="1 9">44.78149531061655 31.32481698174228 16.05574012550758 46.83250521859286 33.40421309499308 19.67183462532298 17.07902654867256 20.66594395280236 16.56419259259259</data>
    </avgIntCells>
    <cornerRatioGrid idx="1" type="struct" size="1 1">
      <data idx="1" type="double" size="1 9">107 67 6 24 23 19 4 8 2</data>
    </cornerRatioGrid>
    <avgR idx="1" type="struct" size="1 1">
      <data idx="1" type="double" size="1 1">23.59995555555558</data>
    </avgR>
    <avgG idx="1" type="struct" size="1 1">
      <data idx="1" type="double" size="1 1">24.73005761316874</data>
    </avgG>
    <avgB idx="1" type="struct" size="1 1">
      <data idx="1" type="double" size="1 1">26.23883127572017</data>
    </avgB>
    <avgRCells idx="1" type="struct" size="1 1">
      <data idx="1" type="double" size="1 9">39.06966454002879 27.16271719636612 13.75180509413068 41.45071002263843 29.22661923382234 17.10922111480251 13.85483775811209 17.41000000000001 13.41554074074072</data>
    </avgRCells>
    <avgGCells idx="1" type="struct" size="1 1">
      <data idx="1" type="double" size="1 9">40.90428659630143 28.51856643048246 14.66077519379845 42.4282333225531 30.47858171875458 17.96973052787007 14.81364306784661 18.44659292035398 14.42681481481482</data>
    </avgGCells>
    <avgBCells idx="1" type="struct" size="1 1">
      <data idx="1" type="double" size="1 9">43.09272925058069 29.92686619821836 15.70548541897378 43.04429188839563 32.03672125363832 19.23347360649685 16.77266961651917 20.10054572271386 16.37582222222223</data>
    </avgBCells>
  </features>
</root>
