<?xml version="1.0"?>
<!-- Written on 15-Jun-2010 21:47:15 using the XML Toolbox for Matlab -->
<root xml_tb_version="3.1" idx="1" type="struct" size="1 1">
  <filename idx="1" type="char" size="1 25">am_i_weak_by_Udodelig.jpg</filename>
  <features idx="1" type="struct" size="1 1">
    <numFaces idx="1" type="struct" size="1 1">
      <data idx="1" type="double" size="1 1">0</data>
    </numFaces>
    <cornerRatio idx="1" type="struct" size="1 1">
      <data idx="1" type="double" size="1 1">0.005293333333333333</data>
    </cornerRatio>
    <edgeRatio idx="1" type="struct" size="1 1">
      <data idx="1" type="double" size="1 1">0</data>
    </edgeRatio>
    <gridEdgeRatio idx="1" type="struct" size="1 1">
      <data idx="1" type="double" size="1 9">0 0 0 0 0 0 0 0 0</data>
    </gridEdgeRatio>
    <medianHue idx="1" type="struct" size="1 1">
      <data idx="1" type="double" size="1 1">27</data>
    </medianHue>
    <avgSat idx="1" type="struct" size="1 1">
      <data idx="1" type="double" size="1 1">57.99580533333333</data>
    </avgSat>
    <avgInt idx="1" type="struct" size="1 1">
      <data idx="1" type="double" size="1 1">167.5338319999998</data>
    </avgInt>
    <medHueCells idx="1" type="struct" size="1 1">
      <data idx="1" type="double" size="1 9">27 29 35 25 27 33 11 11 30</data>
    </medHueCells>
    <avgSatCells idx="1" type="struct" size="1 1">
      <data idx="1" type="double" size="1 9">46.42024758110415 44.03298709922214 24.31978111649785 71.64790836653387 56.7633276418137 34.42387078193251 100.361 92.44457142857146 51.37867469879519</data>
    </avgSatCells>
    <avgIntCells idx="1" type="struct" size="1 1">
      <data idx="1" type="double" size="1 9">185.5545674445077 187.4921267311705 192.9081745307928 189.38453329539 195.8712767975717 194.0509288148611 93.24152380952377 97.76545238095237 171.8554939759036</data>
    </avgIntCells>
    <cornerRatioGrid idx="1" type="struct" size="1 1">
      <data idx="1" type="double" size="1 9">231 230 194 225 221 193 229 217 245</data>
    </cornerRatioGrid>
    <avgR idx="1" type="struct" size="1 1">
      <data idx="1" type="double" size="1 1">166.1228133333332</data>
    </avgR>
    <avgG idx="1" type="struct" size="1 1">
      <data idx="1" type="double" size="1 1">158.9909093333333</data>
    </avgG>
    <avgB idx="1" type="struct" size="1 1">
      <data idx="1" type="double" size="1 1">132.2141493333332</data>
    </avgB>
    <avgRCells idx="1" type="struct" size="1 1">
      <data idx="1" type="double" size="1 9">185.1205179282869 186.2596518687157 188.3943503096049 189.3844384367294 195.8391671409599 190.2558440935056 93.24135714285713 97.75692857142855 169.1364096385543</data>
    </avgRCells>
    <avgGCells idx="1" type="struct" size="1 1">
      <data idx="1" type="double" size="1 9">182.2050607095427 185.6570622272814 192.6552344837516 178.9812179852022 190.7629956365015 192.4689675034799 65.3767619047619 77.27726190476196 165.9279518072289</data>
    </avgGCells>
    <avgBCells idx="1" type="struct" size="1 1">
      <data idx="1" type="double" size="1 9">151.1604771390628 154.7260481881995 174.8298612777804 136.6978751660027 152.0853490798709 168.0243363893823 53.61921428571427 59.10676190476192 140.0169397590361</data>
    </avgBCells>
  </features>
</root>
