<?xml version="1.0"?>
<!-- Written on 15-Jun-2010 21:44:13 using the XML Toolbox for Matlab -->
<root xml_tb_version="3.1" idx="1" type="struct" size="1 1">
  <filename idx="1" type="char" size="1 21">Amble_by_sekcyjny.jpg</filename>
  <features idx="1" type="struct" size="1 1">
    <numFaces idx="1" type="struct" size="1 1">
      <data idx="1" type="double" size="1 1">0</data>
    </numFaces>
    <cornerRatio idx="1" type="struct" size="1 1">
      <data idx="1" type="double" size="1 1">0.0003638888888888889</data>
    </cornerRatio>
    <edgeRatio idx="1" type="struct" size="1 1">
      <data idx="1" type="double" size="1 1">0.0857</data>
    </edgeRatio>
    <gridEdgeRatio idx="1" type="struct" size="1 1">
      <data idx="1" type="double" size="1 9">0.1245266206282023 0.09536892651172015 0.05915422885572148 0.1399965347392388 0.144501373728373 0.08661691542288558 0.04925373134328355 0.05427860696517412 0.01817499999999993</data>
    </gridEdgeRatio>
    <medianHue idx="1" type="struct" size="1 1">
      <data idx="1" type="double" size="1 1">114</data>
    </medianHue>
    <avgSat idx="1" type="struct" size="1 1">
      <data idx="1" type="double" size="1 1">27.91316111111111</data>
    </avgSat>
    <avgInt idx="1" type="struct" size="1 1">
      <data idx="1" type="double" size="1 1">49.41895833333331</data>
    </avgInt>
    <medHueCells idx="1" type="struct" size="1 1">
      <data idx="1" type="double" size="1 9">114 114 115 114 115 115 110 110 120</data>
    </medHueCells>
    <avgSatCells idx="1" type="struct" size="1 1">
      <data idx="1" type="double" size="1 9">27.88747803272198 27.6483502883592 26.81119402985074 31.57216405534516 30.07220118313905 24.69373134328358 18.75495024875621 27.98077114427863 35.77055000000001</data>
    </avgSatCells>
    <avgIntCells idx="1" type="struct" size="1 1">
      <data idx="1" type="double" size="1 9">47.36348110195295 79.75896636221876 45.36972636815921 35.96522363307838 71.72891760104947 45.99487562189055 52.9081094527363 39.4939552238806 26.27890000000001</data>
    </avgIntCells>
    <cornerRatioGrid idx="1" type="struct" size="1 1">
      <data idx="1" type="double" size="1 9">20 25 12 28 32 7 4 2 1</data>
    </cornerRatioGrid>
    <avgR idx="1" type="struct" size="1 1">
      <data idx="1" type="double" size="1 1">46.6470222222222</data>
    </avgR>
    <avgG idx="1" type="struct" size="1 1">
      <data idx="1" type="double" size="1 1">47.12453055555555</data>
    </avgG>
    <avgB idx="1" type="struct" size="1 1">
      <data idx="1" type="double" size="1 1">49.39436111111108</data>
    </avgB>
    <avgRCells idx="1" type="struct" size="1 1">
      <data idx="1" type="double" size="1 9">44.91779906437961 75.6601569268087 42.77191542288556 33.72505631048738 67.39432192272471 42.81320895522387 51.01594527363184 36.80114427860696 24.78312500000001</data>
    </avgRCells>
    <avgGCells idx="1" type="struct" size="1 1">
      <data idx="1" type="double" size="1 9">45.35749115120912 76.4410534392713 43.16485074626865 34.09712630875474 68.17836192173459 43.37420398009949 51.34773631840795 37.35092039800995 24.87472499999999</data>
    </avgGCells>
    <avgBCells idx="1" type="struct" size="1 1">
      <data idx="1" type="double" size="1 9">47.33741739065865 79.71475953565506 45.34910447761194 35.93851637335712 71.69334917452534 45.97778606965176 52.88937810945273 39.46465174129354 26.27550000000001</data>
    </avgBCells>
  </features>
</root>
