<?xml version="1.0"?>
<!-- Written on 15-Jun-2010 21:44:13 using the XML Toolbox for Matlab -->
<root xml_tb_version="3.1" idx="1" type="struct" size="1 1">
  <filename idx="1" type="char" size="1 26">Ami_Suziki_by_Swezzels.jpg</filename>
  <features idx="1" type="struct" size="1 1">
    <numFaces idx="1" type="struct" size="1 1">
      <data idx="1" type="double" size="1 1">1</data>
    </numFaces>
    <cornerRatio idx="1" type="struct" size="1 1">
      <data idx="1" type="double" size="1 1">4.680708793045804e-05</data>
    </cornerRatio>
    <edgeRatio idx="1" type="struct" size="1 1">
      <data idx="1" type="double" size="1 1">0.0528251420929455</data>
    </edgeRatio>
    <gridEdgeRatio idx="1" type="struct" size="1 1">
      <data idx="1" type="double" size="1 9">0.07313958476749179 0.05352528608342552 0.07581581581581612 0.07574351760398272 0.02405395428651239 0.05912912912912911 0.03966757455129563 0.04613251124879027 0.0288988988988989</data>
    </gridEdgeRatio>
    <medianHue idx="1" type="struct" size="1 1">
      <data idx="1" type="double" size="1 1">15</data>
    </medianHue>
    <avgSat idx="1" type="struct" size="1 1">
      <data idx="1" type="double" size="1 1">75.08396522902027</data>
    </avgSat>
    <avgInt idx="1" type="struct" size="1 1">
      <data idx="1" type="double" size="1 1">171.1096667781122</data>
    </avgInt>
    <medHueCells idx="1" type="struct" size="1 1">
      <data idx="1" type="double" size="1 9">15 15 10 21 19 10 12 9 5</data>
    </medHueCells>
    <avgSatCells idx="1" type="struct" size="1 1">
      <data idx="1" type="double" size="1 9">72.16037632316701 68.43506629553139 74.44933305398426 47.53626051300467 49.07769896141986 96.79894845011123 76.57338338338333 98.67838838838843 92.36575575575564</data>
    </avgSatCells>
    <avgIntCells idx="1" type="struct" size="1 1">
      <data idx="1" type="double" size="1 9">172.9096405375476 169.8411102132033 156.2662596150969 219.9172927079905 236.2775632775633 188.0578651741442 141.4264464464462 134.4034034034034 120.9215415415417</data>
    </avgIntCells>
    <cornerRatioGrid idx="1" type="struct" size="1 1">
      <data idx="1" type="double" size="1 9">3 1 4 0 0 1 3 27 3</data>
    </cornerRatioGrid>
    <avgR idx="1" type="struct" size="1 1">
      <data idx="1" type="double" size="1 1">171.0617753259783</data>
    </avgR>
    <avgG idx="1" type="struct" size="1 1">
      <data idx="1" type="double" size="1 1">150.7884709684607</data>
    </avgG>
    <avgB idx="1" type="struct" size="1 1">
      <data idx="1" type="double" size="1 1">139.3805561127828</data>
    </avgB>
    <avgRCells idx="1" type="struct" size="1 1">
      <data idx="1" type="double" size="1 9">172.9009807149343 169.8407111430369 156.2647531252183 219.8125667195435 236.2051021120789 188.0489958396934 141.3979779779777 134.2180580580581 120.8955255255257</data>
    </avgRCells>
    <avgGCells idx="1" type="struct" size="1 1">
      <data idx="1" type="double" size="1 9">151.2524916943522 151.142727445053 138.8750611076191 202.3291530733392 211.1505492203168 149.2759869504056 127.0396196196195 114.6033633633634 111.1625025025025</data>
    </avgGCells>
    <avgBCells idx="1" type="struct" size="1 1">
      <data idx="1" type="double" size="1 9">141.8652639350314 138.6056388614529 128.880747857492 185.8207277044487 192.0081609849053 134.9162750790658 119.3951551551554 106.8493593593594 105.8436936936937</data>
    </avgBCells>
  </features>
</root>
