<?xml version="1.0"?>
<!-- Written on 15-Jun-2010 21:44:14 using the XML Toolbox for Matlab -->
<root xml_tb_version="3.1" idx="1" type="struct" size="1 1">
  <filename idx="1" type="char" size="1 22">Amore_by_miss_mosh.jpg</filename>
  <features idx="1" type="struct" size="1 1">
    <numFaces idx="1" type="struct" size="1 1">
      <data idx="1" type="double" size="1 1">0</data>
    </numFaces>
    <cornerRatio idx="1" type="struct" size="1 1">
      <data idx="1" type="double" size="1 1">0.000375</data>
    </cornerRatio>
    <edgeRatio idx="1" type="struct" size="1 1">
      <data idx="1" type="double" size="1 1">0.063034375</data>
    </edgeRatio>
    <gridEdgeRatio idx="1" type="struct" size="1 1">
      <data idx="1" type="double" size="1 9">0.02463058770982991 0.1696132802322554 0.02261264132900831 0.02433282465478095 0.1688502624036922 0.05525659535372091 0.02675373134328358 0.06575559701492537 0.01079887218045112</data>
    </gridEdgeRatio>
    <medianHue idx="1" type="struct" size="1 1">
      <data idx="1" type="double" size="1 1">79</data>
    </medianHue>
    <avgSat idx="1" type="struct" size="1 1">
      <data idx="1" type="double" size="1 1">25.72996979166669</data>
    </avgSat>
    <avgInt idx="1" type="struct" size="1 1">
      <data idx="1" type="double" size="1 1">220.4662937500001</data>
    </avgInt>
    <medHueCells idx="1" type="struct" size="1 1">
      <data idx="1" type="double" size="1 9">108 96 26 80 13 12 110 25 22</data>
    </medHueCells>
    <avgSatCells idx="1" type="struct" size="1 1">
      <data idx="1" type="double" size="1 9">13.23953176759593 15.55969218744183 24.62222947761193 18.62873599583132 34.74428667138125 53.51976679104477 16.2465171657323 18.31318320739506 36.8075657894737</data>
    </avgSatCells>
    <avgIntCells idx="1" type="struct" size="1 1">
      <data idx="1" type="double" size="1 9">237.4097684892246 237.5821360777162 232.1356716417912 200.2094111735588 205.2283191275543 192.7770802238805 233.6313633210207 230.3227457671609 214.5139191729323</data>
    </avgIntCells>
    <cornerRatioGrid idx="1" type="struct" size="1 1">
      <data idx="1" type="double" size="1 9">11 113 1 2 168 18 4 43 0</data>
    </cornerRatioGrid>
    <avgR idx="1" type="struct" size="1 1">
      <data idx="1" type="double" size="1 1">213.6274093750002</data>
    </avgR>
    <avgG idx="1" type="struct" size="1 1">
      <data idx="1" type="double" size="1 1">207.8882208333333</data>
    </avgG>
    <avgB idx="1" type="struct" size="1 1">
      <data idx="1" type="double" size="1 1">205.8915364583332</data>
    </avgB>
    <avgRCells idx="1" type="struct" size="1 1">
      <data idx="1" type="double" size="1 9">225.0667268396175 233.7775896080694 225.042369402985 193.3649086239625 204.8475732311014 192.7604011194028 218.5442877767985 223.9135807098796 205.0046428571428</data>
    </avgRCells>
    <avgGCells idx="1" type="struct" size="1 1">
      <data idx="1" type="double" size="1 9">229.9420478654112 229.8013548219006 219.2802238805971 193.7652696616667 189.4663527747795 168.5308582089553 223.3468302926891 221.767104794405 194.6550845864662</data>
    </avgGCells>
    <avgBCells idx="1" type="struct" size="1 1">
      <data idx="1" type="double" size="1 9">237.129145420032 227.501702832471 217.2384608208956 192.3385938139726 178.4296906986265 152.3637966417912 233.2029512684454 220.2411265070404 194.0515789473684</data>
    </avgBCells>
  </features>
</root>
