<?xml version="1.0"?>
<!-- Written on 15-Jun-2010 21:44:14 using the XML Toolbox for Matlab -->
<root xml_tb_version="3.1" idx="1" type="struct" size="1 1">
  <filename idx="1" type="char" size="1 40">Ani_Megatron_Has_a_Problem_by_Jeysie.jpg</filename>
  <features idx="1" type="struct" size="1 1">
    <numFaces idx="1" type="struct" size="1 1">
      <data idx="1" type="double" size="1 1">1</data>
    </numFaces>
    <cornerRatio idx="1" type="struct" size="1 1">
      <data idx="1" type="double" size="1 1">0.0004083333333333334</data>
    </cornerRatio>
    <edgeRatio idx="1" type="struct" size="1 1">
      <data idx="1" type="double" size="1 1">0.1248625</data>
    </edgeRatio>
    <gridEdgeRatio idx="1" type="struct" size="1 1">
      <data idx="1" type="double" size="1 9">0.09874136778792598 0.1648659686641419 0.1286425017768302 0.05368678993094229 0.06671864557807985 0.1556690233045299 0.09649253731343284 0.1594402985074627 0.1994360902255639</data>
    </gridEdgeRatio>
    <medianHue idx="1" type="struct" size="1 1">
      <data idx="1" type="double" size="1 1">12</data>
    </medianHue>
    <avgSat idx="1" type="struct" size="1 1">
      <data idx="1" type="double" size="1 1">130.4859291666668</data>
    </avgSat>
    <avgInt idx="1" type="struct" size="1 1">
      <data idx="1" type="double" size="1 1">95.86102083333338</data>
    </avgInt>
    <medHueCells idx="1" type="struct" size="1 1">
      <data idx="1" type="double" size="1 9">12 12 10 14 13 11 13 11 10</data>
    </medHueCells>
    <avgSatCells idx="1" type="struct" size="1 1">
      <data idx="1" type="double" size="1 9">121.2083240513848 172.3296391178436 79.61464552238806 104.1753360065345 135.2728335932278 111.3371268656716 184.7524969139264 166.0439718699734 99.24011278195485</data>
    </avgSatCells>
    <avgIntCells idx="1" type="struct" size="1 1">
      <data idx="1" type="double" size="1 9">141.8214895670899 71.35284398901018 76.16641791044776 109.4922588549789 98.81385980545035 73.17958955223871 100.3721617476528 110.2445292335316 80.97879699248121</data>
    </avgIntCells>
    <cornerRatioGrid idx="1" type="struct" size="1 1">
      <data idx="1" type="double" size="1 9">86 3 19 14 4 18 38 12 2</data>
    </cornerRatioGrid>
    <avgR idx="1" type="struct" size="1 1">
      <data idx="1" type="double" size="1 1">95.67415416666668</data>
    </avgR>
    <avgG idx="1" type="struct" size="1 1">
      <data idx="1" type="double" size="1 1">69.98545000000001</data>
    </avgG>
    <avgB idx="1" type="struct" size="1 1">
      <data idx="1" type="double" size="1 1">52.79392499999994</data>
    </avgB>
    <avgRCells idx="1" type="struct" size="1 1">
      <data idx="1" type="double" size="1 9">141.6133511546744 70.98112051681893 75.97837686567165 109.2768805227594 98.53846439444565 72.90798507462684 100.2776156809936 110.2366550705121 80.92909774436087</data>
    </avgRCells>
    <avgGCells idx="1" type="struct" size="1 1">
      <data idx="1" type="double" size="1 9">119.8194661023242 43.44798396079307 66.40177238805965 86.2029590851711 68.57299324274145 50.32304104477612 60.29841394531105 71.61566229005352 62.99332706766914</data>
    </avgGCells>
    <avgBCells idx="1" type="struct" size="1 1">
      <data idx="1" type="double" size="1 9">99.7065419172793 27.04520308903245 61.71533582089549 68.72880002970219 46.94052127422584 41.35813432835819 28.66090599633411 46.67431638798492 54.20853383458644</data>
    </avgBCells>
  </features>
</root>
