<?xml version="1.0"?>
<!-- Written on 15-Jun-2010 21:47:15 using the XML Toolbox for Matlab -->
<root xml_tb_version="3.1" idx="1" type="struct" size="1 1">
  <filename idx="1" type="char" size="1 33">another_linocut_by_kamilsmala.jpg</filename>
  <features idx="1" type="struct" size="1 1">
    <numFaces idx="1" type="struct" size="1 1">
      <data idx="1" type="double" size="1 1">0</data>
    </numFaces>
    <cornerRatio idx="1" type="struct" size="1 1">
      <data idx="1" type="double" size="1 1">0.0009438677431757017</data>
    </cornerRatio>
    <edgeRatio idx="1" type="struct" size="1 1">
      <data idx="1" type="double" size="1 1">0.1064148404459823</data>
    </edgeRatio>
    <gridEdgeRatio idx="1" type="struct" size="1 1">
      <data idx="1" type="double" size="1 9">0.1265883481179573 0.1301332328663904 0.122093023255814 0.1012432784190157 0.1248073432201938 0.1791943521594684 0.01611683848797251 0.03168384879725086 0.1260416666666667</data>
    </gridEdgeRatio>
    <medianHue idx="1" type="struct" size="1 1">
      <data idx="1" type="double" size="1 1">13</data>
    </medianHue>
    <avgSat idx="1" type="struct" size="1 1">
      <data idx="1" type="double" size="1 1">41.94587466359094</data>
    </avgSat>
    <avgInt idx="1" type="struct" size="1 1">
      <data idx="1" type="double" size="1 1">45.34242022299118</data>
    </avgInt>
    <medHueCells idx="1" type="struct" size="1 1">
      <data idx="1" type="double" size="1 9">20 6 11 13 20 13 19 13 13</data>
    </medHueCells>
    <avgSatCells idx="1" type="struct" size="1 1">
      <data idx="1" type="double" size="1 9">27.42858855361852 31.27660376066032 69.12020618556699 30.85907798746446 30.99811624481966 67.99068728522333 32.85733319490586 29.55535368217056 57.6171527777778</data>
    </avgSatCells>
    <avgIntCells idx="1" type="struct" size="1 1">
      <data idx="1" type="double" size="1 9">52.57946021851561 48.72072473199304 26.89417525773197 57.2369421515909 48.42220091105246 26.13012027491409 48.24358042635659 57.07819421373201 42.58144097222222</data>
    </avgIntCells>
    <cornerRatioGrid idx="1" type="struct" size="1 1">
      <data idx="1" type="double" size="1 9">116 92 41 82 73 33 10 7 37</data>
    </cornerRatioGrid>
    <avgR idx="1" type="struct" size="1 1">
      <data idx="1" type="double" size="1 1">45.33855247981548</data>
    </avgR>
    <avgG idx="1" type="struct" size="1 1">
      <data idx="1" type="double" size="1 1">41.51535178777397</data>
    </avgG>
    <avgB idx="1" type="struct" size="1 1">
      <data idx="1" type="double" size="1 1">39.93054594386775</data>
    </avgB>
    <avgRCells idx="1" type="struct" size="1 1">
      <data idx="1" type="double" size="1 9">52.57185669760592 48.71221358358737 26.89365979381445 57.23510977155185 48.41368976264685 26.1293470790378 48.2405523255814 57.07530454042082 42.58039930555555</data>
    </avgRCells>
    <avgGCells idx="1" type="struct" size="1 1">
      <data idx="1" type="double" size="1 9">48.61542281741276 45.29592081378225 21.87524054982818 52.9546871253896 45.23625714970716 22.25350515463915 45.03197674418603 53.98589770210405 38.21506944444447</data>
    </avgGCells>
    <avgBCells idx="1" type="struct" size="1 1">
      <data idx="1" type="double" size="1 9">48.09889714696718 44.06870568894063 19.69360824742268 51.84452169743469 44.41774839880807 19.68809278350516 43.91552464008856 52.07698297342191 35.37661458333333</data>
    </avgBCells>
  </features>
</root>
