<?xml version="1.0"?>
<!-- Written on 15-Jun-2010 21:44:15 using the XML Toolbox for Matlab -->
<root xml_tb_version="3.1" idx="1" type="struct" size="1 1">
  <filename idx="1" type="char" size="1 37">Another_leo_desktop_by_fediaFedia.png</filename>
  <features idx="1" type="struct" size="1 1">
    <numFaces idx="1" type="struct" size="1 1">
      <data idx="1" type="double" size="1 1">0</data>
    </numFaces>
    <cornerRatio idx="1" type="struct" size="1 1">
      <data idx="1" type="double" size="1 1">0.0003689236111111111</data>
    </cornerRatio>
    <edgeRatio idx="1" type="struct" size="1 1">
      <data idx="1" type="double" size="1 1">0.03242838541666666</data>
    </edgeRatio>
    <gridEdgeRatio idx="1" type="struct" size="1 1">
      <data idx="1" type="double" size="1 9">0.02744599992244149 0.002569123977197812 0.01981181695985034 0.009462132082056833 0.02698064916430752 0.07378294664251049 0.02840732087227416 0.07551596573208727 0.02807120500782491</data>
    </gridEdgeRatio>
    <medianHue idx="1" type="struct" size="1 1">
      <data idx="1" type="double" size="1 1">104</data>
    </medianHue>
    <avgSat idx="1" type="struct" size="1 1">
      <data idx="1" type="double" size="1 1">155.4750748697914</data>
    </avgSat>
    <avgInt idx="1" type="struct" size="1 1">
      <data idx="1" type="double" size="1 1">91.79426866319447</data>
    </avgInt>
    <medHueCells idx="1" type="struct" size="1 1">
      <data idx="1" type="double" size="1 9">108 105 109 102 93 102 109 17 109</data>
    </medHueCells>
    <avgSatCells idx="1" type="struct" size="1 1">
      <data idx="1" type="double" size="1 9">205.1743320277658 167.962704075697 174.4048773364485 164.5473009656027 92.42677511924612 125.8522877725858 200.6859817271539 64.86600237663878 202.5089299687012</data>
    </avgSatCells>
    <avgIntCells idx="1" type="struct" size="1 1">
      <data idx="1" type="double" size="1 9">63.14035172761471 99.19710513049212 65.028125 118.1770950478923 159.1480494047388 114.5179906542057 67.84119377398554 72.47637971675137 67.2214201877934</data>
    </avgIntCells>
    <cornerRatioGrid idx="1" type="struct" size="1 1">
      <data idx="1" type="double" size="1 9">77 0 16 19 13 83 51 72 9</data>
    </cornerRatioGrid>
    <avgR idx="1" type="struct" size="1 1">
      <data idx="1" type="double" size="1 1">42.01367078993055</data>
    </avgR>
    <avgG idx="1" type="struct" size="1 1">
      <data idx="1" type="double" size="1 1">67.06276909722219</data>
    </avgG>
    <avgB idx="1" type="struct" size="1 1">
      <data idx="1" type="double" size="1 1">91.04425672743048</data>
    </avgB>
    <avgRCells idx="1" type="struct" size="1 1">
      <data idx="1" type="double" size="1 9">18.1596540892698 33.60800984992439 18.57073598130841 46.21824950556483 109.7228351494939 61.97393886292831 16.54143533399566 48.15435489840845 25.83998435054772</data>
    </avgRCells>
    <avgGCells idx="1" type="struct" size="1 1">
      <data idx="1" type="double" size="1 9">37.19895683871719 70.44615503936095 36.63865848909656 92.49142979020435 145.5339996897662 89.44456775700945 35.38115831920988 58.1435626205365 39.01437793427226</data>
    </avgGCells>
    <avgBCells idx="1" type="struct" size="1 1">
      <data idx="1" type="double" size="1 9">62.47680032574555 99.19563151975802 65.00727219626165 118.17702718424 158.1311222709118 111.8883372274144 67.67223813141646 70.22694952564625 67.21474960876365</data>
    </avgBCells>
  </features>
</root>
