<?xml version="1.0"?>
<!-- Written on 15-Jun-2010 21:44:15 using the XML Toolbox for Matlab -->
<root xml_tb_version="3.1" idx="1" type="struct" size="1 1">
  <filename idx="1" type="char" size="1 37">Another_linocut___4_by_kamilsmala.jpg</filename>
  <features idx="1" type="struct" size="1 1">
    <numFaces idx="1" type="struct" size="1 1">
      <data idx="1" type="double" size="1 1">1</data>
    </numFaces>
    <cornerRatio idx="1" type="struct" size="1 1">
      <data idx="1" type="double" size="1 1">0.0007689350249903883</data>
    </cornerRatio>
    <edgeRatio idx="1" type="struct" size="1 1">
      <data idx="1" type="double" size="1 1">0.09042291426374471</data>
    </edgeRatio>
    <gridEdgeRatio idx="1" type="struct" size="1 1">
      <data idx="1" type="double" size="1 9">0.1508374148028907 0.1607185669760592 0.1048415005537098 0.1370688769394116 0.09434188444018224 0.08779761904761897 0.04486254295532647 0.005756013745704469 0.02668402777777778</data>
    </gridEdgeRatio>
    <medianHue idx="1" type="struct" size="1 1">
      <data idx="1" type="double" size="1 1">0</data>
    </medianHue>
    <avgSat idx="1" type="struct" size="1 1">
      <data idx="1" type="double" size="1 1">0</data>
    </avgSat>
    <avgInt idx="1" type="struct" size="1 1">
      <data idx="1" type="double" size="1 1">40.32185697808531</data>
    </avgInt>
    <medHueCells idx="1" type="struct" size="1 1">
      <data idx="1" type="double" size="1 9">0 0 0 0 0 0 0 0 0</data>
    </medHueCells>
    <avgSatCells idx="1" type="struct" size="1 1">
      <data idx="1" type="double" size="1 9">0 0 0 0 0 0 0 0 0</data>
    </avgSatCells>
    <avgIntCells idx="1" type="struct" size="1 1">
      <data idx="1" type="double" size="1 9">57.78160427441178 53.83207178819744 28.40515463917525 72.78420728157008 42.88611843682572 19.91158075601375 40.63482834994463 29.44911060354373 16.79149305555555</data>
    </avgIntCells>
    <cornerRatioGrid idx="1" type="struct" size="1 1">
      <data idx="1" type="double" size="1 9">53 122 38 38 74 63 1 0 11</data>
    </cornerRatioGrid>
    <avgR idx="1" type="struct" size="1 1">
      <data idx="1" type="double" size="1 1">40.32185697808531</data>
    </avgR>
    <avgG idx="1" type="struct" size="1 1">
      <data idx="1" type="double" size="1 1">40.32185697808531</data>
    </avgG>
    <avgB idx="1" type="struct" size="1 1">
      <data idx="1" type="double" size="1 1">40.32185697808531</data>
    </avgB>
    <avgRCells idx="1" type="struct" size="1 1">
      <data idx="1" type="double" size="1 9">57.78160427441178 53.83207178819744 28.40515463917525 72.78420728157008 42.88611843682572 19.91158075601375 40.63482834994463 29.44911060354373 16.79149305555555</data>
    </avgRCells>
    <avgGCells idx="1" type="struct" size="1 1">
      <data idx="1" type="double" size="1 9">57.78160427441178 53.83207178819744 28.40515463917525 72.78420728157008 42.88611843682572 19.91158075601375 40.63482834994463 29.44911060354373 16.79149305555555</data>
    </avgGCells>
    <avgBCells idx="1" type="struct" size="1 1">
      <data idx="1" type="double" size="1 9">57.78160427441178 53.83207178819744 28.40515463917525 72.78420728157008 42.88611843682572 19.91158075601375 40.63482834994463 29.44911060354373 16.79149305555555</data>
    </avgBCells>
  </features>
</root>
