<?xml version="1.0"?>
<!-- Written on 15-Jun-2010 21:44:15 using the XML Toolbox for Matlab -->
<root xml_tb_version="3.1" idx="1" type="struct" size="1 1">
  <filename idx="1" type="char" size="1 37">Another_linocut___5_by_kamilsmala.jpg</filename>
  <features idx="1" type="struct" size="1 1">
    <numFaces idx="1" type="struct" size="1 1">
      <data idx="1" type="double" size="1 1">0</data>
    </numFaces>
    <cornerRatio idx="1" type="struct" size="1 1">
      <data idx="1" type="double" size="1 1">0.001349480968858131</data>
    </cornerRatio>
    <edgeRatio idx="1" type="struct" size="1 1">
      <data idx="1" type="double" size="1 1">0.1613821607074202</data>
    </edgeRatio>
    <gridEdgeRatio idx="1" type="struct" size="1 1">
      <data idx="1" type="double" size="1 9">0.1217077096962017 0.1505462890022947 0.07691375968992248 0.3094496009864028 0.2858855361852246 0.180561323366556 0.1636254295532645 0.1119415807560138 0.05046874999999997</data>
    </gridEdgeRatio>
    <medianHue idx="1" type="struct" size="1 1">
      <data idx="1" type="double" size="1 1">0</data>
    </medianHue>
    <avgSat idx="1" type="struct" size="1 1">
      <data idx="1" type="double" size="1 1">0.171159169550173</data>
    </avgSat>
    <avgInt idx="1" type="struct" size="1 1">
      <data idx="1" type="double" size="1 1">49.97980776624372</data>
    </avgInt>
    <medHueCells idx="1" type="struct" size="1 1">
      <data idx="1" type="double" size="1 9">0 0 0 0 0 0 0 0 0</data>
    </medHueCells>
    <avgSatCells idx="1" type="struct" size="1 1">
      <data idx="1" type="double" size="1 9">0.2709524951193616 0.2648731034010344 0.2791237113402062 0 0 0 0.4128945182724253 0.2268826135105205 0.08519097222222223</data>
    </avgSatCells>
    <avgIntCells idx="1" type="struct" size="1 1">
      <data idx="1" type="double" size="1 9">43.8663047573381 98.69303353084223 38.85678694158076 46.75636195499535 89.96794191184028 38.2906529209622 27.55161614064231 43.13936184939093 22.13548611111112</data>
    </avgIntCells>
    <cornerRatioGrid idx="1" type="struct" size="1 1">
      <data idx="1" type="double" size="1 9">8 41 18 224 213 111 31 16 40</data>
    </cornerRatioGrid>
    <avgR idx="1" type="struct" size="1 1">
      <data idx="1" type="double" size="1 1">49.97972318339097</data>
    </avgR>
    <avgG idx="1" type="struct" size="1 1">
      <data idx="1" type="double" size="1 1">49.96903306420606</data>
    </avgG>
    <avgB idx="1" type="struct" size="1 1">
      <data idx="1" type="double" size="1 1">49.97121491733946</data>
    </avgB>
    <avgRCells idx="1" type="struct" size="1 1">
      <data idx="1" type="double" size="1 9">43.86609925677298 98.69294790560677 38.85637457044675 46.75636195499535 89.96794191184028 38.2906529209622 27.5515642303433 43.13936184939093 22.13548611111112</data>
    </avgRCells>
    <avgGCells idx="1" type="struct" size="1 1">
      <data idx="1" type="double" size="1 9">43.8430831934788 98.67621673459605 38.84070446735396 46.75636195499535 89.96794191184028 38.2906529209622 27.52778931339978 43.12593438538207 22.13187500000001</data>
    </avgGCells>
    <avgBCells idx="1" type="struct" size="1 1">
      <data idx="1" type="double" size="1 9">43.84565195054289 98.683871630647 38.83984536082475 46.75636195499535 89.96794191184028 38.2906529209622 27.52996954595792 43.13264811738651 22.13336805555556</data>
    </avgBCells>
  </features>
</root>
