<?xml version="1.0"?>
<!-- Written on 15-Jun-2010 21:44:14 using the XML Toolbox for Matlab -->
<root xml_tb_version="3.1" idx="1" type="struct" size="1 1">
  <filename idx="1" type="char" size="1 44">Another_hackintosh_desktop_by_fediaFedia.jpg</filename>
  <features idx="1" type="struct" size="1 1">
    <numFaces idx="1" type="struct" size="1 1">
      <data idx="1" type="double" size="1 1">1</data>
    </numFaces>
    <cornerRatio idx="1" type="struct" size="1 1">
      <data idx="1" type="double" size="1 1">0.0005216049382716049</data>
    </cornerRatio>
    <edgeRatio idx="1" type="struct" size="1 1">
      <data idx="1" type="double" size="1 1">0.07242515432098766</data>
    </edgeRatio>
    <gridEdgeRatio idx="1" type="struct" size="1 1">
      <data idx="1" type="double" size="1 9">0.08997036904013644 0.0434449271658573 0.03006644518272429 0.0972848647267253 0.1318405039335273 0.073269656699889 0.0161053361053361 0.1094109494109494 0.05961805555555596</data>
    </gridEdgeRatio>
    <medianHue idx="1" type="struct" size="1 1">
      <data idx="1" type="double" size="1 1">33</data>
    </medianHue>
    <avgSat idx="1" type="struct" size="1 1">
      <data idx="1" type="double" size="1 1">120.6169436728394</data>
    </avgSat>
    <avgInt idx="1" type="struct" size="1 1">
      <data idx="1" type="double" size="1 1">136.4078858024691</data>
    </avgInt>
    <medHueCells idx="1" type="struct" size="1 1">
      <data idx="1" type="double" size="1 9">32 0 36 32 31 38 31 32 34</data>
    </medHueCells>
    <avgSatCells idx="1" type="struct" size="1 1">
      <data idx="1" type="double" size="1 9">82.36051691865634 39.20564853122993 203.8315939015939 113.6201780620385 71.15566959753006 136.7933887733888 146.1894518272426 140.5721276301218 152.6750625000001</data>
    </avgSatCells>
    <avgIntCells idx="1" type="struct" size="1 1">
      <data idx="1" type="double" size="1 9">107.5999889488261 164.5338753013171 106.5968607068607 140.3067529579157 132.9821040053598 116.7369022869022 177.2678986710963 142.6361364894796 138.4314097222222</data>
    </avgIntCells>
    <cornerRatioGrid idx="1" type="struct" size="1 1">
      <data idx="1" type="double" size="1 9">77 19 52 150 168 49 18 117 26</data>
    </cornerRatioGrid>
    <avgR idx="1" type="struct" size="1 1">
      <data idx="1" type="double" size="1 1">124.9856165123459</data>
    </avgR>
    <avgG idx="1" type="struct" size="1 1">
      <data idx="1" type="double" size="1 1">128.4537708333333</data>
    </avgG>
    <avgB idx="1" type="struct" size="1 1">
      <data idx="1" type="double" size="1 1">82.64004320987648</data>
    </avgB>
    <avgRCells idx="1" type="struct" size="1 1">
      <data idx="1" type="double" size="1 9">97.51771986655704 160.5223268246524 88.59974358974361 128.1435409342386 122.3035757454363 101.064248094248 168.2524709302325 130.7038205980067 127.1341597222223</data>
    </avgRCells>
    <avgGCells idx="1" type="struct" size="1 1">
      <data idx="1" type="double" size="1 9">98.32696279207912 162.9481147388124 104.9212751212752 136.2007169449031 121.9689116665861 111.2865349965351 172.9719615171651 121.1836863233665 125.5898888888888</data>
    </avgGCells>
    <avgBCells idx="1" type="struct" size="1 1">
      <data idx="1" type="double" size="1 9">71.93646265739291 152.6466939722752 28.41549549549548 77.43942229988735 111.2024367838321 70.29609840609835 88.16888150609081 76.12697259136212 66.80965277777773</data>
    </avgBCells>
  </features>
</root>
