<?xml version="1.0"?>
<!-- Written on 15-Jun-2010 21:44:15 using the XML Toolbox for Matlab -->
<root xml_tb_version="3.1" idx="1" type="struct" size="1 1">
  <filename idx="1" type="char" size="1 37">Another_linocut___2_by_kamilsmala.jpg</filename>
  <features idx="1" type="struct" size="1 1">
    <numFaces idx="1" type="struct" size="1 1">
      <data idx="1" type="double" size="1 1">0</data>
    </numFaces>
    <cornerRatio idx="1" type="struct" size="1 1">
      <data idx="1" type="double" size="1 1">0.000988081507112649</data>
    </cornerRatio>
    <edgeRatio idx="1" type="struct" size="1 1">
      <data idx="1" type="double" size="1 1">0.131958861976163</data>
    </edgeRatio>
    <gridEdgeRatio idx="1" type="struct" size="1 1">
      <data idx="1" type="double" size="1 9">0.1051477891564201 0.08761174093228757 0.1043397009966778 0.04092886255437203 0.2650786039661608 0.249515503875969 0.1868900343642611 0.1032474226804124 0.04614583333333334</data>
    </gridEdgeRatio>
    <medianHue idx="1" type="struct" size="1 1">
      <data idx="1" type="double" size="1 1">0</data>
    </medianHue>
    <avgSat idx="1" type="struct" size="1 1">
      <data idx="1" type="double" size="1 1">0</data>
    </avgSat>
    <avgInt idx="1" type="struct" size="1 1">
      <data idx="1" type="double" size="1 1">42.68650711264896</data>
    </avgInt>
    <medHueCells idx="1" type="struct" size="1 1">
      <data idx="1" type="double" size="1 9">0 0 0 0 0 0 0 0 0</data>
    </medHueCells>
    <avgSatCells idx="1" type="struct" size="1 1">
      <data idx="1" type="double" size="1 9">0 0 0 0 0 0 0 0 0</data>
    </avgSatCells>
    <avgIntCells idx="1" type="struct" size="1 1">
      <data idx="1" type="double" size="1 9">41.21507346645203 29.43098606021167 46.0529209621993 34.82419426653423 89.12198171044972 37.4309793814433 31.05505952380951 51.25228405315613 23.66164930555556</data>
    </avgIntCells>
    <cornerRatioGrid idx="1" type="struct" size="1 1">
      <data idx="1" type="double" size="1 9">22 8 33 15 231 95 57 51 2</data>
    </cornerRatioGrid>
    <avgR idx="1" type="struct" size="1 1">
      <data idx="1" type="double" size="1 1">42.68650711264896</data>
    </avgR>
    <avgG idx="1" type="struct" size="1 1">
      <data idx="1" type="double" size="1 1">42.68650711264896</data>
    </avgG>
    <avgB idx="1" type="struct" size="1 1">
      <data idx="1" type="double" size="1 1">42.68650711264896</data>
    </avgB>
    <avgRCells idx="1" type="struct" size="1 1">
      <data idx="1" type="double" size="1 9">41.21507346645203 29.43098606021167 46.0529209621993 34.82419426653423 89.12198171044972 37.4309793814433 31.05505952380951 51.25228405315613 23.66164930555556</data>
    </avgRCells>
    <avgGCells idx="1" type="struct" size="1 1">
      <data idx="1" type="double" size="1 9">41.21507346645203 29.43098606021167 46.0529209621993 34.82419426653423 89.12198171044972 37.4309793814433 31.05505952380951 51.25228405315613 23.66164930555556</data>
    </avgGCells>
    <avgBCells idx="1" type="struct" size="1 1">
      <data idx="1" type="double" size="1 9">41.21507346645203 29.43098606021167 46.0529209621993 34.82419426653423 89.12198171044972 37.4309793814433 31.05505952380951 51.25228405315613 23.66164930555556</data>
    </avgBCells>
  </features>
</root>
