<?xml version="1.0"?>
<!-- Written on 15-Jun-2010 21:47:15 using the XML Toolbox for Matlab -->
<root xml_tb_version="3.1" idx="1" type="struct" size="1 1">
  <filename idx="1" type="char" size="1 42">another_kitty_colored_by_Kitsunebaka91.jpg</filename>
  <features idx="1" type="struct" size="1 1">
    <numFaces idx="1" type="struct" size="1 1">
      <data idx="1" type="double" size="1 1">0</data>
    </numFaces>
    <cornerRatio idx="1" type="struct" size="1 1">
      <data idx="1" type="double" size="1 1">0.000916980701153363</data>
    </cornerRatio>
    <edgeRatio idx="1" type="struct" size="1 1">
      <data idx="1" type="double" size="1 1">0.1227840584675117</data>
    </edgeRatio>
    <gridEdgeRatio idx="1" type="struct" size="1 1">
      <data idx="1" type="double" size="1 9">0.02221313570150781 0.1850242780475339 0.08650256410256404 0.2221415793508817 0.1936212624584716 0.1474461538461538 0.07146434960388444 0.1727472527472527 0.004666666666666665</data>
    </gridEdgeRatio>
    <medianHue idx="1" type="struct" size="1 1">
      <data idx="1" type="double" size="1 1">0</data>
    </medianHue>
    <avgSat idx="1" type="struct" size="1 1">
      <data idx="1" type="double" size="1 1">31.45290053671348</data>
    </avgSat>
    <avgInt idx="1" type="struct" size="1 1">
      <data idx="1" type="double" size="1 1">214.4527555098778</data>
    </avgInt>
    <medHueCells idx="1" type="struct" size="1 1">
      <data idx="1" type="double" size="1 9">0 162 0 75 159 21 0 0 0</data>
    </medHueCells>
    <avgSatCells idx="1" type="struct" size="1 1">
      <data idx="1" type="double" size="1 9">6.101610017889086 52.28476360848454 16.94751852798366 44.19229235880398 56.96156401737794 44.4123281369793 21.77961025641025 40.32878974358974 0.3014461538461539</data>
    </avgSatCells>
    <avgIntCells idx="1" type="struct" size="1 1">
      <data idx="1" type="double" size="1 9">247.4484232047023 195.2740403782265 231.6017071300793 201.2149654996167 171.5603475594173 194.7113212369028 229.8773333333334 204.1458974358974 254.0349641025641</data>
    </avgIntCells>
    <cornerRatioGrid idx="1" type="struct" size="1 1">
      <data idx="1" type="double" size="1 9">24 136 57 168 83 80 82 164 9</data>
    </cornerRatioGrid>
    <avgR idx="1" type="struct" size="1 1">
      <data idx="1" type="double" size="1 1">214.4232876555902</data>
    </avgR>
    <avgG idx="1" type="struct" size="1 1">
      <data idx="1" type="double" size="1 1">201.6254185223253</data>
    </avgG>
    <avgB idx="1" type="struct" size="1 1">
      <data idx="1" type="double" size="1 1">206.5234075596668</data>
    </avgB>
    <avgRCells idx="1" type="struct" size="1 1">
      <data idx="1" type="double" size="1 9">247.4321390237671 195.2529312547919 231.5834602606696 201.1505545617173 171.5346383848709 194.6716381293126 229.8445128205128 204.1061230769231 254.0272615384615</data>
    </avgRCells>
    <avgGCells idx="1" type="struct" size="1 1">
      <data idx="1" type="double" size="1 9">245.0586966521849 170.0582059800665 225.4247073856376 180.6778839764885 152.4078916432405 178.5610529005877 219.9349333333333 188.2118769230771 253.9903179487179</data>
    </avgGCells>
    <avgBCells idx="1" type="struct" size="1 1">
      <data idx="1" type="double" size="1 9">245.8184922054689 180.1495118834653 226.3608382315361 190.6439458216202 159.108642984922 182.5674111934578 224.5515794871795 195.3181743589744 253.9373230769231</data>
    </avgBCells>
  </features>
</root>
