<?xml version="1.0"?>
<!-- Written on 15-Jun-2010 21:44:14 using the XML Toolbox for Matlab -->
<root xml_tb_version="3.1" idx="1" type="struct" size="1 1">
  <filename idx="1" type="char" size="1 34">Another_Redesign_by_Knuxtiger4.jpg</filename>
  <features idx="1" type="struct" size="1 1">
    <numFaces idx="1" type="struct" size="1 1">
      <data idx="1" type="double" size="1 1">0</data>
    </numFaces>
    <cornerRatio idx="1" type="struct" size="1 1">
      <data idx="1" type="double" size="1 1">0.002278428093645485</data>
    </cornerRatio>
    <edgeRatio idx="1" type="struct" size="1 1">
      <data idx="1" type="double" size="1 1">0.146686872909699</data>
    </edgeRatio>
    <gridEdgeRatio idx="1" type="struct" size="1 1">
      <data idx="1" type="double" size="1 9">0.1477814448111477 0.214888155482215 0.09455667789001125 0.2102126879354602 0.2571507150715071 0.1155069210624766 0.09891649542312723 0.1457126844759949 0.03192300362111684</data>
    </gridEdgeRatio>
    <medianHue idx="1" type="struct" size="1 1">
      <data idx="1" type="double" size="1 1">12</data>
    </medianHue>
    <avgSat idx="1" type="struct" size="1 1">
      <data idx="1" type="double" size="1 1">10.04792015050167</data>
    </avgSat>
    <avgInt idx="1" type="struct" size="1 1">
      <data idx="1" type="double" size="1 1">208.0128344481606</data>
    </avgInt>
    <medHueCells idx="1" type="struct" size="1 1">
      <data idx="1" type="double" size="1 9">3 21 0 25 30 22 0 0 0</data>
    </medHueCells>
    <avgSatCells idx="1" type="struct" size="1 1">
      <data idx="1" type="double" size="1 9">9.469746974697472 13.56508984231757 6.310106482346345 14.19059405940595 18.31563989732307 8.574350831309545 7.588290310512533 11.54320987654321 0.5030493615399276</data>
    </avgSatCells>
    <avgIntCells idx="1" type="struct" size="1 1">
      <data idx="1" type="double" size="1 9">212.0748991565823 179.0357535753575 223.1383336446853 192.4317015034837 159.0177851118445 210.5467961890529 230.2948933782267 214.77936775159 252.3846007242233</data>
    </avgIntCells>
    <cornerRatioGrid idx="1" type="struct" size="1 1">
      <data idx="1" type="double" size="1 9">26 36 18 41 46 21 8 19 3</data>
    </cornerRatioGrid>
    <avgR idx="1" type="struct" size="1 1">
      <data idx="1" type="double" size="1 1">207.0767558528427</data>
    </avgR>
    <avgG idx="1" type="struct" size="1 1">
      <data idx="1" type="double" size="1 1">205.5537520903009</data>
    </avgG>
    <avgB idx="1" type="struct" size="1 1">
      <data idx="1" type="double" size="1 1">205.1102738294314</data>
    </avgB>
    <avgRCells idx="1" type="struct" size="1 1">
      <data idx="1" type="double" size="1 9">211.09534286762 178.189860652732 222.5661311414161 191.0042170883755 157.6632746607994 209.2923594246217 229.5192667414888 213.7953610175832 252.1923003621117</data>
    </avgRCells>
    <avgGCells idx="1" type="struct" size="1 1">
      <data idx="1" type="double" size="1 9">209.6005683901723 175.9517785111845 221.4915934989727 189.1909607627429 155.0137513751375 207.774892583598 228.4209689487467 211.9997194163861 252.1403659233848</data>
    </avgGCells>
    <avgBCells idx="1" type="struct" size="1 1">
      <data idx="1" type="double" size="1 9">209.4377521085441 175.1232123212321 221.2964692695685 188.3796296296296 154.0759075907591 208.0105548290679 227.7419566030677 211.3685933408155 252.195635601296</data>
    </avgBCells>
  </features>
</root>
