<?xml version="1.0"?>
<!-- Written on 15-Jun-2010 21:44:14 using the XML Toolbox for Matlab -->
<root xml_tb_version="3.1" idx="1" type="struct" size="1 1">
  <filename idx="1" type="char" size="1 30">Another_Sunset_by_sekcyjny.jpg</filename>
  <features idx="1" type="struct" size="1 1">
    <numFaces idx="1" type="struct" size="1 1">
      <data idx="1" type="double" size="1 1">0</data>
    </numFaces>
    <cornerRatio idx="1" type="struct" size="1 1">
      <data idx="1" type="double" size="1 1">2.974628171478565e-05</data>
    </cornerRatio>
    <edgeRatio idx="1" type="struct" size="1 1">
      <data idx="1" type="double" size="1 1">0.01907436570428696</data>
    </edgeRatio>
    <gridEdgeRatio idx="1" type="struct" size="1 1">
      <data idx="1" type="double" size="1 9">0.006348166518490825 0.01310186701604978 0.04054773082942097 0.03277026500085783 0.02249153837755219 0.01391236306729265 0.009935286800711696 0.0215080852135851 0.01085308056872038</data>
    </gridEdgeRatio>
    <medianHue idx="1" type="struct" size="1 1">
      <data idx="1" type="double" size="1 1">114</data>
    </medianHue>
    <avgSat idx="1" type="struct" size="1 1">
      <data idx="1" type="double" size="1 1">93.51675240594925</data>
    </avgSat>
    <avgInt idx="1" type="struct" size="1 1">
      <data idx="1" type="double" size="1 1">138.6027349081365</data>
    </avgInt>
    <medHueCells idx="1" type="struct" size="1 1">
      <data idx="1" type="double" size="1 9">125 120 105 134 7 114 139 6 115</data>
    </medHueCells>
    <avgSatCells idx="1" type="struct" size="1 1">
      <data idx="1" type="double" size="1 9">91.72668569556873 71.7641975886326 115.9318070885358 90.02559543306346 93.14513437212423 104.5112500196816 104.2408294209703 92.62455399061034 77.78775671406002</data>
    </avgSatCells>
    <avgIntCells idx="1" type="struct" size="1 1">
      <data idx="1" type="double" size="1 9">141.9102366134793 122.8430739475613 123.1169403725339 140.9133405081652 140.4311294121316 109.8060336004787 163.1186854460095 160.043489827856 144.2411532385466</data>
    </avgIntCells>
    <cornerRatioGrid idx="1" type="struct" size="1 1">
      <data idx="1" type="double" size="1 9">1 0 1 3 9 1 1 0 1</data>
    </cornerRatioGrid>
    <avgR idx="1" type="struct" size="1 1">
      <data idx="1" type="double" size="1 1">129.5099387576552</data>
    </avgR>
    <avgG idx="1" type="struct" size="1 1">
      <data idx="1" type="double" size="1 1">108.9422729658792</data>
    </avgG>
    <avgB idx="1" type="struct" size="1 1">
      <data idx="1" type="double" size="1 1">123.4332668416448</data>
    </avgB>
    <avgRCells idx="1" type="struct" size="1 1">
      <data idx="1" type="double" size="1 9">124.1689672921249 119.6012197214293 107.213758246603 129.8711961692636 140.1331087298987 94.03271874163526 159.0417057902974 159.2760250391237 131.2876619273301</data>
    </avgRCells>
    <avgGCells idx="1" type="struct" size="1 1">
      <data idx="1" type="double" size="1 9">116.5424952817681 98.6856175814577 109.7329124088741 104.5904106811411 95.77770498962762 91.81718127568446 121.4340845070423 115.3987949921753 125.7158609794628</data>
    </avgGCells>
    <avgBCells idx="1" type="struct" size="1 1">
      <data idx="1" type="double" size="1 9">141.8625395785566 105.3089389047464 121.3279589362471 135.1246861011028 92.04036622837799 104.9378847758655 151.0418779342723 119.3999217527387 139.0502843601896</data>
    </avgBCells>
  </features>
</root>
