<?xml version="1.0"?>
<!-- Written on 15-Jun-2010 21:44:15 using the XML Toolbox for Matlab -->
<root xml_tb_version="3.1" idx="1" type="struct" size="1 1">
  <filename idx="1" type="char" size="1 37">Another_linocut___3_by_kamilsmala.jpg</filename>
  <features idx="1" type="struct" size="1 1">
    <numFaces idx="1" type="struct" size="1 1">
      <data idx="1" type="double" size="1 1">0</data>
    </numFaces>
    <cornerRatio idx="1" type="struct" size="1 1">
      <data idx="1" type="double" size="1 1">0.001845444059976932</data>
    </cornerRatio>
    <edgeRatio idx="1" type="struct" size="1 1">
      <data idx="1" type="double" size="1 1">0.170843906189927</data>
    </edgeRatio>
    <gridEdgeRatio idx="1" type="struct" size="1 1">
      <data idx="1" type="double" size="1 9">0.1842997568243312 0.1632188238517656 0.05019725913621263 0.3117614823440764 0.3332020413056134 0.1440683831672204 0.2321305841924398 0.1159621993127148 0.0001736111111111111</data>
    </gridEdgeRatio>
    <medianHue idx="1" type="struct" size="1 1">
      <data idx="1" type="double" size="1 1">0</data>
    </medianHue>
    <avgSat idx="1" type="struct" size="1 1">
      <data idx="1" type="double" size="1 1">0</data>
    </avgSat>
    <avgInt idx="1" type="struct" size="1 1">
      <data idx="1" type="double" size="1 1">59.69500768935031</data>
    </avgInt>
    <medHueCells idx="1" type="struct" size="1 1">
      <data idx="1" type="double" size="1 9">0 0 0 0 0 0 0 0 0</data>
    </medHueCells>
    <avgSatCells idx="1" type="struct" size="1 1">
      <data idx="1" type="double" size="1 9">0 0 0 0 0 0 0 0 0</data>
    </avgSatCells>
    <avgIntCells idx="1" type="struct" size="1 1">
      <data idx="1" type="double" size="1 9">62.81922800287702 118.7512415659143 76.09221649484539 59.85448847484331 106.367743261294 40.15135738831616 24.56303640642302 34.16249653931339 13.71546875</data>
    </avgIntCells>
    <cornerRatioGrid idx="1" type="struct" size="1 1">
      <data idx="1" type="double" size="1 9">64 71 25 251 245 52 202 50 0</data>
    </cornerRatioGrid>
    <avgR idx="1" type="struct" size="1 1">
      <data idx="1" type="double" size="1 1">59.69500768935031</data>
    </avgR>
    <avgG idx="1" type="struct" size="1 1">
      <data idx="1" type="double" size="1 1">59.69500768935031</data>
    </avgG>
    <avgB idx="1" type="struct" size="1 1">
      <data idx="1" type="double" size="1 1">59.69500768935031</data>
    </avgB>
    <avgRCells idx="1" type="struct" size="1 1">
      <data idx="1" type="double" size="1 9">62.81922800287702 118.7512415659143 76.09221649484539 59.85448847484331 106.367743261294 40.15135738831616 24.56303640642302 34.16249653931339 13.71546875</data>
    </avgRCells>
    <avgGCells idx="1" type="struct" size="1 1">
      <data idx="1" type="double" size="1 9">62.81922800287702 118.7512415659143 76.09221649484539 59.85448847484331 106.367743261294 40.15135738831616 24.56303640642302 34.16249653931339 13.71546875</data>
    </avgGCells>
    <avgBCells idx="1" type="struct" size="1 1">
      <data idx="1" type="double" size="1 9">62.81922800287702 118.7512415659143 76.09221649484539 59.85448847484331 106.367743261294 40.15135738831616 24.56303640642302 34.16249653931339 13.71546875</data>
    </avgBCells>
  </features>
</root>
