<?xml version="1.0"?>
<!-- Written on 15-Jun-2010 21:44:15 using the XML Toolbox for Matlab -->
<root xml_tb_version="3.1" idx="1" type="struct" size="1 1">
  <filename idx="1" type="char" size="1 22">Anxiety_by_K1lgore.jpg</filename>
  <features idx="1" type="struct" size="1 1">
    <numFaces idx="1" type="struct" size="1 1">
      <data idx="1" type="double" size="1 1">1</data>
    </numFaces>
    <cornerRatio idx="1" type="struct" size="1 1">
      <data idx="1" type="double" size="1 1">8.3166812395901e-05</data>
    </cornerRatio>
    <edgeRatio idx="1" type="struct" size="1 1">
      <data idx="1" type="double" size="1 1">0.08159788171881076</data>
    </edgeRatio>
    <gridEdgeRatio idx="1" type="struct" size="1 1">
      <data idx="1" type="double" size="1 9">0.09811176577047595 0.1364193931106598 0.008646866013794777 0.1186028273240967 0.2617185143477651 0.005348991534114903 0.04814092380703413 0.05037302177803681 0.00894850087474111</data>
    </gridEdgeRatio>
    <medianHue idx="1" type="struct" size="1 1">
      <data idx="1" type="double" size="1 1">114</data>
    </medianHue>
    <avgSat idx="1" type="struct" size="1 1">
      <data idx="1" type="double" size="1 1">118.9123084634596</data>
    </avgSat>
    <avgInt idx="1" type="struct" size="1 1">
      <data idx="1" type="double" size="1 1">56.33222444250138</data>
    </avgInt>
    <medHueCells idx="1" type="struct" size="1 1">
      <data idx="1" type="double" size="1 9">22 175 126 22 22 114 114 115 114</data>
    </medHueCells>
    <avgSatCells idx="1" type="struct" size="1 1">
      <data idx="1" type="double" size="1 9">171.6526171851436 161.4364857527801 173.7180719499688 65.47887550523838 39.61360574312776 98.70480001608718 107.5189125057813 133.1642301272899 117.4973757767098</data>
    </avgSatCells>
    <avgIntCells idx="1" type="struct" size="1 1">
      <data idx="1" type="double" size="1 9">65.21321562870757 87.27269802328621 40.37646041545172 71.7372961451065 135.2646142090127 36.55016187737537 24.72539162259446 19.5711958816787 26.87703352168754</data>
    </avgIntCells>
    <cornerRatioGrid idx="1" type="struct" size="1 1">
      <data idx="1" type="double" size="1 9">4 5 1 14 9 0 3 0 1</data>
    </cornerRatioGrid>
    <avgR idx="1" type="struct" size="1 1">
      <data idx="1" type="double" size="1 1">54.47159628581512</data>
    </avgR>
    <avgG idx="1" type="struct" size="1 1">
      <data idx="1" type="double" size="1 1">47.44106507465909</data>
    </avgG>
    <avgB idx="1" type="struct" size="1 1">
      <data idx="1" type="double" size="1 1">44.64516767103704</data>
    </avgB>
    <avgRCells idx="1" type="struct" size="1 1">
      <data idx="1" type="double" size="1 9">65.19425285044944 87.22302881618373 39.83725793802407 71.19944097005772 134.8712622413482 32.74157936013189 22.16380783848458 14.8364535783949 22.77520159263207</data>
    </avgRCells>
    <avgGCells idx="1" type="struct" size="1 1">
      <data idx="1" type="double" size="1 9">44.89593597297353 62.96971585996097 29.63506203623637 67.01874157936014 129.3602324599329 32.62440427114962 22.34171207947073 15.5135434052565 23.26740935872428</data>
    </avgGCells>
    <avgBCells idx="1" type="struct" size="1 1">
      <data idx="1" type="double" size="1 9">38.54187697319471 57.52094351384505 29.63626857568017 56.78014840435154 115.7300166904623 34.10159062116672 23.84349172515031 19.40115425606788 26.80556616863399</data>
    </avgBCells>
  </features>
</root>
