<?xml version="1.0"?>
<!-- Written on 15-Jun-2010 21:47:16 using the XML Toolbox for Matlab -->
<root xml_tb_version="3.1" idx="1" type="struct" size="1 1">
  <filename idx="1" type="char" size="1 27">aph_UK_by_Kitsunebaka91.jpg</filename>
  <features idx="1" type="struct" size="1 1">
    <numFaces idx="1" type="struct" size="1 1">
      <data idx="1" type="double" size="1 1">1</data>
    </numFaces>
    <cornerRatio idx="1" type="struct" size="1 1">
      <data idx="1" type="double" size="1 1">0.0008039579468150897</data>
    </cornerRatio>
    <edgeRatio idx="1" type="struct" size="1 1">
      <data idx="1" type="double" size="1 1">0.10359410430839</data>
    </edgeRatio>
    <gridEdgeRatio idx="1" type="struct" size="1 1">
      <data idx="1" type="double" size="1 9">0.08269656699889255 0.0637504614248801 0.03820370370370368 0.1153654485049834 0.1963916574381689 0.1261296296296298 0.07677187153931336 0.1471299372462163 0.08598148148148166</data>
    </gridEdgeRatio>
    <medianHue idx="1" type="struct" size="1 1">
      <data idx="1" type="double" size="1 1">12</data>
    </medianHue>
    <avgSat idx="1" type="struct" size="1 1">
      <data idx="1" type="double" size="1 1">58.38648319934029</data>
    </avgSat>
    <avgInt idx="1" type="struct" size="1 1">
      <data idx="1" type="double" size="1 1">227.2375262832405</data>
    </avgInt>
    <medHueCells idx="1" type="struct" size="1 1">
      <data idx="1" type="double" size="1 9">0 10 0 22 13 14 3 13 0</data>
    </medHueCells>
    <avgSatCells idx="1" type="struct" size="1 1">
      <data idx="1" type="double" size="1 9">50.42110557401251 36.8828349944629 19.23996862310816 139.8191952750093 83.93821520856402 44.96208010335912 65.5285648148149 63.58124999999994 21.74196296296297</data>
    </avgSatCells>
    <avgIntCells idx="1" type="struct" size="1 1">
      <data idx="1" type="double" size="1 9">237.4145256552232 221.6137504614248 230.4649317091176 239.5036175710596 208.2037559985233 208.4359819121447 244.9897407407407 225.0235185185186 229.4289351851853</data>
    </avgIntCells>
    <cornerRatioGrid idx="1" type="struct" size="1 1">
      <data idx="1" type="double" size="1 9">59 43 34 136 148 112 52 107 89</data>
    </cornerRatioGrid>
    <avgR idx="1" type="struct" size="1 1">
      <data idx="1" type="double" size="1 1">227.1183333333331</data>
    </avgR>
    <avgG idx="1" type="struct" size="1 1">
      <data idx="1" type="double" size="1 1">211.1823706452277</data>
    </avgG>
    <avgB idx="1" type="struct" size="1 1">
      <data idx="1" type="double" size="1 1">180.3845382395384</data>
    </avgB>
    <avgRCells idx="1" type="struct" size="1 1">
      <data idx="1" type="double" size="1 9">237.3335917312662 221.4632613510522 230.3830657069029 239.4909837578443 207.973265042451 208.369638242894 244.8523703703702 224.8603888888891 229.2803796296296</data>
    </avgRCells>
    <avgGCells idx="1" type="struct" size="1 1">
      <data idx="1" type="double" size="1 9">225.3612310815799 208.4402454780364 226.3070413436693 205.2848468069398 179.9457825765968 197.315227021041 226.289888888889 205.9847592592592 225.4091388888889</data>
    </avgGCells>
    <avgBCells idx="1" type="struct" size="1 1">
      <data idx="1" type="double" size="1 9">195.7717331118493 198.0510705057217 219.7379106681431 107.9153193060169 143.7412329272795 179.8294296788483 184.804425925926 175.8508703703703 217.0987962962963</data>
    </avgBCells>
  </features>
</root>
