<?xml version="1.0"?>
<!-- Written on 15-Jun-2010 21:44:03 using the XML Toolbox for Matlab -->
<root xml_tb_version="3.1" idx="1" type="struct" size="1 1">
  <filename idx="1" type="char" size="1 37">APH_Russia_chibi_by_Kitsunebaka91.jpg</filename>
  <features idx="1" type="struct" size="1 1">
    <numFaces idx="1" type="struct" size="1 1">
      <data idx="1" type="double" size="1 1">0</data>
    </numFaces>
    <cornerRatio idx="1" type="struct" size="1 1">
      <data idx="1" type="double" size="1 1">0.0001763472684671353</data>
    </cornerRatio>
    <edgeRatio idx="1" type="struct" size="1 1">
      <data idx="1" type="double" size="1 1">0.09277222838821063</data>
    </edgeRatio>
    <gridEdgeRatio idx="1" type="struct" size="1 1">
      <data idx="1" type="double" size="1 9">0.08243838368229939 0.09588194390790399 0.04074197120708743 0.142868180262911 0.2054502709683116 0.0790365448504983 0.03757132923477668 0.1004293550843809 0.05222591362126251</data>
    </gridEdgeRatio>
    <medianHue idx="1" type="struct" size="1 1">
      <data idx="1" type="double" size="1 1">30</data>
    </medianHue>
    <avgSat idx="1" type="struct" size="1 1">
      <data idx="1" type="double" size="1 1">43.62237883832779</data>
    </avgSat>
    <avgInt idx="1" type="struct" size="1 1">
      <data idx="1" type="double" size="1 1">217.1355604883462</data>
    </avgInt>
    <medHueCells idx="1" type="struct" size="1 1">
      <data idx="1" type="double" size="1 9">30 24 32 27 20 30 30 30 30</data>
    </medHueCells>
    <avgSatCells idx="1" type="struct" size="1 1">
      <data idx="1" type="double" size="1 9">80.05659981677911 111.4539133122151 20.96578404211875 29.69172525689559 52.00001103740579 33.96160086533261 15.90489479512737 25.47328903654487 23.13635658914729</data>
    </avgSatCells>
    <avgIntCells idx="1" type="struct" size="1 1">
      <data idx="1" type="double" size="1 9">227.8963918720545 195.179092945994 244.8942285405238 212.1251531440051 187.5226984249622 201.2051853732299 236.8332447397563 226.0740753045403 222.2402990033222</data>
    </avgIntCells>
    <cornerRatioGrid idx="1" type="struct" size="1 1">
      <data idx="1" type="double" size="1 9">12 4 1 23 30 19 6 13 35</data>
    </cornerRatioGrid>
    <avgR idx="1" type="struct" size="1 1">
      <data idx="1" type="double" size="1 1">216.5334048587991</data>
    </avgR>
    <avgG idx="1" type="struct" size="1 1">
      <data idx="1" type="double" size="1 1">206.3191601923789</data>
    </avgG>
    <avgB idx="1" type="struct" size="1 1">
      <data idx="1" type="double" size="1 1">187.0270193612037</data>
    </avgB>
    <avgRCells idx="1" type="struct" size="1 1">
      <data idx="1" type="double" size="1 9">227.5616825421354 194.5807662167083 244.2832639816339 211.7580711029681 187.1430227039438 200.2212447986226 236.1825359911406 225.4071207087485 221.4055370985602</data>
    </avgRCells>
    <avgGCells idx="1" type="struct" size="1 1">
      <data idx="1" type="double" size="1 9">210.1258485005683 172.5255129634331 238.5738016136687 207.0252756592091 167.4673568724407 191.3703049635214 234.8360354374308 215.5681506090808 219.0862236987818</data>
    </avgGCells>
    <avgBCells idx="1" type="struct" size="1 1">
      <data idx="1" type="double" size="1 9">164.6865597509962 118.2789373185726 230.1277027847375 190.4808997693183 154.9416893853269 184.4987472544454 222.9777297895903 208.7617165005536 208.264318936877</data>
    </avgBCells>
  </features>
</root>
