<?xml version="1.0"?>
<!-- Written on 15-Jun-2010 21:44:16 using the XML Toolbox for Matlab -->
<root xml_tb_version="3.1" idx="1" type="struct" size="1 1">
  <filename idx="1" type="char" size="1 19">Apple_by_woekan.jpg</filename>
  <features idx="1" type="struct" size="1 1">
    <numFaces idx="1" type="struct" size="1 1">
      <data idx="1" type="double" size="1 1">1</data>
    </numFaces>
    <cornerRatio idx="1" type="struct" size="1 1">
      <data idx="1" type="double" size="1 1">4.901960784313725e-05</data>
    </cornerRatio>
    <edgeRatio idx="1" type="struct" size="1 1">
      <data idx="1" type="double" size="1 1">0.03201525054466231</data>
    </edgeRatio>
    <gridEdgeRatio idx="1" type="struct" size="1 1">
      <data idx="1" type="double" size="1 9">0.07086945952515984 0.06185884450206611 0.01344715447154472 0.02977068308889068 0.01450449720444049 0.01515447154471545 0.03408572731418156 0.02584522180965405 0.02236928104575159</data>
    </gridEdgeRatio>
    <medianHue idx="1" type="struct" size="1 1">
      <data idx="1" type="double" size="1 1">22</data>
    </medianHue>
    <avgSat idx="1" type="struct" size="1 1">
      <data idx="1" type="double" size="1 1">83.99305374001452</data>
    </avgSat>
    <avgInt idx="1" type="struct" size="1 1">
      <data idx="1" type="double" size="1 1">173.1558732752359</data>
    </avgInt>
    <medHueCells idx="1" type="struct" size="1 1">
      <data idx="1" type="double" size="1 9">22 10 20 22 17 17 26 26 22</data>
    </medHueCells>
    <avgSatCells idx="1" type="struct" size="1 1">
      <data idx="1" type="double" size="1 9">56.97491289198609 143.2181832914674 84.69293531366039 79.91253545093593 160.1745887691436 105.0733828415087 23.80674796747967 69.14991869918704 32.84834967320261</data>
    </avgSatCells>
    <avgIntCells idx="1" type="struct" size="1 1">
      <data idx="1" type="double" size="1 9">206.6908678389109 134.3607811360506 161.780991466354 189.7372174053967 117.4423142370958 135.4050713308581 222.1264065040649 195.1242439024394 195.9338562091503</data>
    </avgIntCells>
    <cornerRatioGrid idx="1" type="struct" size="1 1">
      <data idx="1" type="double" size="1 9">2 6 0 3 0 0 2 1 13</data>
    </cornerRatioGrid>
    <avgR idx="1" type="struct" size="1 1">
      <data idx="1" type="double" size="1 1">173.1461092955703</data>
    </avgR>
    <avgG idx="1" type="struct" size="1 1">
      <data idx="1" type="double" size="1 1">154.6845116194626</data>
    </avgG>
    <avgB idx="1" type="struct" size="1 1">
      <data idx="1" type="double" size="1 1">135.2405228758171</data>
    </avgB>
    <avgRCells idx="1" type="struct" size="1 1">
      <data idx="1" type="double" size="1 9">206.678567377036 134.3490640952921 161.7751449416977 189.7307673608298 117.440952921157 135.4002670835777 222.1106666666668 195.1132357723581 195.9149673202615</data>
    </avgRCells>
    <avgGCells idx="1" type="struct" size="1 1">
      <data idx="1" type="double" size="1 9">188.4231423709586 100.0858763471357 143.8295225066772 167.5429705858521 86.64435621100405 116.0018402709922 218.1185853658536 182.3154634146345 189.4241013071895</data>
    </avgGCells>
    <avgBCells idx="1" type="struct" size="1 1">
      <data idx="1" type="double" size="1 9">172.5941495826917 83.86127542338542 126.6634746922025 146.3159873592091 61.24717607973422 98.1060517230148 202.3601463414634 150.4284390243903 175.6388725490196</data>
    </avgBCells>
  </features>
</root>
