<?xml version="1.0"?>
<!-- Written on 15-Jun-2010 21:44:16 using the XML Toolbox for Matlab -->
<root xml_tb_version="3.1" idx="1" type="struct" size="1 1">
  <filename idx="1" type="char" size="1 36">Aqua_Cyptile_WIP_by_Mallimaakari.jpg</filename>
  <features idx="1" type="struct" size="1 1">
    <numFaces idx="1" type="struct" size="1 1">
      <data idx="1" type="double" size="1 1">0</data>
    </numFaces>
    <cornerRatio idx="1" type="struct" size="1 1">
      <data idx="1" type="double" size="1 1">0.0003518518518518518</data>
    </cornerRatio>
    <edgeRatio idx="1" type="struct" size="1 1">
      <data idx="1" type="double" size="1 1">0.06287407407407407</data>
    </edgeRatio>
    <gridEdgeRatio idx="1" type="struct" size="1 1">
      <data idx="1" type="double" size="1 9">0.06012981450364089 0.07324305624196895 0.07268211920529798 0.07083786366182328 0.06398471220058646 0.08735099337748345 0.03840796019900498 0.0677943615257048 0.0309333333333333</data>
    </gridEdgeRatio>
    <medianHue idx="1" type="struct" size="1 1">
      <data idx="1" type="double" size="1 1">50</data>
    </medianHue>
    <avgSat idx="1" type="struct" size="1 1">
      <data idx="1" type="double" size="1 1">36.19198518518522</data>
    </avgSat>
    <avgInt idx="1" type="struct" size="1 1">
      <data idx="1" type="double" size="1 1">124.1559074074075</data>
    </avgInt>
    <medHueCells idx="1" type="struct" size="1 1">
      <data idx="1" type="double" size="1 9">95 40 96 43 38 22 75 116 110</data>
    </medHueCells>
    <avgSatCells idx="1" type="struct" size="1 1">
      <data idx="1" type="double" size="1 9">42.81255971796642 34.55843300056011 13.15373134328358 69.02194326381336 19.67697934170208 55.47827529021557 63.72470198675499 13.61450331125828 12.93693333333334</data>
    </avgSatCells>
    <avgIntCells idx="1" type="struct" size="1 1">
      <data idx="1" type="double" size="1 9">78.95321406213962 131.0086323350137 163.7318739635157 84.106915752364 130.2270765378406 96.73515754560535 91.98321192052981 159.8872516556291 181.6310666666667</data>
    </avgIntCells>
    <cornerRatioGrid idx="1" type="struct" size="1 1">
      <data idx="1" type="double" size="1 9">8 17 5 20 12 19 3 7 4</data>
    </cornerRatioGrid>
    <avgR idx="1" type="struct" size="1 1">
      <data idx="1" type="double" size="1 1">121.1068259259259</data>
    </avgR>
    <avgG idx="1" type="struct" size="1 1">
      <data idx="1" type="double" size="1 1">118.9829074074072</data>
    </avgG>
    <avgB idx="1" type="struct" size="1 1">
      <data idx="1" type="double" size="1 1">113.4505185185185</data>
    </avgB>
    <avgRCells idx="1" type="struct" size="1 1">
      <data idx="1" type="double" size="1 9">74.66752331059935 127.6220552864815 159.90271973466 78.86586932885238 127.153504003163 95.76441127694861 91.04844370860928 157.6223509933776 178.1913999999999</data>
    </avgRCells>
    <avgGCells idx="1" type="struct" size="1 1">
      <data idx="1" type="double" size="1 9">76.89805937201413 129.8534809396726 162.2475621890548 81.7275213337287 129.1017758887681 90.65376451077945 68.78801324503308 155.25 177.2349333333334</data>
    </avgGCells>
    <avgBCells idx="1" type="struct" size="1 1">
      <data idx="1" type="double" size="1 9">71.1164047313104 117.7858719646799 160.2910116086235 67.74946459754207 123.0313663470725 79.99316749585405 69.20993377483444 156.187152317881 176.7497999999999</data>
    </avgBCells>
  </features>
</root>
