<?xml version="1.0"?>
<!-- Written on 15-Jun-2010 21:44:16 using the XML Toolbox for Matlab -->
<root xml_tb_version="3.1" idx="1" type="struct" size="1 1">
  <filename idx="1" type="char" size="1 21">Aracne_by_K1lgore.jpg</filename>
  <features idx="1" type="struct" size="1 1">
    <numFaces idx="1" type="struct" size="1 1">
      <data idx="1" type="double" size="1 1">1</data>
    </numFaces>
    <cornerRatio idx="1" type="struct" size="1 1">
      <data idx="1" type="double" size="1 1">6.79532481652623e-05</data>
    </cornerRatio>
    <edgeRatio idx="1" type="struct" size="1 1">
      <data idx="1" type="double" size="1 1">0.08132644740418592</data>
    </edgeRatio>
    <gridEdgeRatio idx="1" type="struct" size="1 1">
      <data idx="1" type="double" size="1 9">0.04861390116512655 0.08196062675773404 0.07186234817813761 0.07059059863398959 0.1559662515066291 0.08400809716599189 0.05274484326782521 0.1503573168751015 0.01534369885433717</data>
    </gridEdgeRatio>
    <medianHue idx="1" type="struct" size="1 1">
      <data idx="1" type="double" size="1 1">17</data>
    </medianHue>
    <avgSat idx="1" type="struct" size="1 1">
      <data idx="1" type="double" size="1 1">22.1556582404639</data>
    </avgSat>
    <avgInt idx="1" type="struct" size="1 1">
      <data idx="1" type="double" size="1 1">61.05188457008242</data>
    </avgInt>
    <medHueCells idx="1" type="struct" size="1 1">
      <data idx="1" type="double" size="1 9">20 0 0 0 18 25 22 0 0</data>
    </medHueCells>
    <avgSatCells idx="1" type="struct" size="1 1">
      <data idx="1" type="double" size="1 9">21.34688629971876 22.07991161108879 16.00069027123599 15.23901165126557 35.40321414222579 20.21694818905311 29.25765182186235 25.75323886639677 13.65941080196399</data>
    </avgSatCells>
    <avgIntCells idx="1" type="struct" size="1 1">
      <data idx="1" type="double" size="1 9">96.51442346323827 47.30385697067095 43.22222673379883 58.49461631177182 52.70751305745278 82.11722429754754 83.49210526315791 46.15894736842105 37.10507364975449</data>
    </avgIntCells>
    <cornerRatioGrid idx="1" type="struct" size="1 1">
      <data idx="1" type="double" size="1 9">3 1 3 1 2 0 2 2 1</data>
    </cornerRatioGrid>
    <avgR idx="1" type="struct" size="1 1">
      <data idx="1" type="double" size="1 1">60.9588339222615</data>
    </avgR>
    <avgG idx="1" type="struct" size="1 1">
      <data idx="1" type="double" size="1 1">59.90851227688677</data>
    </avgG>
    <avgB idx="1" type="struct" size="1 1">
      <data idx="1" type="double" size="1 1">56.55068406269821</data>
    </avgB>
    <avgRCells idx="1" type="struct" size="1 1">
      <data idx="1" type="double" size="1 9">96.40044194455601 47.27267979108077 43.14057170700006 58.32422659702689 52.68131779831256 81.85260678902061 83.42400809716597 46.13663967611335 37.04864975450081</data>
    </avgRCells>
    <avgGCells idx="1" type="struct" size="1 1">
      <data idx="1" type="double" size="1 9">94.66564885496186 45.75407794294896 43.02355043040431 57.88425070309361 49.83097629570107 81.59728764008447 82.11222672064778 45.05518218623481 36.95548281505727</data>
    </avgGCells>
    <avgBCells idx="1" type="struct" size="1 1">
      <data idx="1" type="double" size="1 9">90.21418240257128 42.03362796303737 41.51896215689446 55.28987545198874 44.64628364805145 78.2225109631314 76.85696356275302 41.77295546558706 36.2278232405892</data>
    </avgBCells>
  </features>
</root>
