<?xml version="1.0"?>
<!-- Written on 15-Jun-2010 21:44:16 using the XML Toolbox for Matlab -->
<root xml_tb_version="3.1" idx="1" type="struct" size="1 1">
  <filename idx="1" type="char" size="1 31">Archaeogalea_by_nyctopterus.jpg</filename>
  <features idx="1" type="struct" size="1 1">
    <numFaces idx="1" type="struct" size="1 1">
      <data idx="1" type="double" size="1 1">0</data>
    </numFaces>
    <cornerRatio idx="1" type="struct" size="1 1">
      <data idx="1" type="double" size="1 1">0.0002796875</data>
    </cornerRatio>
    <edgeRatio idx="1" type="struct" size="1 1">
      <data idx="1" type="double" size="1 1">0.0404734375</data>
    </edgeRatio>
    <gridEdgeRatio idx="1" type="struct" size="1 1">
      <data idx="1" type="double" size="1 9">0.01612274448652259 0.08757518378257968 0.01911962742677592 0.01140287369124527 0.07941635108041879 0.01451857255077993 0.05895802940186294 0.02945797329143759 0.04897111199050268</data>
    </gridEdgeRatio>
    <medianHue idx="1" type="struct" size="1 1">
      <data idx="1" type="double" size="1 1">10</data>
    </medianHue>
    <avgSat idx="1" type="struct" size="1 1">
      <data idx="1" type="double" size="1 1">159.10449375</data>
    </avgSat>
    <avgInt idx="1" type="struct" size="1 1">
      <data idx="1" type="double" size="1 1">80.21475937499994</data>
    </avgInt>
    <medHueCells idx="1" type="struct" size="1 1">
      <data idx="1" type="double" size="1 9">9 10 9 10 12 9 10 11 10</data>
    </medHueCells>
    <avgSatCells idx="1" type="struct" size="1 1">
      <data idx="1" type="double" size="1 9">155.8997410336378 152.872814101136 154.3024071372461 183.4932473824905 162.7290599242592 158.1170884300303 161.6024997194478 152.4049910223318 150.6018005540166</data>
    </avgSatCells>
    <avgIntCells idx="1" type="struct" size="1 1">
      <data idx="1" type="double" size="1 9">50.50377311205171 78.14475662731112 55.66495062282574 101.6238026286478 151.8241256404544 80.7588935024127 57.43775951071707 92.86902423970372 53.4404290802193</data>
    </avgIntCells>
    <cornerRatioGrid idx="1" type="struct" size="1 1">
      <data idx="1" type="double" size="1 9">9 62 15 9 57 16 4 5 2</data>
    </cornerRatioGrid>
    <avgR idx="1" type="struct" size="1 1">
      <data idx="1" type="double" size="1 1">80.21245468749996</data>
    </avgR>
    <avgG idx="1" type="struct" size="1 1">
      <data idx="1" type="double" size="1 1">46.74030625000007</data>
    </avgG>
    <avgB idx="1" type="struct" size="1 1">
      <data idx="1" type="double" size="1 1">28.46615468750002</data>
    </avgB>
    <avgRCells idx="1" type="struct" size="1 1">
      <data idx="1" type="double" size="1 9">50.50180997995101 78.14209734907544 55.66089664459659 101.6224103363778 151.8241256404544 80.7575047693861 57.43477163056895 92.86579789024799 53.43737633557573</data>
    </avgRCells>
    <avgGCells idx="1" type="struct" size="1 1">
      <data idx="1" type="double" size="1 9">29.11926375584761 46.55236411227445 32.45355459544381 51.42334038761414 92.56507574069951 47.24196218157331 31.48459768825048 57.25706991358994 32.6598733676296</data>
    </avgGCells>
    <avgBCells idx="1" type="struct" size="1 1">
      <data idx="1" type="double" size="1 9">19.77206783247939 31.36823345956783 22.33530187408822 21.90518489641343 52.69114780574735 30.581374144316 19.16114914151049 36.22622320727193 22.16452314998022</data>
    </avgBCells>
  </features>
</root>
