<?xml version="1.0"?>
<!-- Written on 15-Jun-2010 21:44:16 using the XML Toolbox for Matlab -->
<root xml_tb_version="3.1" idx="1" type="struct" size="1 1">
  <filename idx="1" type="char" size="1 27">Arkham_House_by_K1lgore.jpg</filename>
  <features idx="1" type="struct" size="1 1">
    <numFaces idx="1" type="struct" size="1 1">
      <data idx="1" type="double" size="1 1">0</data>
    </numFaces>
    <cornerRatio idx="1" type="struct" size="1 1">
      <data idx="1" type="double" size="1 1">0.001054979503255365</data>
    </cornerRatio>
    <edgeRatio idx="1" type="struct" size="1 1">
      <data idx="1" type="double" size="1 1">0.2217265493127562</data>
    </edgeRatio>
    <gridEdgeRatio idx="1" type="struct" size="1 1">
      <data idx="1" type="double" size="1 9">0.2695815450643775 0.3020982355746304 0.2957171583781024 0.2707141154029567 0.2790295660467333 0.3040007203097331 0.04828184865900385 0.1539750957854406 0.07110561851941162</data>
    </gridEdgeRatio>
    <medianHue idx="1" type="struct" size="1 1">
      <data idx="1" type="double" size="1 1">20</data>
    </medianHue>
    <avgSat idx="1" type="struct" size="1 1">
      <data idx="1" type="double" size="1 1">79.17079950700641</data>
    </avgSat>
    <avgInt idx="1" type="struct" size="1 1">
      <data idx="1" type="double" size="1 1">89.76356402218472</data>
    </avgInt>
    <medHueCells idx="1" type="struct" size="1 1">
      <data idx="1" type="double" size="1 9">22 22 0 22 21 18 21 21 0</data>
    </medHueCells>
    <avgSatCells idx="1" type="struct" size="1 1">
      <data idx="1" type="double" size="1 9">87.2678528850739 104.3538090128755 20.98976293103449 97.2433536003815 112.4725798760134 58.23236949233718 91.94009424052344 106.6176956091119 33.96060405112128</data>
    </avgSatCells>
    <avgIntCells idx="1" type="struct" size="1 1">
      <data idx="1" type="double" size="1 9">133.7823974725799 107.3917799237005 37.27271910919538 121.6708989031951 80.41535526943255 35.09255268199232 138.6667066838741 112.4350670788439 40.45153122739329</data>
    </avgIntCells>
    <cornerRatioGrid idx="1" type="struct" size="1 1">
      <data idx="1" type="double" size="1 9">24 10 14 102 62 67 9 14 13</data>
    </cornerRatioGrid>
    <avgR idx="1" type="struct" size="1 1">
      <data idx="1" type="double" size="1 1">89.5103421482732</data>
    </avgR>
    <avgG idx="1" type="struct" size="1 1">
      <data idx="1" type="double" size="1 1">81.37071309916136</data>
    </avgG>
    <avgB idx="1" type="struct" size="1 1">
      <data idx="1" type="double" size="1 1">62.15630107440452</data>
    </avgB>
    <avgRCells idx="1" type="struct" size="1 1">
      <data idx="1" type="double" size="1 9">133.6334942775393 106.8500238435861 37.09066690613026 121.6104852169766 80.06223175965665 34.85874640804597 138.5698250247606 112.0028212131217 40.21696407041233</data>
    </avgRCells>
    <avgGCells idx="1" type="struct" size="1 1">
      <data idx="1" type="double" size="1 9">122.8502920839294 97.78576537911306 36.5447497605364 108.7123569384835 69.707111349547 33.2529034961686 123.6928179117021 99.70983522914854 39.38404268145649</data>
    </avgGCells>
    <avgBCells idx="1" type="struct" size="1 1">
      <data idx="1" type="double" size="1 9">93.1480686695279 76.00730209823556 35.58949952107278 75.63683237958988 45.59400333810206 29.34198395593869 91.30925297878089 74.02608121492244 38.07113576079093</data>
    </avgBCells>
  </features>
</root>
