<?xml version="1.0"?>
<!-- Written on 15-Jun-2010 21:44:16 using the XML Toolbox for Matlab -->
<root xml_tb_version="3.1" idx="1" type="struct" size="1 1">
  <filename idx="1" type="char" size="1 22">Armor_by_Mentosik8.jpg</filename>
  <features idx="1" type="struct" size="1 1">
    <numFaces idx="1" type="struct" size="1 1">
      <data idx="1" type="double" size="1 1">2</data>
    </numFaces>
    <cornerRatio idx="1" type="struct" size="1 1">
      <data idx="1" type="double" size="1 1">0.0001854482323232323</data>
    </cornerRatio>
    <edgeRatio idx="1" type="struct" size="1 1">
      <data idx="1" type="double" size="1 1">0.03551767676767677</data>
    </edgeRatio>
    <gridEdgeRatio idx="1" type="struct" size="1 1">
      <data idx="1" type="double" size="1 9">0 0.0199476920901958 0.01855319148936171 0 0.0979783699724324 0.09935460992907805 0.00370396550505407 0.03561885912207535 0.04527659574468082</data>
    </gridEdgeRatio>
    <medianHue idx="1" type="struct" size="1 1">
      <data idx="1" type="double" size="1 1">15</data>
    </medianHue>
    <avgSat idx="1" type="struct" size="1 1">
      <data idx="1" type="double" size="1 1">72.18000710227274</data>
    </avgSat>
    <avgInt idx="1" type="struct" size="1 1">
      <data idx="1" type="double" size="1 1">159.8144318181819</data>
    </avgInt>
    <medHueCells idx="1" type="struct" size="1 1">
      <data idx="1" type="double" size="1 9">15 16 15 15 15 15 16 15 15</data>
    </medHueCells>
    <avgSatCells idx="1" type="struct" size="1 1">
      <data idx="1" type="double" size="1 9">37.11946702481092 55.21772107160528 79.18263236021764 58.42833816356825 94.98173464338726 94.38201032020928 55.78698581560285 86.62662411347516 88.10357446808517</data>
    </avgSatCells>
    <avgIntCells idx="1" type="struct" size="1 1">
      <data idx="1" type="double" size="1 9">238.8228882448575 210.9033222591362 146.4768219410477 193.2813175938361 97.05314907754298 96.400890648194 202.6979858156028 129.9205390070921 122.1395744680851</data>
    </avgIntCells>
    <cornerRatioGrid idx="1" type="struct" size="1 1">
      <data idx="1" type="double" size="1 9">0 19 24 0 63 101 0 17 11</data>
    </cornerRatioGrid>
    <avgR idx="1" type="struct" size="1 1">
      <data idx="1" type="double" size="1 1">159.8118750000001</data>
    </avgR>
    <avgG idx="1" type="struct" size="1 1">
      <data idx="1" type="double" size="1 1">140.7653093434342</data>
    </avgG>
    <avgB idx="1" type="struct" size="1 1">
      <data idx="1" type="double" size="1 1">121.0687373737374</data>
    </avgB>
    <avgRCells idx="1" type="struct" size="1 1">
      <data idx="1" type="double" size="1 9">238.8228882448575 210.9033222591362 146.4768219410477 193.2810489856506 97.04530995970875 96.39899625362268 202.6978510638298 129.9098014184397 122.1374539007092</data>
    </avgRCells>
    <avgGCells idx="1" type="struct" size="1 1">
      <data idx="1" type="double" size="1 9">221.5363327914045 189.1039301618717 124.6063264296317 173.1413373860182 81.25449918710677 80.2437053792323 182.2575886524822 110.6747517730497 103.4530141843972</data>
    </avgGCells>
    <avgBCells idx="1" type="struct" size="1 1">
      <data idx="1" type="double" size="1 9">203.8768855587757 165.3048844277938 101.7084116773874 151.8058245564429 65.86146179401989 63.91516222520681 160.1640425531915 91.54617730496456 84.84063120567374</data>
    </avgBCells>
  </features>
</root>
