<?xml version="1.0"?>
<!-- Written on 15-Jun-2010 21:44:17 using the XML Toolbox for Matlab -->
<root xml_tb_version="3.1" idx="1" type="struct" size="1 1">
  <filename idx="1" type="char" size="1 31">Armor_of_Command_by_One_Vox.jpg</filename>
  <features idx="1" type="struct" size="1 1">
    <numFaces idx="1" type="struct" size="1 1">
      <data idx="1" type="double" size="1 1">0</data>
    </numFaces>
    <cornerRatio idx="1" type="struct" size="1 1">
      <data idx="1" type="double" size="1 1">0.0006472835314091681</data>
    </cornerRatio>
    <edgeRatio idx="1" type="struct" size="1 1">
      <data idx="1" type="double" size="1 1">0.1100657894736842</data>
    </edgeRatio>
    <gridEdgeRatio idx="1" type="struct" size="1 1">
      <data idx="1" type="double" size="1 9">0.1136828547617244 0.09407909690128076 0.05026525705125775 0.1649556784604896 0.1642548677930148 0.09429029426357781 0.1146677778619593 0.1133608606712628 0.08081752604862412</data>
    </gridEdgeRatio>
    <medianHue idx="1" type="struct" size="1 1">
      <data idx="1" type="double" size="1 1">23</data>
    </medianHue>
    <avgSat idx="1" type="struct" size="1 1">
      <data idx="1" type="double" size="1 1">110.0942996604414</data>
    </avgSat>
    <avgInt idx="1" type="struct" size="1 1">
      <data idx="1" type="double" size="1 1">85.33085950764014</data>
    </avgInt>
    <medHueCells idx="1" type="struct" size="1 1">
      <data idx="1" type="double" size="1 9">31 23 21 30 20 19 31 26 19</data>
    </medHueCells>
    <avgSatCells idx="1" type="struct" size="1 1">
      <data idx="1" type="double" size="1 9">79.23765057958934 127.9542578983257 128.6427759678764 86.38281309190087 126.4234411697856 124.2311728161224 71.85181863287661 103.1748979046602 143.1984847906569</data>
    </avgSatCells>
    <avgIntCells idx="1" type="struct" size="1 1">
      <data idx="1" type="double" size="1 9">95.57828244563983 96.39091976664902 48.71992196378509 130.0414614743541 68.75642094098042 48.25278430184104 95.79430174420825 131.8307507347047 52.4125796725316</data>
    </avgIntCells>
    <cornerRatioGrid idx="1" type="struct" size="1 1">
      <data idx="1" type="double" size="1 9">30 55 14 62 48 16 32 22 26</data>
    </cornerRatioGrid>
    <avgR idx="1" type="struct" size="1 1">
      <data idx="1" type="double" size="1 1">84.72558361629872</data>
    </avgR>
    <avgG idx="1" type="struct" size="1 1">
      <data idx="1" type="double" size="1 1">78.81602504244478</data>
    </avgG>
    <avgB idx="1" type="struct" size="1 1">
      <data idx="1" type="double" size="1 1">53.28601018675716</data>
    </avgB>
    <avgRCells idx="1" type="struct" size="1 1">
      <data idx="1" type="double" size="1 9">93.76674369270405 96.33453291916055 48.64629896204255 128.2180468217288 68.68192666111071 48.24465868626409 94.2443227357734 131.8117247433304 52.40424029617195</data>
    </avgRCells>
    <avgGCells idx="1" type="struct" size="1 1">
      <data idx="1" type="double" size="1 9">92.60318963557847 87.32960830365928 41.62339949996214 125.7242025911054 60.28543829077963 40.86538752935829 94.01276668829429 123.4435708560742 43.23558261135071</data>
    </avgGCells>
    <avgBCells idx="1" type="struct" size="1 1">
      <data idx="1" type="double" size="1 9">69.28219940904616 54.49687476323962 25.53189635578451 89.84945829229484 38.6345367073263 26.13482081975906 69.35099805350943 80.63333460554941 25.43603297584062</data>
    </avgBCells>
  </features>
</root>
