<?xml version="1.0"?>
<!-- Written on 15-Jun-2010 21:44:17 using the XML Toolbox for Matlab -->
<root xml_tb_version="3.1" idx="1" type="struct" size="1 1">
  <filename idx="1" type="char" size="1 31">At_World__s_End_by_UdonNodu.jpg</filename>
  <features idx="1" type="struct" size="1 1">
    <numFaces idx="1" type="struct" size="1 1">
      <data idx="1" type="double" size="1 1">0</data>
    </numFaces>
    <cornerRatio idx="1" type="struct" size="1 1">
      <data idx="1" type="double" size="1 1">0.0001655629139072848</data>
    </cornerRatio>
    <edgeRatio idx="1" type="struct" size="1 1">
      <data idx="1" type="double" size="1 1">0.03382864238410596</data>
    </edgeRatio>
    <gridEdgeRatio idx="1" type="struct" size="1 1">
      <data idx="1" type="double" size="1 9">0.03391082708433388 0.004331203132503396 0.003952569169960456 0.06440471353108507 0.05033061209412287 0.004379372413665105 0.0438991696764346 0.08548981643519397 0.0136262461889531</data>
    </gridEdgeRatio>
    <medianHue idx="1" type="struct" size="1 1">
      <data idx="1" type="double" size="1 1">0</data>
    </medianHue>
    <avgSat idx="1" type="struct" size="1 1">
      <data idx="1" type="double" size="1 1">36.82778663079469</data>
    </avgSat>
    <avgInt idx="1" type="struct" size="1 1">
      <data idx="1" type="double" size="1 1">147.6619236341058</data>
    </avgInt>
    <medHueCells idx="1" type="struct" size="1 1">
      <data idx="1" type="double" size="1 9">0 11 0 0 0 150 0 0 126</data>
    </medHueCells>
    <avgSatCells idx="1" type="struct" size="1 1">
      <data idx="1" type="double" size="1 9">16.3589911713642 42.8628513907872 11.0002513311241 0.6065808429684904 30.7225351852536 50.71890940909262 0 76.98547013305127 103.265931578849</data>
    </avgSatCells>
    <avgIntCells idx="1" type="struct" size="1 1">
      <data idx="1" type="double" size="1 9">138.9818163348233 203.5052454656274 138.7954164649811 154.0966440101968 223.3724649994459 77.38079457869459 154.7509881422939 181.6155337824046 55.93427230046951</data>
    </avgIntCells>
    <cornerRatioGrid idx="1" type="struct" size="1 1">
      <data idx="1" type="double" size="1 9">23 0 0 36 38 2 29 31 1</data>
    </cornerRatioGrid>
    <avgR idx="1" type="struct" size="1 1">
      <data idx="1" type="double" size="1 1">146.0389807533113</data>
    </avgR>
    <avgG idx="1" type="struct" size="1 1">
      <data idx="1" type="double" size="1 1">136.1289279801324</data>
    </avgG>
    <avgB idx="1" type="struct" size="1 1">
      <data idx="1" type="double" size="1 1">142.2154056291392</data>
    </avgB>
    <avgRCells idx="1" type="struct" size="1 1">
      <data idx="1" type="double" size="1 9">137.7618300025859 196.1335192641573 137.9355475295081 154.0520575523637 221.8334287614055 77.21576311576126 154.7509881422939 180.1339419918722 54.01939659203559</data>
    </avgRCells>
    <avgGCells idx="1" type="struct" size="1 1">
      <data idx="1" type="double" size="1 9">131.175926267962 182.8420634627462 132.5914286778122 154.0438476598588 213.5884341176904 58.8072011021335 154.7509881422939 166.5212566572029 30.1541065783813</data>
    </avgGCells>
    <avgBCells idx="1" type="struct" size="1 1">
      <data idx="1" type="double" size="1 9">132.8753647815006 191.576807284548 134.5503500018617 154.0953880536381 216.6580658268995 66.753006664929 154.7509881422939 179.0418545528771 49.11335877148681</data>
    </avgBCells>
  </features>
</root>
