<?xml version="1.0"?>
<!-- Written on 15-Jun-2010 21:44:18 using the XML Toolbox for Matlab -->
<root xml_tb_version="3.1" idx="1" type="struct" size="1 1">
  <filename idx="1" type="char" size="1 45">Attack_of_the_Purple_Dragon_by_Knuxtiger4.jpg</filename>
  <features idx="1" type="struct" size="1 1">
    <numFaces idx="1" type="struct" size="1 1">
      <data idx="1" type="double" size="1 1">0</data>
    </numFaces>
    <cornerRatio idx="1" type="struct" size="1 1">
      <data idx="1" type="double" size="1 1">0.001113978494623656</data>
    </cornerRatio>
    <edgeRatio idx="1" type="struct" size="1 1">
      <data idx="1" type="double" size="1 1">0.1825870967741935</data>
    </edgeRatio>
    <gridEdgeRatio idx="1" type="struct" size="1 1">
      <data idx="1" type="double" size="1 9">0.05044276686067731 0.1903801456040262 0.2330308880308881 0.1489655967267908 0.2814883113390577 0.193976833976834 0.215198140571275 0.1623542519064907 0.1695173745173746</data>
    </gridEdgeRatio>
    <medianHue idx="1" type="struct" size="1 1">
      <data idx="1" type="double" size="1 1">119</data>
    </medianHue>
    <avgSat idx="1" type="struct" size="1 1">
      <data idx="1" type="double" size="1 1">94.96976344086016</data>
    </avgSat>
    <avgInt idx="1" type="struct" size="1 1">
      <data idx="1" type="double" size="1 1">199.4330322580644</data>
    </avgInt>
    <medHueCells idx="1" type="struct" size="1 1">
      <data idx="1" type="double" size="1 9">120 118 105 116 121 118 112 123 124</data>
    </medHueCells>
    <avgSatCells idx="1" type="struct" size="1 1">
      <data idx="1" type="double" size="1 9">141.1417430223401 113.1332526556407 70.97085998578537 105.8905856816305 77.49155765573677 114.6842044603239 98.31044401544403 79.77567567567564 53.31061776061777</data>
    </avgSatCells>
    <avgIntCells idx="1" type="struct" size="1 1">
      <data idx="1" type="double" size="1 9">213.2058817879714 203.092836973434 220.4203499875141 187.8325937878178 166.1749361301599 210.163449163449 191.7845173745175 195.4724710424711 206.2850579150579</data>
    </avgIntCells>
    <cornerRatioGrid idx="1" type="struct" size="1 1">
      <data idx="1" type="double" size="1 9">61 54 58 58 120 54 17 84 12</data>
    </cornerRatioGrid>
    <avgR idx="1" type="struct" size="1 1">
      <data idx="1" type="double" size="1 1">129.2786903225805</data>
    </avgR>
    <avgG idx="1" type="struct" size="1 1">
      <data idx="1" type="double" size="1 1">135.1916043010752</data>
    </avgG>
    <avgB idx="1" type="struct" size="1 1">
      <data idx="1" type="double" size="1 1">199.1519225806452</data>
    </avgB>
    <avgRCells idx="1" type="struct" size="1 1">
      <data idx="1" type="double" size="1 9">100.6960756065234 116.0330010180757 160.313394417872 113.1066290170768 122.2025586353945 118.0515184694289 121.7027606177606 141.4794594594594 169.7323166023166</data>
    </avgRCells>
    <avgGCells idx="1" type="struct" size="1 1">
      <data idx="1" type="double" size="1 9">101.910755104785 123.9359380702664 184.5192762058435 121.6758677654201 123.4268810388213 124.9266025086921 131.4008301158302 139.6053474903475 164.9563513513515</data>
    </avgGCells>
    <avgBCells idx="1" type="struct" size="1 1">
      <data idx="1" type="double" size="1 9">213.1294684876775 203.01828694366 220.4175454772469 187.7910639850939 164.3689851898809 210.0943352734396 191.7410038610038 195.2647876447875 206.0800772200771</data>
    </avgBCells>
  </features>
</root>
