<?xml version="1.0"?>
<!-- Written on 15-Jun-2010 21:44:18 using the XML Toolbox for Matlab -->
<root xml_tb_version="3.1" idx="1" type="struct" size="1 1">
  <filename idx="1" type="char" size="1 32">August_27___09_by_fediaFedia.png</filename>
  <features idx="1" type="struct" size="1 1">
    <numFaces idx="1" type="struct" size="1 1">
      <data idx="1" type="double" size="1 1">1</data>
    </numFaces>
    <cornerRatio idx="1" type="struct" size="1 1">
      <data idx="1" type="double" size="1 1">0.000500434663250366</data>
    </cornerRatio>
    <edgeRatio idx="1" type="struct" size="1 1">
      <data idx="1" type="double" size="1 1">0.09107529587603709</data>
    </edgeRatio>
    <gridEdgeRatio idx="1" type="struct" size="1 1">
      <data idx="1" type="double" size="1 9">0.001297016861219195 0.08919550822581754 0.06671103829612926 0.1398474298586938 0.1562819987712477 0.1369632739436146 0.09047765899122807 0.04848547149122807 0.08893571820175439</data>
    </gridEdgeRatio>
    <medianHue idx="1" type="struct" size="1 1">
      <data idx="1" type="double" size="1 1">27</data>
    </medianHue>
    <avgSat idx="1" type="struct" size="1 1">
      <data idx="1" type="double" size="1 1">102.6006254956686</data>
    </avgSat>
    <avgInt idx="1" type="struct" size="1 1">
      <data idx="1" type="double" size="1 1">110.8359842072351</data>
    </avgInt>
    <medHueCells idx="1" type="struct" size="1 1">
      <data idx="1" type="double" size="1 9">110 21 29 109 25 25 32 24 24</data>
    </medHueCells>
    <avgSatCells idx="1" type="struct" size="1 1">
      <data idx="1" type="double" size="1 9">84.18953512185143 159.903227182743 99.13104783442982 105.1385077479692 91.78746842787909 65.30666632401316 64.0368028534371 114.6221499761076 139.7514391447368</data>
    </avgSatCells>
    <avgIntCells idx="1" type="struct" size="1 1">
      <data idx="1" type="double" size="1 9">128.3308246296675 112.8096969076388 50.62080249451754 151.0577172503243 128.9345603795482 50.94978412828947 148.896938357567 158.7746774523858 66.20992667214912</data>
    </avgIntCells>
    <cornerRatioGrid idx="1" type="struct" size="1 1">
      <data idx="1" type="double" size="1 9">0 70 53 46 108 71 78 28 71</data>
    </cornerRatioGrid>
    <avgR idx="1" type="struct" size="1 1">
      <data idx="1" type="double" size="1 1">95.50407592118107</data>
    </avgR>
    <avgG idx="1" type="struct" size="1 1">
      <data idx="1" type="double" size="1 1">96.0227988500489</data>
    </avgG>
    <avgB idx="1" type="struct" size="1 1">
      <data idx="1" type="double" size="1 1">85.7681710209249</data>
    </avgB>
    <avgRCells idx="1" type="struct" size="1 1">
      <data idx="1" type="double" size="1 9">88.13361833572264 106.3474383916992 47.8196014939693 100.3906409993856 118.7944057614854 49.65952234100877 135.9867397091952 153.0971909345346 58.60457785087719</data>
    </avgRCells>
    <avgGCells idx="1" type="struct" size="1 1">
      <data idx="1" type="double" size="1 9">100.9895641340706 90.86057068741896 46.33403577302632 117.654831387808 117.7096900812342 48.78794030975877 140.2668953512185 143.4830961157758 57.28300609923246</data>
    </avgGCells>
    <avgBCells idx="1" type="struct" size="1 1">
      <data idx="1" type="double" size="1 9">128.051462557171 51.14428459280493 33.4511290433114 143.4311301112704 102.8958973308758 40.07743969298246 126.1361697044167 107.8537698819033 37.83528645833334</data>
    </avgBCells>
  </features>
</root>
