<?xml version="1.0"?>
<!-- Written on 15-Jun-2010 21:47:17 using the XML Toolbox for Matlab -->
<root xml_tb_version="3.1" idx="1" type="struct" size="1 1">
  <filename idx="1" type="char" size="1 37">auntie_toyang_turns_85_by_iakobos.jpg</filename>
  <features idx="1" type="struct" size="1 1">
    <numFaces idx="1" type="struct" size="1 1">
      <data idx="1" type="double" size="1 1">1</data>
    </numFaces>
    <cornerRatio idx="1" type="struct" size="1 1">
      <data idx="1" type="double" size="1 1">0.0002759259259259259</data>
    </cornerRatio>
    <edgeRatio idx="1" type="struct" size="1 1">
      <data idx="1" type="double" size="1 1">0.04904444444444445</data>
    </edgeRatio>
    <gridEdgeRatio idx="1" type="struct" size="1 1">
      <data idx="1" type="double" size="1 9">0.008413084081254789 0.03704071007090792 0.05538205980066449 0.03816465843539781 0.07277565660071734 0.07888704318936882 0.0416915422885572 0.04358208955223883 0.06558333333333334</data>
    </gridEdgeRatio>
    <medianHue idx="1" type="struct" size="1 1">
      <data idx="1" type="double" size="1 1">23</data>
    </medianHue>
    <avgSat idx="1" type="struct" size="1 1">
      <data idx="1" type="double" size="1 1">71.71131481481477</data>
    </avgSat>
    <avgInt idx="1" type="struct" size="1 1">
      <data idx="1" type="double" size="1 1">150.2136351851853</data>
    </avgInt>
    <medHueCells idx="1" type="struct" size="1 1">
      <data idx="1" type="double" size="1 9">30 26 93 21 21 75 23 22 19</data>
    </medHueCells>
    <avgSatCells idx="1" type="struct" size="1 1">
      <data idx="1" type="double" size="1 9">69.74962397315748 67.38686963851838 78.22255389718076 95.67650121485596 96.42356324688852 73.33824212271975 54.29845514950166 59.0570265780731 51.33625000000003</data>
    </avgSatCells>
    <avgIntCells idx="1" type="struct" size="1 1">
      <data idx="1" type="double" size="1 9">181.8325482223434 142.2431199484307 109.9634328358209 176.2077816895587 153.7100047933092 119.2608623548921 162.120099667774 145.1824916943521 160.8355</data>
    </avgIntCells>
    <cornerRatioGrid idx="1" type="struct" size="1 1">
      <data idx="1" type="double" size="1 9">1 0 37 3 32 41 8 4 23</data>
    </cornerRatioGrid>
    <avgR idx="1" type="struct" size="1 1">
      <data idx="1" type="double" size="1 1">145.2578222222221</data>
    </avgR>
    <avgG idx="1" type="struct" size="1 1">
      <data idx="1" type="double" size="1 1">139.139625925926</data>
    </avgG>
    <avgB idx="1" type="struct" size="1 1">
      <data idx="1" type="double" size="1 1">114.7017999999999</data>
    </avgB>
    <avgRCells idx="1" type="struct" size="1 1">
      <data idx="1" type="double" size="1 9">180.452736318408 139.4719591411711 96.1111111111111 176.1786912613014 150.0177517726979 110.6176782752902 159.9572923588039 137.8857475083057 156.0170833333333</data>
    </avgRCells>
    <avgGCells idx="1" type="struct" size="1 1">
      <data idx="1" type="double" size="1 9">180.6659228773077 132.5147352936316 102.0444776119403 153.1844267036909 129.630105287516 106.4799502487563 156.1329235880399 137.1561627906977 153.8193166666667</data>
    </avgGCells>
    <avgBCells idx="1" type="struct" size="1 1">
      <data idx="1" type="double" size="1 9">130.9700666104693 102.2924910332061 99.0994693200663 109.8429778020198 93.50101651212375 93.97791044776122 136.1481229235881 126.1306976744186 139.94955</data>
    </avgBCells>
  </features>
</root>
