<?xml version="1.0"?>
<!-- Written on 15-Jun-2010 21:44:18 using the XML Toolbox for Matlab -->
<root xml_tb_version="3.1" idx="1" type="struct" size="1 1">
  <filename idx="1" type="char" size="1 21">Aurora_by_Skarbog.jpg</filename>
  <features idx="1" type="struct" size="1 1">
    <numFaces idx="1" type="struct" size="1 1">
      <data idx="1" type="double" size="1 1">0</data>
    </numFaces>
    <cornerRatio idx="1" type="struct" size="1 1">
      <data idx="1" type="double" size="1 1">0.0005017066986803322</data>
    </cornerRatio>
    <edgeRatio idx="1" type="struct" size="1 1">
      <data idx="1" type="double" size="1 1">0.0855230740286152</data>
    </edgeRatio>
    <gridEdgeRatio idx="1" type="struct" size="1 1">
      <data idx="1" type="double" size="1 9">0 0.00226784435426116 0.00023872045834328 0.1341608975889234 0.1979788334526936 0.1197580966022122 0.11182405165456 0.1091606133979015 0.09624697336561747</data>
    </gridEdgeRatio>
    <medianHue idx="1" type="struct" size="1 1">
      <data idx="1" type="double" size="1 1">99</data>
    </medianHue>
    <avgSat idx="1" type="struct" size="1 1">
      <data idx="1" type="double" size="1 1">158.1512511310799</data>
    </avgSat>
    <avgInt idx="1" type="struct" size="1 1">
      <data idx="1" type="double" size="1 1">84.27836210680977</data>
    </avgInt>
    <medHueCells idx="1" type="struct" size="1 1">
      <data idx="1" type="double" size="1 9">109 87 98 102 22 100 88 99 101</data>
    </medHueCells>
    <avgSatCells idx="1" type="struct" size="1 1">
      <data idx="1" type="double" size="1 9">233.1032068114904 138.4230126521843 117.5517352703793 235.1323307074082 115.8869658629745 110.2456416464892 228.0375586854461 136.6363491684571 106.889184826473</data>
    </avgSatCells>
    <avgIntCells idx="1" type="struct" size="1 1">
      <data idx="1" type="double" size="1 9">45.05442826450226 70.61526219463673 80.86928974979821 53.10137662130977 82.89225749980109 114.0755044390637 66.63412111084587 98.05721333651626 147.4188054882971</data>
    </avgIntCells>
    <cornerRatioGrid idx="1" type="struct" size="1 1">
      <data idx="1" type="double" size="1 9">0 0 0 27 26 14 16 3 26</data>
    </cornerRatioGrid>
    <avgR idx="1" type="struct" size="1 1">
      <data idx="1" type="double" size="1 1">45.27636423906328</data>
    </avgR>
    <avgG idx="1" type="struct" size="1 1">
      <data idx="1" type="double" size="1 1">68.33499672994738</data>
    </avgG>
    <avgB idx="1" type="struct" size="1 1">
      <data idx="1" type="double" size="1 1">75.21919655255826</data>
    </avgB>
    <avgRCells idx="1" type="struct" size="1 1">
      <data idx="1" type="double" size="1 9">3.547346224238084 50.1974218190499 52.61755447941888 3.859950664438609 75.29760483806795 69.55048426150124 6.999562345826376 53.73983448714888 92.21230831315577</data>
    </avgRCells>
    <avgGCells idx="1" type="struct" size="1 1">
      <data idx="1" type="double" size="1 9">24.99538473780536 57.26171719583037 67.82687651331719 34.37208562107104 72.09994429855973 97.01319612590801 54.56902999920428 81.81371846900608 125.410371267151</data>
    </avgGCells>
    <avgBCells idx="1" type="struct" size="1 1">
      <data idx="1" type="double" size="1 9">41.1465345746797 56.06942786663484 73.07937853107343 50.25101456194796 55.41660698655209 110.3081517352704 55.28618604281052 91.88441951141878 143.6041565778854</data>
    </avgBCells>
  </features>
</root>
