<?xml version="1.0"?>
<!-- Written on 15-Jun-2010 21:47:17 using the XML Toolbox for Matlab -->
<root xml_tb_version="3.1" idx="1" type="struct" size="1 1">
  <filename idx="1" type="char" size="1 30">autumn_morning_by_Swezzels.jpg</filename>
  <features idx="1" type="struct" size="1 1">
    <numFaces idx="1" type="struct" size="1 1">
      <data idx="1" type="double" size="1 1">1</data>
    </numFaces>
    <cornerRatio idx="1" type="struct" size="1 1">
      <data idx="1" type="double" size="1 1">6.5411473526032e-05</data>
    </cornerRatio>
    <edgeRatio idx="1" type="struct" size="1 1">
      <data idx="1" type="double" size="1 1">0.0835958631662689</data>
    </edgeRatio>
    <gridEdgeRatio idx="1" type="struct" size="1 1">
      <data idx="1" type="double" size="1 9">0.09627432368296152 0.06296472077202969 0.05576984126984146 0.2150213573801615 0.03340452460053785 0.06277777777777785 0.1196647610589998 0.04021598648895092 0.06565632458233886</data>
    </gridEdgeRatio>
    <medianHue idx="1" type="struct" size="1 1">
      <data idx="1" type="double" size="1 1">13</data>
    </medianHue>
    <avgSat idx="1" type="struct" size="1 1">
      <data idx="1" type="double" size="1 1">109.2324228763372</data>
    </avgSat>
    <avgInt idx="1" type="struct" size="1 1">
      <data idx="1" type="double" size="1 1">159.7556395297445</data>
    </avgInt>
    <medHueCells idx="1" type="struct" size="1 1">
      <data idx="1" type="double" size="1 9">20 16 9 14 14 5 10 8 8</data>
    </medHueCells>
    <avgSatCells idx="1" type="struct" size="1 1">
      <data idx="1" type="double" size="1 9">59.07199019142536 143.8007277329536 136.2742409946162 93.65056161999685 89.08583293782628 114.4188663088036 83.33276190476197 121.7920714285714 141.9658313444709</data>
    </avgSatCells>
    <avgIntCells idx="1" type="struct" size="1 1">
      <data idx="1" type="double" size="1 9">209.2978326214206 133.7257633285873 107.73630460121 176.1403417180827 200.6089780098085 157.568518621302 161.0070793650793 151.7048968253968 139.1658949880669</data>
    </avgIntCells>
    <cornerRatioGrid idx="1" type="struct" size="1 1">
      <data idx="1" type="double" size="1 9">4 5 6 19 4 9 10 9 8</data>
    </cornerRatioGrid>
    <avgR idx="1" type="struct" size="1 1">
      <data idx="1" type="double" size="1 1">159.3760399540351</data>
    </avgR>
    <avgG idx="1" type="struct" size="1 1">
      <data idx="1" type="double" size="1 1">128.0561884557588</data>
    </avgG>
    <avgB idx="1" type="struct" size="1 1">
      <data idx="1" type="double" size="1 1">106.3422107310174</data>
    </avgB>
    <avgRCells idx="1" type="struct" size="1 1">
      <data idx="1" type="double" size="1 9">208.6465037177661 133.4347255181142 107.4632450304871 175.7871460211992 200.6083689289669 157.3420261816221 160.499126984127 151.4179603174603 138.3407239459028</data>
    </avgRCells>
    <avgGCells idx="1" type="struct" size="1 1">
      <data idx="1" type="double" size="1 9">196.7387676000633 106.385722195855 75.7100516179164 150.4887201392187 170.34357696567 112.2910346577439 140.4826904761904 110.8979841269842 88.25380270485279</data>
    </avgGCells>
    <avgBCells idx="1" type="struct" size="1 1">
      <data idx="1" type="double" size="1 9">176.9974924853661 72.69313399778527 54.02824316716752 126.3337683910774 145.4145309286505 95.50902718860758 127.1626984126984 89.41844444444439 68.72614956245025</data>
    </avgBCells>
  </features>
</root>
