<?xml version="1.0"?>
<!-- Written on 15-Jun-2010 21:44:18 using the XML Toolbox for Matlab -->
<root xml_tb_version="3.1" idx="1" type="struct" size="1 1">
  <filename idx="1" type="char" size="1 39">Awesome_glassy_stacks_by_fediaFedia.png</filename>
  <features idx="1" type="struct" size="1 1">
    <numFaces idx="1" type="struct" size="1 1">
      <data idx="1" type="double" size="1 1">0</data>
    </numFaces>
    <cornerRatio idx="1" type="struct" size="1 1">
      <data idx="1" type="double" size="1 1">0.001137571409592135</data>
    </cornerRatio>
    <edgeRatio idx="1" type="struct" size="1 1">
      <data idx="1" type="double" size="1 1">0.09091437491696559</data>
    </edgeRatio>
    <gridEdgeRatio idx="1" type="struct" size="1 1">
      <data idx="1" type="double" size="1 9">0.1017582417582417 0.09560439560439545 0.09836309523809517 0.1103296703296702 0.1098168498168497 0.09888392857142851 0.09415680473372777 0.06057692307692302 0.05295973557692309</data>
    </gridEdgeRatio>
    <medianHue idx="1" type="struct" size="1 1">
      <data idx="1" type="double" size="1 1">12</data>
    </medianHue>
    <avgSat idx="1" type="struct" size="1 1">
      <data idx="1" type="double" size="1 1">66.32947223329352</data>
    </avgSat>
    <avgInt idx="1" type="struct" size="1 1">
      <data idx="1" type="double" size="1 1">46.0594443337319</data>
    </avgInt>
    <medHueCells idx="1" type="struct" size="1 1">
      <data idx="1" type="double" size="1 9">13 13 10 12 12 11 13 11 11</data>
    </medHueCells>
    <avgSatCells idx="1" type="struct" size="1 1">
      <data idx="1" type="double" size="1 9">52.13267399267398 75.63399267399262 67.0623520710059 70.23047619047618 50.6693772893773 66.50088757396448 84.34561011904768 72.94836309523812 56.76810396634615</data>
    </avgSatCells>
    <avgIntCells idx="1" type="struct" size="1 1">
      <data idx="1" type="double" size="1 9">69.9964835164835 46.07443223443226 38.77951183431951 59.99626373626376 60.15040293040296 25.76908284023668 43.85587797619047 44.09047619047619 26.4538762019231</data>
    </avgIntCells>
    <cornerRatioGrid idx="1" type="struct" size="1 1">
      <data idx="1" type="double" size="1 9">20 20 16 17 27 9 16 8 4</data>
    </cornerRatioGrid>
    <avgR idx="1" type="struct" size="1 1">
      <data idx="1" type="double" size="1 1">40.38544572870998</data>
    </avgR>
    <avgG idx="1" type="struct" size="1 1">
      <data idx="1" type="double" size="1 1">39.32458981001731</data>
    </avgG>
    <avgB idx="1" type="struct" size="1 1">
      <data idx="1" type="double" size="1 1">37.05476949647933</data>
    </avgB>
    <avgRCells idx="1" type="struct" size="1 1">
      <data idx="1" type="double" size="1 9">61.57252747252747 40.02945054945054 36.4048076923077 50.28212454212454 52.5336263736264 22.5181952662722 38.7424107142857 38.6171130952381 23.61981670673076</data>
    </avgRCells>
    <avgGCells idx="1" type="struct" size="1 1">
      <data idx="1" type="double" size="1 9">65.58791208791207 37.68021978021979 33.22189349112427 50.55501831501829 48.66769230769231 22.42551775147929 39.68363095238094 33.22611607142856 23.72498497596153</data>
    </avgGCells>
    <avgBCells idx="1" type="struct" size="1 1">
      <data idx="1" type="double" size="1 9">58.7247619047619 33.71150183150182 30.11279585798816 49.26212454212455 50.88051282051281 21.60236686390534 34.52968750000001 32.36904761904762 22.94914362980769</data>
    </avgBCells>
  </features>
</root>
