<?xml version="1.0"?>
<!-- Written on 15-Jun-2010 21:44:03 using the XML Toolbox for Matlab -->
<root xml_tb_version="3.1" idx="1" type="struct" size="1 1">
  <filename idx="1" type="char" size="1 33">AWX_Concept_Art_by_WarrenLouw.jpg</filename>
  <features idx="1" type="struct" size="1 1">
    <numFaces idx="1" type="struct" size="1 1">
      <data idx="1" type="double" size="1 1">1</data>
    </numFaces>
    <cornerRatio idx="1" type="struct" size="1 1">
      <data idx="1" type="double" size="1 1">0.0007563587684069612</data>
    </cornerRatio>
    <edgeRatio idx="1" type="struct" size="1 1">
      <data idx="1" type="double" size="1 1">0.1030271084337349</data>
    </edgeRatio>
    <gridEdgeRatio idx="1" type="struct" size="1 1">
      <data idx="1" type="double" size="1 9">0.101029601029601 0.05710694082787105 0.08942942942942941 0.1180599203855018 0.1336685522732033 0.1044294294294295 0.103932836490976 0.100580647092275 0.1196546546546546</data>
    </gridEdgeRatio>
    <medianHue idx="1" type="struct" size="1 1">
      <data idx="1" type="double" size="1 1">0</data>
    </medianHue>
    <avgSat idx="1" type="struct" size="1 1">
      <data idx="1" type="double" size="1 1">31.27693775100399</data>
    </avgSat>
    <avgInt idx="1" type="struct" size="1 1">
      <data idx="1" type="double" size="1 1">201.0866047523428</data>
    </avgInt>
    <medHueCells idx="1" type="struct" size="1 1">
      <data idx="1" type="double" size="1 9">0 0 0 0 0 0 0 0 0</data>
    </medHueCells>
    <avgSatCells idx="1" type="struct" size="1 1">
      <data idx="1" type="double" size="1 9">29.00634521564751 30.13568884499117 36.29583071443538 24.852922690132 34.18598665110294 21.1468079375056 35.10288288288287 30.35352852852852 40.65809309309311</data>
    </avgSatCells>
    <avgIntCells idx="1" type="struct" size="1 1">
      <data idx="1" type="double" size="1 9">219.2744605070187 206.3397234443747 182.794947771692 232.730358265242 193.8108557062046 193.5324294394062 209.9008708708709 202.8945345345345 168.1157057057058</data>
    </avgIntCells>
    <cornerRatioGrid idx="1" type="struct" size="1 1">
      <data idx="1" type="double" size="1 9">51 26 39 63 62 43 53 56 59</data>
    </cornerRatioGrid>
    <avgR idx="1" type="struct" size="1 1">
      <data idx="1" type="double" size="1 1">198.2181040829985</data>
    </avgR>
    <avgG idx="1" type="struct" size="1 1">
      <data idx="1" type="double" size="1 1">190.765985609103</data>
    </avgG>
    <avgB idx="1" type="struct" size="1 1">
      <data idx="1" type="double" size="1 1">193.058139223561</data>
    </avgB>
    <avgRCells idx="1" type="struct" size="1 1">
      <data idx="1" type="double" size="1 9">218.2287719613301 201.6751668612133 174.6739397204514 232.314073209422 191.3910688096734 190.1881715602647 209.1241741741743 200.9457357357358 164.9815915915916</data>
    </avgRCells>
    <avgGCells idx="1" type="struct" size="1 1">
      <data idx="1" type="double" size="1 9">206.7099907216187 194.9100894914849 173.6228487623837 221.3644009457963 180.4607913561401 189.0720271766782 197.8327327327329 192.1921621621621 160.3528528528528</data>
    </avgGCells>
    <avgBCells idx="1" type="struct" size="1 1">
      <data idx="1" type="double" size="1 9">208.1092454580826 198.8300858998535 181.3351740444764 222.1105174942384 182.2383496453264 191.7510849720152 198.3254354354355 192.2278078078078 162.2890840840842</data>
    </avgBCells>
  </features>
</root>
