<?xml version="1.0"?>
<!-- Written on 15-Jun-2010 21:47:17 using the XML Toolbox for Matlab -->
<root xml_tb_version="3.1" idx="1" type="struct" size="1 1">
  <filename idx="1" type="char" size="1 29">ayu_on_desktop_by_iakobos.jpg</filename>
  <features idx="1" type="struct" size="1 1">
    <numFaces idx="1" type="struct" size="1 1">
      <data idx="1" type="double" size="1 1">0</data>
    </numFaces>
    <cornerRatio idx="1" type="struct" size="1 1">
      <data idx="1" type="double" size="1 1">0.0003858024691358024</data>
    </cornerRatio>
    <edgeRatio idx="1" type="struct" size="1 1">
      <data idx="1" type="double" size="1 1">0.04203337995113169</data>
    </edgeRatio>
    <gridEdgeRatio idx="1" type="struct" size="1 1">
      <data idx="1" type="double" size="1 9">0.06871882442816712 0.03191479800476347 0.05734573241061131 0.01520693839032937 0.01026378465824831 0.03377306805074973 0.05697150072150074 0.05380591630591634 0.0497052228009259</data>
    </gridEdgeRatio>
    <medianHue idx="1" type="struct" size="1 1">
      <data idx="1" type="double" size="1 1">50</data>
    </medianHue>
    <avgSat idx="1" type="struct" size="1 1">
      <data idx="1" type="double" size="1 1">39.67221157246657</data>
    </avgSat>
    <avgInt idx="1" type="struct" size="1 1">
      <data idx="1" type="double" size="1 1">199.6386105886705</data>
    </avgInt>
    <medHueCells idx="1" type="struct" size="1 1">
      <data idx="1" type="double" size="1 9">35 80 80 16 18 95 43 79 42</data>
    </medHueCells>
    <avgSatCells idx="1" type="struct" size="1 1">
      <data idx="1" type="double" size="1 9">7.604565676537993 16.53679953264729 46.34163059163065 91.35730013930709 65.13217993079589 45.42478354978353 36.3170144896194 15.87385560841982 32.569652416088</data>
    </avgSatCells>
    <avgIntCells idx="1" type="struct" size="1 1">
      <data idx="1" type="double" size="1 9">169.2630836291736 223.559762728621 193.2126623376624 194.4200152788386 224.8706601357122 187.8664953102454 191.9096471309111 222.0647707612457 189.6511320891204</data>
    </avgIntCells>
    <cornerRatioGrid idx="1" type="struct" size="1 1">
      <data idx="1" type="double" size="1 9">77 6 63 15 0 47 54 48 74</data>
    </cornerRatioGrid>
    <avgR idx="1" type="struct" size="1 1">
      <data idx="1" type="double" size="1 1">192.1754667807997</data>
    </avgR>
    <avgG idx="1" type="struct" size="1 1">
      <data idx="1" type="double" size="1 1">189.1225194106867</data>
    </avgG>
    <avgB idx="1" type="struct" size="1 1">
      <data idx="1" type="double" size="1 1">179.4970461998455</data>
    </avgB>
    <avgRCells idx="1" type="struct" size="1 1">
      <data idx="1" type="double" size="1 9">166.0686648991147 214.7435851345888 175.5645111832612 193.6910079539837 222.4843661528783 173.7678932178933 188.3583026960784 216.6322357987314 178.1795066550928</data>
    </avgRCells>
    <avgGCells idx="1" type="struct" size="1 1">
      <data idx="1" type="double" size="1 9">168.7438547611559 222.0150541500024 181.6693903318902 167.5247292499888 200.3117242618974 173.2828553391054 185.9994593425605 219.1254595588233 183.4799262152777</data>
    </avgGCells>
    <avgBCells idx="1" type="struct" size="1 1">
      <data idx="1" type="double" size="1 9">165.5052172740754 217.7298341796611 178.0807269119771 138.9713386959062 170.0976317799848 169.4589285714285 177.8363700259517 214.1540873702422 183.755958839699</data>
    </avgBCells>
  </features>
</root>
