<?xml version="1.0"?>
<!-- Written on 15-Jun-2010 21:47:18 using the XML Toolbox for Matlab -->
<root xml_tb_version="3.1" idx="1" type="struct" size="1 1">
  <filename idx="1" type="char" size="1 36">b4de1d2cb6858a30a41ab94cc5b885ef.jpg</filename>
  <features idx="1" type="struct" size="1 1">
    <numFaces idx="1" type="struct" size="1 1">
      <data idx="1" type="double" size="1 1">0</data>
    </numFaces>
    <cornerRatio idx="1" type="struct" size="1 1">
      <data idx="1" type="double" size="1 1">0.0002250550834120239</data>
    </cornerRatio>
    <edgeRatio idx="1" type="struct" size="1 1">
      <data idx="1" type="double" size="1 1">0.02132357570034624</data>
    </edgeRatio>
    <gridEdgeRatio idx="1" type="struct" size="1 1">
      <data idx="1" type="double" size="1 9">0 0.01846698709840628 0.007344632768361583 0.01645726171402873 0.04176855833825224 0.01326271186440677 0.01636294448437698 0.06012430764026897 0.01845609065155808</data>
    </gridEdgeRatio>
    <medianHue idx="1" type="struct" size="1 1">
      <data idx="1" type="double" size="1 1">96</data>
    </medianHue>
    <avgSat idx="1" type="struct" size="1 1">
      <data idx="1" type="double" size="1 1">13.35954988983319</data>
    </avgSat>
    <avgInt idx="1" type="struct" size="1 1">
      <data idx="1" type="double" size="1 1">230.8899276046589</data>
    </avgInt>
    <medHueCells idx="1" type="struct" size="1 1">
      <data idx="1" type="double" size="1 9">96 96 96 96 96 96 96 96 96</data>
    </medHueCells>
    <avgSatCells idx="1" type="struct" size="1 1">
      <data idx="1" type="double" size="1 9">9.95373415408834 12.82314416617478 10.95997350358689 12.8044101526267 21.67842988447592 16.71550181105803 11.22778248587571 12.17214689265537 11.96528328611902</data>
    </avgSatCells>
    <avgIntCells idx="1" type="struct" size="1 1">
      <data idx="1" type="double" size="1 9">241.0078140371587 232.4032661551003 237.2196242583123 232.5561458245498 208.4451471456278 219.2603695404 237.3270056497175 234.4162146892655 235.187138810198</data>
    </avgIntCells>
    <cornerRatioGrid idx="1" type="struct" size="1 1">
      <data idx="1" type="double" size="1 9">0 16 5 8 37 9 8 45 15</data>
    </cornerRatioGrid>
    <avgR idx="1" type="struct" size="1 1">
      <data idx="1" type="double" size="1 1">220.860272269437</data>
    </avgR>
    <avgG idx="1" type="struct" size="1 1">
      <data idx="1" type="double" size="1 1">228.3172993389987</data>
    </avgG>
    <avgB idx="1" type="struct" size="1 1">
      <data idx="1" type="double" size="1 1">230.8767343405734</data>
    </avgB>
    <avgRCells idx="1" type="struct" size="1 1">
      <data idx="1" type="double" size="1 9">231.0540798830709 222.3903926694211 227.2828069285306 222.5485285437223 198.1898839137647 209.2615252350147 227.3564406779663 224.426906779661 225.044036827196</data>
    </avgRCells>
    <avgGCells idx="1" type="struct" size="1 1">
      <data idx="1" type="double" size="1 9">238.9846811142022 229.9076369564607 235.0030442687414 230.086432245552 204.5963965483319 216.0797993037644 235.1019632768355 232.036581920904 232.8618271954675</data>
    </avgGCells>
    <avgBCells idx="1" type="struct" size="1 1">
      <data idx="1" type="double" size="1 9">241.0078140371587 232.3939202293616 237.21022366919 232.542724231948 208.4187677432048 219.2240638168929 237.3215819209039 234.4082203389831 235.1763314447589</data>
    </avgBCells>
  </features>
</root>
