<?xml version="1.0"?>
<!-- Written on 15-Jun-2010 21:47:18 using the XML Toolbox for Matlab -->
<root xml_tb_version="3.1" idx="1" type="struct" size="1 1">
  <filename idx="1" type="char" size="1 36">b7d74dadcc0d1151d478e0cf796cb5a0.jpg</filename>
  <features idx="1" type="struct" size="1 1">
    <numFaces idx="1" type="struct" size="1 1">
      <data idx="1" type="double" size="1 1">2</data>
    </numFaces>
    <cornerRatio idx="1" type="struct" size="1 1">
      <data idx="1" type="double" size="1 1">0.0001</data>
    </cornerRatio>
    <edgeRatio idx="1" type="struct" size="1 1">
      <data idx="1" type="double" size="1 1">0.01560277777777778</data>
    </edgeRatio>
    <gridEdgeRatio idx="1" type="struct" size="1 1">
      <data idx="1" type="double" size="1 9">0 0.006806762208856218 0 0.02549441845498877 0.07306749832924929 0.0325124378109453 0 0.002189054726368161 0</data>
    </gridEdgeRatio>
    <medianHue idx="1" type="struct" size="1 1">
      <data idx="1" type="double" size="1 1">109</data>
    </medianHue>
    <avgSat idx="1" type="struct" size="1 1">
      <data idx="1" type="double" size="1 1">110.3176805555556</data>
    </avgSat>
    <avgInt idx="1" type="struct" size="1 1">
      <data idx="1" type="double" size="1 1">166.7676083333333</data>
    </avgInt>
    <medHueCells idx="1" type="struct" size="1 1">
      <data idx="1" type="double" size="1 9">110 109 109 110 98 110 110 109 109</data>
    </medHueCells>
    <avgSatCells idx="1" type="struct" size="1 1">
      <data idx="1" type="double" size="1 9">171.3806836464444 144.2995965446399 131.820223880597 168.6463948912155 59.56605034528851 65.26201492537311 98.86432835820904 92.40786069651743 60.09102499999999</data>
    </avgSatCells>
    <avgIntCells idx="1" type="struct" size="1 1">
      <data idx="1" type="double" size="1 9">131.227741887577 137.1646493898666 170.2739800995026 129.0531670008168 168.3366253310563 213.9460199004976 173.4994029850747 164.796592039801 213.26115</data>
    </avgIntCells>
    <cornerRatioGrid idx="1" type="struct" size="1 1">
      <data idx="1" type="double" size="1 9">0 2 0 5 21 7 0 1 0</data>
    </cornerRatioGrid>
    <avgR idx="1" type="struct" size="1 1">
      <data idx="1" type="double" size="1 1">100.4533027777777</data>
    </avgR>
    <avgG idx="1" type="struct" size="1 1">
      <data idx="1" type="double" size="1 1">122.8543277777777</data>
    </avgG>
    <avgB idx="1" type="struct" size="1 1">
      <data idx="1" type="double" size="1 1">165.594138888889</data>
    </avgB>
    <avgRCells idx="1" type="struct" size="1 1">
      <data idx="1" type="double" size="1 9">43.66072621964804 58.65931536348115 85.55522388059701 43.89913615999603 135.7930249251256 160.1265174129354 107.8533582089552 106.1216417910448 163.0092</data>
    </avgRCells>
    <avgGCells idx="1" type="struct" size="1 1">
      <data idx="1" type="double" size="1 9">73.2659835152595 85.83418727259226 114.5187562189054 72.73881834608058 145.5741937080765 178.4946517412936 129.4717661691543 125.5536815920398 180.8913499999999</data>
    </avgGCells>
    <avgBCells idx="1" type="struct" size="1 1">
      <data idx="1" type="double" size="1 9">131.227741887577 136.2806366179056 170.2739800995026 128.9521794015 161.5411499715352 213.8839552238807 173.4994029850747 162.1195771144279 213.26115</data>
    </avgBCells>
  </features>
</root>
