<?xml version="1.0"?>
<!-- Written on 15-Jun-2010 21:47:19 using the XML Toolbox for Matlab -->
<root xml_tb_version="3.1" idx="1" type="struct" size="1 1">
  <filename idx="1" type="char" size="1 36">b8ff042cc7227bb9a47688382c6af4f7.jpg</filename>
  <features idx="1" type="struct" size="1 1">
    <numFaces idx="1" type="struct" size="1 1">
      <data idx="1" type="double" size="1 1">0</data>
    </numFaces>
    <cornerRatio idx="1" type="struct" size="1 1">
      <data idx="1" type="double" size="1 1">0.0001203125</data>
    </cornerRatio>
    <edgeRatio idx="1" type="struct" size="1 1">
      <data idx="1" type="double" size="1 1">0.07143125</data>
    </edgeRatio>
    <gridEdgeRatio idx="1" type="struct" size="1 1">
      <data idx="1" type="double" size="1 9">0.02741423479616825 0.05073513031855661 0.1585400067332511 0.0427433726887949 0.02593840498997555 0.169663898552351 0.03460610481427451 0.05641903265626756 0.07715246763525342</data>
    </gridEdgeRatio>
    <medianHue idx="1" type="struct" size="1 1">
      <data idx="1" type="double" size="1 1">106</data>
    </medianHue>
    <avgSat idx="1" type="struct" size="1 1">
      <data idx="1" type="double" size="1 1">24.19126406250001</data>
    </avgSat>
    <avgInt idx="1" type="struct" size="1 1">
      <data idx="1" type="double" size="1 1">168.0763484374999</data>
    </avgInt>
    <medHueCells idx="1" type="struct" size="1 1">
      <data idx="1" type="double" size="1 9">103 98 110 106 103 110 103 103 110</data>
    </medHueCells>
    <avgSatCells idx="1" type="struct" size="1 1">
      <data idx="1" type="double" size="1 9">6.557390287369121 5.586168968589885 7.290006733251033 38.10257017153045 5.885999108932946 6.607156884749188 63.57593143306024 60.20680900011219 23.73904686528352</data>
    </avgSatCells>
    <avgIntCells idx="1" type="struct" size="1 1">
      <data idx="1" type="double" size="1 9">184.0548284695923 202.7673897304522 177.3008220177309 155.23241534863 212.9138310314101 193.4112753899675 109.3798535517899 119.7543766131747 158.0975747639775</data>
    </avgIntCells>
    <cornerRatioGrid idx="1" type="struct" size="1 1">
      <data idx="1" type="double" size="1 9">2 4 17 4 0 39 2 0 9</data>
    </cornerRatioGrid>
    <avgR idx="1" type="struct" size="1 1">
      <data idx="1" type="double" size="1 1">162.6091203124999</data>
    </avgR>
    <avgG idx="1" type="struct" size="1 1">
      <data idx="1" type="double" size="1 1">164.924790625</data>
    </avgG>
    <avgB idx="1" type="struct" size="1 1">
      <data idx="1" type="double" size="1 1">167.9368843749999</data>
    </avgB>
    <avgRCells idx="1" type="struct" size="1 1">
      <data idx="1" type="double" size="1 9">180.2487747828025 199.2029962129651 172.6794972505891 148.4875946758743 208.8593506348853 188.6361098642127 101.4256256312422 111.1309336774772 153.0423144326983</data>
    </avgRCells>
    <avgGCells idx="1" type="struct" size="1 1">
      <data idx="1" type="double" size="1 9">181.7192164179105 200.5576687458231 174.3072747166423 151.4855201603921 210.4371936957007 190.284465828751 105.3195488721805 115.3860958366065 155.0510204081633</data>
    </avgGCells>
    <avgBCells idx="1" type="struct" size="1 1">
      <data idx="1" type="double" size="1 9">183.8813488527512 202.6113555357542 177.1987571540791 155.0923229004234 212.7017709957674 193.3338710582426 109.2509117944114 119.5957804960161 157.9917604160778</data>
    </avgBCells>
  </features>
</root>
