<?xml version="1.0"?>
<!-- Written on 15-Jun-2010 21:47:19 using the XML Toolbox for Matlab -->
<root xml_tb_version="3.1" idx="1" type="struct" size="1 1">
  <filename idx="1" type="char" size="1 36">b964a67c8cd2cda585efdfa193d064e2.jpg</filename>
  <features idx="1" type="struct" size="1 1">
    <numFaces idx="1" type="struct" size="1 1">
      <data idx="1" type="double" size="1 1">0</data>
    </numFaces>
    <cornerRatio idx="1" type="struct" size="1 1">
      <data idx="1" type="double" size="1 1">0.0008717948717948718</data>
    </cornerRatio>
    <edgeRatio idx="1" type="struct" size="1 1">
      <data idx="1" type="double" size="1 1">0.1157435897435897</data>
    </edgeRatio>
    <gridEdgeRatio idx="1" type="struct" size="1 1">
      <data idx="1" type="double" size="1 9">0.141009024577573 0.1562019969278033 0.09745433346288376 0.09012576804915517 0.1768913210445469 0.1089195491643995 0.1129024484287642 0.1297715442452285 0.02838885908004488</data>
    </gridEdgeRatio>
    <medianHue idx="1" type="struct" size="1 1">
      <data idx="1" type="double" size="1 1">87</data>
    </medianHue>
    <avgSat idx="1" type="struct" size="1 1">
      <data idx="1" type="double" size="1 1">38.40911470985157</data>
    </avgSat>
    <avgInt idx="1" type="struct" size="1 1">
      <data idx="1" type="double" size="1 1">176.0492631578948</data>
    </avgInt>
    <medHueCells idx="1" type="struct" size="1 1">
      <data idx="1" type="double" size="1 9">99 90 66 79 67 65 97 91 89</data>
    </medHueCells>
    <avgSatCells idx="1" type="struct" size="1 1">
      <data idx="1" type="double" size="1 9">68.99215149769582 40.34065380184332 25.12121650279543 36.59223790322581 23.85181451612903 24.96633410449199 51.16255343956471 31.68215604352897 42.5713135944588</data>
    </avgSatCells>
    <avgIntCells idx="1" type="struct" size="1 1">
      <data idx="1" type="double" size="1 9">166.5338421658986 143.8905529953917 198.7971370734529 158.6029185867896 203.0193692396313 207.0541738962791 156.4189661873299 175.5625 175.1880883859323</data>
    </avgIntCells>
    <cornerRatioGrid idx="1" type="struct" size="1 1">
      <data idx="1" type="double" size="1 9">23 52 22 24 76 33 39 42 12</data>
    </cornerRatioGrid>
    <avgR idx="1" type="struct" size="1 1">
      <data idx="1" type="double" size="1 1">154.349085020243</data>
    </avgR>
    <avgG idx="1" type="struct" size="1 1">
      <data idx="1" type="double" size="1 1">171.9600836707152</data>
    </avgG>
    <avgB idx="1" type="struct" size="1 1">
      <data idx="1" type="double" size="1 1">170.3788502024291</data>
    </avgB>
    <avgRCells idx="1" type="struct" size="1 1">
      <data idx="1" type="double" size="1 9">125.410402265745 123.5195852534562 183.9100636205901 143.4294594854071 187.2267665130568 191.8239107383844 129.9534347065683 157.2904926156238 147.3939076142628</data>
    </avgRCells>
    <avgGCells idx="1" type="struct" size="1 1">
      <data idx="1" type="double" size="1 9">154.2234783026115 140.7687451996927 197.8532388663968 153.0761568740398 201.3812884024578 205.9846009253903 148.4181645938593 173.089195491644 173.5628749817082</data>
    </avgGCells>
    <avgBCells idx="1" type="struct" size="1 1">
      <data idx="1" type="double" size="1 9">164.3425499231949 141.2981950844853 189.0617649893966 151.8307411674347 192.6393289170507 195.5851889338731 154.9916439953363 171.3025650991062 172.9198819569775</data>
    </avgBCells>
  </features>
</root>
