<?xml version="1.0"?>
<!-- Written on 15-Jun-2010 21:44:19 using the XML Toolbox for Matlab -->
<root xml_tb_version="3.1" idx="1" type="struct" size="1 1">
  <filename idx="1" type="char" size="1 24">Baba_Yaga_by_One_Vox.jpg</filename>
  <features idx="1" type="struct" size="1 1">
    <numFaces idx="1" type="struct" size="1 1">
      <data idx="1" type="double" size="1 1">1</data>
    </numFaces>
    <cornerRatio idx="1" type="struct" size="1 1">
      <data idx="1" type="double" size="1 1">0.0004204288939051919</data>
    </cornerRatio>
    <edgeRatio idx="1" type="struct" size="1 1">
      <data idx="1" type="double" size="1 1">0.1091647855530474</data>
    </edgeRatio>
    <gridEdgeRatio idx="1" type="struct" size="1 1">
      <data idx="1" type="double" size="1 9">0.04317339477111092 0.1285184814184113 0.101634683724236 0.1377341480516878 0.1883451868175899 0.18006904254239 0.07889690669627084 0.05954483524246859 0.06608357628765792</data>
    </gridEdgeRatio>
    <medianHue idx="1" type="struct" size="1 1">
      <data idx="1" type="double" size="1 1">115</data>
    </medianHue>
    <avgSat idx="1" type="struct" size="1 1">
      <data idx="1" type="double" size="1 1">67.94538374717828</data>
    </avgSat>
    <avgInt idx="1" type="struct" size="1 1">
      <data idx="1" type="double" size="1 1">77.61821388261853</data>
    </avgInt>
    <medHueCells idx="1" type="struct" size="1 1">
      <data idx="1" type="double" size="1 9">106 123 120 104 115 124 101 111 133</data>
    </medHueCells>
    <avgSatCells idx="1" type="struct" size="1 1">
      <data idx="1" type="double" size="1 9">56.60865972152659 49.89715015526393 77.1379875864157 64.67261845136731 53.95855454272262 93.1668769238533 55.53447050461974 62.07795207635292 99.00826044703598</data>
    </avgSatCells>
    <avgIntCells idx="1" type="struct" size="1 1">
      <data idx="1" type="double" size="1 9">96.22878894120004 79.5818140839427 67.32996921834787 98.49501652809771 74.40165781829108 50.39181006206795 110.8494263376993 73.62062138288152 46.636131144187</data>
    </avgIntCells>
    <cornerRatioGrid idx="1" type="struct" size="1 1">
      <data idx="1" type="double" size="1 9">1 33 13 22 40 23 6 1 10</data>
    </cornerRatioGrid>
    <avgR idx="1" type="struct" size="1 1">
      <data idx="1" type="double" size="1 1">62.86829571106093</data>
    </avgR>
    <avgG idx="1" type="struct" size="1 1">
      <data idx="1" type="double" size="1 1">65.04440744920997</data>
    </avgG>
    <avgB idx="1" type="struct" size="1 1">
      <data idx="1" type="double" size="1 1">75.90977708803617</data>
    </avgB>
    <avgRCells idx="1" type="struct" size="1 1">
      <data idx="1" type="double" size="1 9">74.54252228788945 70.50368125813884 50.71473986980876 77.15411199038365 64.7126615245918 37.7699954584448 89.4590567570312 61.96898162249973 38.18495217635929</data>
    </avgRCells>
    <avgGCells idx="1" type="struct" size="1 1">
      <data idx="1" type="double" size="1 9">83.93236001202044 67.33639687468698 50.51809052833429 85.76828107783237 65.35833416808576 34.00671140939595 101.6982942430704 64.37483500863034 31.3967316249808</data>
    </avgGCells>
    <avgBCells idx="1" type="struct" size="1 1">
      <data idx="1" type="double" size="1 9">96.22315436241615 76.67266853651208 66.46843619114904 96.4659671441451 72.1476510067114 48.68865115809658 110.1209259823332 70.32010864047115 45.07188890593829</data>
    </avgBCells>
  </features>
</root>
