<?xml version="1.0"?>
<!-- Written on 15-Jun-2010 21:44:19 using the XML Toolbox for Matlab -->
<root xml_tb_version="3.1" idx="1" type="struct" size="1 1">
  <filename idx="1" type="char" size="1 35">Back_to_mac_looks_by_fediaFedia.png</filename>
  <features idx="1" type="struct" size="1 1">
    <numFaces idx="1" type="struct" size="1 1">
      <data idx="1" type="double" size="1 1">0</data>
    </numFaces>
    <cornerRatio idx="1" type="struct" size="1 1">
      <data idx="1" type="double" size="1 1">0.0001124786481210347</data>
    </cornerRatio>
    <edgeRatio idx="1" type="struct" size="1 1">
      <data idx="1" type="double" size="1 1">0.02445648029526598</data>
    </edgeRatio>
    <gridEdgeRatio idx="1" type="struct" size="1 1">
      <data idx="1" type="double" size="1 9">0.01528261314765508 0.03836439347395715 0.02693869888729598 0.01336268687282404 0.02109359000614371 0.015291146153321 0.01408305921052632 0.04812568530701754 0.02742941337719298</data>
    </gridEdgeRatio>
    <medianHue idx="1" type="struct" size="1 1">
      <data idx="1" type="double" size="1 1">106</data>
    </medianHue>
    <avgSat idx="1" type="struct" size="1 1">
      <data idx="1" type="double" size="1 1">153.8202905761958</data>
    </avgSat>
    <avgInt idx="1" type="struct" size="1 1">
      <data idx="1" type="double" size="1 1">39.60276163677398</data>
    </avgInt>
    <medHueCells idx="1" type="struct" size="1 1">
      <data idx="1" type="double" size="1 9">106 106 107 106 106 106 106 106 106</data>
    </medHueCells>
    <avgSatCells idx="1" type="struct" size="1 1">
      <data idx="1" type="double" size="1 9">171.9244146358115 174.4176735613351 190.590177837171 117.9262065670011 64.35394907502217 149.8041306880482 156.7106543108745 179.6434056932213 178.4193307976974</data>
    </avgSatCells>
    <avgIntCells idx="1" type="struct" size="1 1">
      <data idx="1" type="double" size="1 9">17.5992900539286 26.33234350467607 22.36603104440789 46.25404464468569 104.4855024233737 64.71766207510964 19.72440951600792 26.44972353061645 28.78284333881579</data>
    </avgIntCells>
    <cornerRatioGrid idx="1" type="struct" size="1 1">
      <data idx="1" type="double" size="1 9">3 12 30 0 3 2 11 37 20</data>
    </cornerRatioGrid>
    <avgR idx="1" type="struct" size="1 1">
      <data idx="1" type="double" size="1 1">23.66134108864079</data>
    </avgR>
    <avgG idx="1" type="struct" size="1 1">
      <data idx="1" type="double" size="1 1">30.75664767874573</data>
    </avgG>
    <avgB idx="1" type="struct" size="1 1">
      <data idx="1" type="double" size="1 1">38.63462740971203</data>
    </avgB>
    <avgRCells idx="1" type="struct" size="1 1">
      <data idx="1" type="double" size="1 9">8.347822376954056 10.68605365553962 8.370930989583334 31.66327053041163 80.78841559150796 37.17719469572368 11.3729947436685 10.4257372516895 14.34340734649123</data>
    </avgRCells>
    <avgGCells idx="1" type="struct" size="1 1">
      <data idx="1" type="double" size="1 9">12.26128063349034 17.58600416410676 13.41314590186403 38.33562871185747 91.71833401597382 50.4309296189693 14.92150488087926 17.51457437367736 20.84840152138158</data>
    </avgGCells>
    <avgBCells idx="1" type="struct" size="1 1">
      <data idx="1" type="double" size="1 9">17.59638029899653 26.33114888388284 19.96693393640351 46.25404464468569 104.4855024233737 58.81770833333334 19.7223359956311 26.44790600040961 28.33980948464912</data>
    </avgBCells>
  </features>
</root>
