<?xml version="1.0"?>
<!-- Written on 15-Jun-2010 21:47:19 using the XML Toolbox for Matlab -->
<root xml_tb_version="3.1" idx="1" type="struct" size="1 1">
  <filename idx="1" type="char" size="1 25">bad_habit_by_Udodelig.jpg</filename>
  <features idx="1" type="struct" size="1 1">
    <numFaces idx="1" type="struct" size="1 1">
      <data idx="1" type="double" size="1 1">0</data>
    </numFaces>
    <cornerRatio idx="1" type="struct" size="1 1">
      <data idx="1" type="double" size="1 1">0.0001081081081081081</data>
    </cornerRatio>
    <edgeRatio idx="1" type="struct" size="1 1">
      <data idx="1" type="double" size="1 1">0.04675675675675676</data>
    </edgeRatio>
    <gridEdgeRatio idx="1" type="struct" size="1 1">
      <data idx="1" type="double" size="1 9">0.02306547619047617 0.1203231292517007 0.1519197769197768 0 0.01046981292517007 0.02359502359502357 0.004787005163511188 0.02829173838209983 0.05687615326169546</data>
    </gridEdgeRatio>
    <medianHue idx="1" type="struct" size="1 1">
      <data idx="1" type="double" size="1 1">20</data>
    </medianHue>
    <avgSat idx="1" type="struct" size="1 1">
      <data idx="1" type="double" size="1 1">129.7920900900901</data>
    </avgSat>
    <avgInt idx="1" type="struct" size="1 1">
      <data idx="1" type="double" size="1 1">90.82589789789796</data>
    </avgInt>
    <medHueCells idx="1" type="struct" size="1 1">
      <data idx="1" type="double" size="1 9">23 19 22 20 18 18 22 18 19</data>
    </medHueCells>
    <avgSatCells idx="1" type="struct" size="1 1">
      <data idx="1" type="double" size="1 9">165.039381377551 138.985544217687 140.7889952667814 150.992718962585 120.1860119047619 130.2866824440619 92.56810381810382 103.1711175461175 126.4971779007923</data>
    </avgSatCells>
    <avgIntCells idx="1" type="struct" size="1 1">
      <data idx="1" type="double" size="1 9">45.64609906462584 76.20721726190474 50.3701592082616 93.34848001700684 74.9043898809524 78.52452667814109 164.3515122265122 128.6851673101673 106.1694887658743</data>
    </avgIntCells>
    <cornerRatioGrid idx="1" type="struct" size="1 1">
      <data idx="1" type="double" size="1 9">0 7 9 0 0 1 0 0 1</data>
    </cornerRatioGrid>
    <avgR idx="1" type="struct" size="1 1">
      <data idx="1" type="double" size="1 1">90.58976576576575</data>
    </avgR>
    <avgG idx="1" type="struct" size="1 1">
      <data idx="1" type="double" size="1 1">76.79142342342348</data>
    </avgG>
    <avgB idx="1" type="struct" size="1 1">
      <data idx="1" type="double" size="1 1">51.63951351351354</data>
    </avgB>
    <avgRCells idx="1" type="struct" size="1 1">
      <data idx="1" type="double" size="1 9">45.30319940476189 76.20721726190474 50.33342297762477 93.27705144557822 74.50733418367346 78.40732573149744 163.7648005148005 128.5475654225654 105.7351568435906</data>
    </avgRCells>
    <avgGCells idx="1" type="struct" size="1 1">
      <data idx="1" type="double" size="1 9">35.98161139455782 61.08540603741498 42.2579604130809 75.58795705782315 59.20567602040818 63.96869621342512 148.722543972544 112.7057593307593 92.16737219146856</data>
    </avgGCells>
    <avgBCells idx="1" type="struct" size="1 1">
      <data idx="1" type="double" size="1 9">15.74739583333333 34.14333545918367 22.57782917383821 41.73942389455782 38.20254039115643 42.76285499139414 110.5649935649936 88.99077649077648 70.27721697601216</data>
    </avgBCells>
  </features>
</root>
