<?xml version="1.0"?>
<!-- Written on 15-Jun-2010 21:47:19 using the XML Toolbox for Matlab -->
<root xml_tb_version="3.1" idx="1" type="struct" size="1 1">
  <filename idx="1" type="char" size="1 21">barker_by_iakobos.jpg</filename>
  <features idx="1" type="struct" size="1 1">
    <numFaces idx="1" type="struct" size="1 1">
      <data idx="1" type="double" size="1 1">0</data>
    </numFaces>
    <cornerRatio idx="1" type="struct" size="1 1">
      <data idx="1" type="double" size="1 1">0.0001068376068376068</data>
    </cornerRatio>
    <edgeRatio idx="1" type="struct" size="1 1">
      <data idx="1" type="double" size="1 1">0.02940947940947941</data>
    </edgeRatio>
    <gridEdgeRatio idx="1" type="struct" size="1 1">
      <data idx="1" type="double" size="1 9">0.02326347357290204 0.08346767902647044 0.02926829268292683 0.003744344479692133 0.06538734896943857 0.01635888501742166 0 0.01363810319034201 0.03047202797202797</data>
    </gridEdgeRatio>
    <medianHue idx="1" type="struct" size="1 1">
      <data idx="1" type="double" size="1 1">26</data>
    </medianHue>
    <avgSat idx="1" type="struct" size="1 1">
      <data idx="1" type="double" size="1 1">177.1118162393161</data>
    </avgSat>
    <avgInt idx="1" type="struct" size="1 1">
      <data idx="1" type="double" size="1 1">66.46878593628587</data>
    </avgInt>
    <medHueCells idx="1" type="struct" size="1 1">
      <data idx="1" type="double" size="1 9">16 22 60 26 40 35 18 24 18</data>
    </medHueCells>
    <avgSatCells idx="1" type="struct" size="1 1">
      <data idx="1" type="double" size="1 9">184.8539879002202 236.2465373481027 212.2673172598545 109.9764071627923 197.7454192452373 164.2879135789583 144.3814982578397 206.6533972125436 137.5223776223777</data>
    </avgSatCells>
    <avgIntCells idx="1" type="struct" size="1 1">
      <data idx="1" type="double" size="1 9">92.0702064589942 37.99197392826805 7.475750617541664 164.0685249709639 51.238303257233 63.54689837525656 127.0151567944251 34.99595818815332 19.43629370629371</data>
    </avgIntCells>
    <cornerRatioGrid idx="1" type="struct" size="1 1">
      <data idx="1" type="double" size="1 9">2 32 1 0 16 1 0 0 3</data>
    </cornerRatioGrid>
    <avgR idx="1" type="struct" size="1 1">
      <data idx="1" type="double" size="1 1">62.33334887334882</data>
    </avgR>
    <avgG idx="1" type="struct" size="1 1">
      <data idx="1" type="double" size="1 1">55.24856837606837</data>
    </avgG>
    <avgB idx="1" type="struct" size="1 1">
      <data idx="1" type="double" size="1 1">29.79257770007766</data>
    </avgB>
    <avgRCells idx="1" type="struct" size="1 1">
      <data idx="1" type="double" size="1 9">91.34231282611329 33.21519579801339 1.513307587934453 161.4239603376844 38.6255655520308 57.38797272379362 126.8799825783972 32.60726480836237 17.60484265734266</data>
    </avgRCells>
    <avgGCells idx="1" type="struct" size="1 1">
      <data idx="1" type="double" size="1 9">63.22523272141036 24.43389325151248 7.409543193125282 146.5989564373255 49.2168252812592 61.93694116828441 101.8449303135888 26.5658710801394 15.80103146853146</data>
    </avgGCells>
    <avgBCells idx="1" type="struct" size="1 1">
      <data idx="1" type="double" size="1 9">27.24320904189851 3.793003622999983 1.021257349615558 104.9953542392567 17.02492762667499 43.47583759524061 58.91649825783971 7.319651567944256 4.098426573426575</data>
    </avgBCells>
  </features>
</root>
