<?xml version="1.0"?>
<!-- Written on 15-Jun-2010 21:44:19 using the XML Toolbox for Matlab -->
<root xml_tb_version="3.1" idx="1" type="struct" size="1 1">
  <filename idx="1" type="char" size="1 39">Battering_Ram_Digital_by_Knuxtiger4.jpg</filename>
  <features idx="1" type="struct" size="1 1">
    <numFaces idx="1" type="struct" size="1 1">
      <data idx="1" type="double" size="1 1">0</data>
    </numFaces>
    <cornerRatio idx="1" type="struct" size="1 1">
      <data idx="1" type="double" size="1 1">0.002289719626168224</data>
    </cornerRatio>
    <edgeRatio idx="1" type="struct" size="1 1">
      <data idx="1" type="double" size="1 1">0.2717523364485981</data>
    </edgeRatio>
    <gridEdgeRatio idx="1" type="struct" size="1 1">
      <data idx="1" type="double" size="1 9">0.2116500829187397 0.2173161967938087 0.140685461580984 0.301271420674406 0.3151603095632948 0.2454394693200664 0.3423071558097364 0.343632305760915 0.3341470218998465</data>
    </gridEdgeRatio>
    <medianHue idx="1" type="struct" size="1 1">
      <data idx="1" type="double" size="1 1">60</data>
    </medianHue>
    <avgSat idx="1" type="struct" size="1 1">
      <data idx="1" type="double" size="1 1">61.35221962616831</data>
    </avgSat>
    <avgInt idx="1" type="struct" size="1 1">
      <data idx="1" type="double" size="1 1">198.6916978193146</data>
    </avgInt>
    <medHueCells idx="1" type="struct" size="1 1">
      <data idx="1" type="double" size="1 9">28 40 60 48 60 60 102 63 60</data>
    </medHueCells>
    <avgSatCells idx="1" type="struct" size="1 1">
      <data idx="1" type="double" size="1 9">84.91860143725818 81.69865948037588 76.19702887431997 67.27743228302928 56.59708402432284 55.94650578881291 35.51492537313431 41.30479546710891 53.68719486678756</data>
    </avgSatCells>
    <avgIntCells idx="1" type="struct" size="1 1">
      <data idx="1" type="double" size="1 9">188.55907960199 191.5293670536209 187.662226251918 196.4451354339414 197.2191818684356 197.909680569117 216.8216556108347 215.1175373134328 196.4020783930813</data>
    </avgIntCells>
    <cornerRatioGrid idx="1" type="struct" size="1 1">
      <data idx="1" type="double" size="1 9">29 27 25 37 26 25 46 32 47</data>
    </cornerRatioGrid>
    <avgR idx="1" type="struct" size="1 1">
      <data idx="1" type="double" size="1 1">178.3696495327104</data>
    </avgR>
    <avgG idx="1" type="struct" size="1 1">
      <data idx="1" type="double" size="1 1">188.2169548286604</data>
    </avgG>
    <avgB idx="1" type="struct" size="1 1">
      <data idx="1" type="double" size="1 1">160.9658800623052</data>
    </avgB>
    <avgRCells idx="1" type="struct" size="1 1">
      <data idx="1" type="double" size="1 9">186.2355583195136 176.3774875621891 147.0472171851025 193.0073935876175 174.1115257048092 161.9967917422235 211.1038557213931 192.0485074626864 162.6385130422653</data>
    </avgRCells>
    <avgGCells idx="1" type="struct" size="1 1">
      <data idx="1" type="double" size="1 9">156.8912382531786 176.1554035378662 184.2168363788534 173.3504007739083 190.2653399668325 197.1989817268796 208.6616224433389 211.4888059701493 195.1814060538429</data>
    </avgGCells>
    <avgBCells idx="1" type="struct" size="1 1">
      <data idx="1" type="double" size="1 9">140.7755666113874 136.9358761746821 144.416306318873 154.7204947484798 161.2071586511885 162.0071139628958 194.8593836373687 188.2795743504698 163.971055935277</data>
    </avgBCells>
  </features>
</root>
