<?xml version="1.0"?>
<!-- Written on 15-Jun-2010 21:44:19 using the XML Toolbox for Matlab -->
<root xml_tb_version="3.1" idx="1" type="struct" size="1 1">
  <filename idx="1" type="char" size="1 43">Battering_Ram_Traditional_by_Knuxtiger4.jpg</filename>
  <features idx="1" type="struct" size="1 1">
    <numFaces idx="1" type="struct" size="1 1">
      <data idx="1" type="double" size="1 1">0</data>
    </numFaces>
    <cornerRatio idx="1" type="struct" size="1 1">
      <data idx="1" type="double" size="1 1">0.001506849315068493</data>
    </cornerRatio>
    <edgeRatio idx="1" type="struct" size="1 1">
      <data idx="1" type="double" size="1 1">0.2429195205479452</data>
    </edgeRatio>
    <gridEdgeRatio idx="1" type="struct" size="1 1">
      <data idx="1" type="double" size="1 9">0.1202406335668596 0.2112397197685043 0.1732409381663112 0.1639506548888212 0.3048279013097778 0.2642400243679562 0.3144227840389887 0.3316326530612244 0.309625342674383</data>
    </gridEdgeRatio>
    <medianHue idx="1" type="struct" size="1 1">
      <data idx="1" type="double" size="1 1">40</data>
    </medianHue>
    <avgSat idx="1" type="struct" size="1 1">
      <data idx="1" type="double" size="1 1">91.42589041095889</data>
    </avgSat>
    <avgInt idx="1" type="struct" size="1 1">
      <data idx="1" type="double" size="1 1">188.0509160958904</data>
    </avgInt>
    <medHueCells idx="1" type="struct" size="1 1">
      <data idx="1" type="double" size="1 9">105 104 39 107 37 40 107 40 39</data>
    </medHueCells>
    <avgSatCells idx="1" type="struct" size="1 1">
      <data idx="1" type="double" size="1 9">83.3208955223881 87.66699664940603 109.8916387450502 93.14285714285714 101.9684739567469 93.0442430703625 79.83802924154745 87.34495887907406 88.16067621078282</data>
    </avgSatCells>
    <avgIntCells idx="1" type="struct" size="1 1">
      <data idx="1" type="double" size="1 9">206.1317392628692 206.6588486140726 164.7097928723728 191.2959945172099 166.9143314042035 172.9939080109656 209.3084830947304 187.6791806274749 184.9824093816632</data>
    </avgIntCells>
    <cornerRatioGrid idx="1" type="struct" size="1 1">
      <data idx="1" type="double" size="1 9">11 31 26 27 37 22 14 6 2</data>
    </cornerRatioGrid>
    <avgR idx="1" type="struct" size="1 1">
      <data idx="1" type="double" size="1 1">160.3766181506849</data>
    </avgR>
    <avgG idx="1" type="struct" size="1 1">
      <data idx="1" type="double" size="1 1">168.074426369863</data>
    </avgG>
    <avgB idx="1" type="struct" size="1 1">
      <data idx="1" type="double" size="1 1">144.7311215753424</data>
    </avgB>
    <avgRCells idx="1" type="struct" size="1 1">
      <data idx="1" type="double" size="1 9">161.6057721596102 171.6203929332927 145.8011727078891 160.0135546756016 154.576454462382 154.2104020712762 167.2868565336583 162.9484465427962 164.6324246116357</data>
    </avgRCells>
    <avgGCells idx="1" type="struct" size="1 1">
      <data idx="1" type="double" size="1 9">169.7441364605543 176.4196618946087 159.4548431312824 153.2924916235151 143.33186110265 171.3971976850441 177.0118793786172 175.1679865976241 184.9824093816632</data>
    </avgGCells>
    <avgBCells idx="1" type="struct" size="1 1">
      <data idx="1" type="double" size="1 9">190.7439841608283 176.2308863844045 95.43131282363692 160.6058483094731 112.5656411818459 111.2426134632958 191.5344197380445 139.7995735607676 121.4506548888212</data>
    </avgBCells>
  </features>
</root>
