<?xml version="1.0"?>
<!-- Written on 15-Jun-2010 21:47:20 using the XML Toolbox for Matlab -->
<root xml_tb_version="3.1" idx="1" type="struct" size="1 1">
  <filename idx="1" type="char" size="1 25">be_my_SLAVE_by_LALAax.jpg</filename>
  <features idx="1" type="struct" size="1 1">
    <numFaces idx="1" type="struct" size="1 1">
      <data idx="1" type="double" size="1 1">0</data>
    </numFaces>
    <cornerRatio idx="1" type="struct" size="1 1">
      <data idx="1" type="double" size="1 1">0.0002477739063104917</data>
    </cornerRatio>
    <edgeRatio idx="1" type="struct" size="1 1">
      <data idx="1" type="double" size="1 1">0.04008001032391276</data>
    </edgeRatio>
    <gridEdgeRatio idx="1" type="struct" size="1 1">
      <data idx="1" type="double" size="1 9">0.01247000738279816 0.04151670358065708 0.02025462962962964 0.1016634366925065 0.05961609449981539 0.0490046296296296 0.024540729507912 0.01955155289569043 0.03168408826945406</data>
    </gridEdgeRatio>
    <medianHue idx="1" type="struct" size="1 1">
      <data idx="1" type="double" size="1 1">22</data>
    </medianHue>
    <avgSat idx="1" type="struct" size="1 1">
      <data idx="1" type="double" size="1 1">57.23937669376702</data>
    </avgSat>
    <avgInt idx="1" type="struct" size="1 1">
      <data idx="1" type="double" size="1 1">113.644086978965</data>
    </avgInt>
    <medHueCells idx="1" type="struct" size="1 1">
      <data idx="1" type="double" size="1 9">22 22 22 22 22 21 16 22 22</data>
    </medHueCells>
    <avgSatCells idx="1" type="struct" size="1 1">
      <data idx="1" type="double" size="1 9">38.55306386120338 55.34857188999626 41.62431847384439 48.08860511258767 53.45824104835736 59.46400500075239 117.9541666666666 47.57594907407409 52.99876887340298</data>
    </avgSatCells>
    <avgIntCells idx="1" type="struct" size="1 1">
      <data idx="1" type="double" size="1 9">162.9820505721669 177.8691975821336 151.4928403579243 137.7472314507197 102.9203234588409 69.59155891511455 41.27850694444446 101.4314236111111 77.07085946573753</data>
    </avgIntCells>
    <cornerRatioGrid idx="1" type="struct" size="1 1">
      <data idx="1" type="double" size="1 9">1 11 13 67 32 20 23 14 11</data>
    </cornerRatioGrid>
    <avgR idx="1" type="struct" size="1 1">
      <data idx="1" type="double" size="1 1">113.0209898051362</data>
    </avgR>
    <avgG idx="1" type="struct" size="1 1">
      <data idx="1" type="double" size="1 1">106.7969673506256</data>
    </avgG>
    <avgB idx="1" type="struct" size="1 1">
      <data idx="1" type="double" size="1 1">93.04411278874714</data>
    </avgB>
    <avgRCells idx="1" type="struct" size="1 1">
      <data idx="1" type="double" size="1 9">162.9820275009229 177.8485834256183 151.4926898723188 137.7105366371355 101.703696013289 68.37850602521213 41.26861111111112 99.89092592592587 75.50547038327528</data>
    </avgRCells>
    <avgGCells idx="1" type="struct" size="1 1">
      <data idx="1" type="double" size="1 9">156.0406515319305 166.2171811554079 144.6753678215472 131.0643687707641 94.19081072351413 63.94012988065332 36.90510416666665 95.69258101851845 72.03076655052267</data>
    </avgGCells>
    <avgBCells idx="1" type="struct" size="1 1">
      <data idx="1" type="double" size="1 9">138.2218876891843 140.1554194352159 126.841179807147 115.2764050387598 79.39026162790697 55.84664359220718 31.24716435185184 85.7851157407408 64.25989547038327</data>
    </avgBCells>
  </features>
</root>
