<?xml version="1.0"?>
<!-- Written on 15-Jun-2010 21:47:20 using the XML Toolbox for Matlab -->
<root xml_tb_version="3.1" idx="1" type="struct" size="1 1">
  <filename idx="1" type="char" size="1 36">bebfc84a7e527e230e8bd312d90056ec.jpg</filename>
  <features idx="1" type="struct" size="1 1">
    <numFaces idx="1" type="struct" size="1 1">
      <data idx="1" type="double" size="1 1">0</data>
    </numFaces>
    <cornerRatio idx="1" type="struct" size="1 1">
      <data idx="1" type="double" size="1 1">0.000631426735218509</data>
    </cornerRatio>
    <edgeRatio idx="1" type="struct" size="1 1">
      <data idx="1" type="double" size="1 1">0.04908901028277635</data>
    </edgeRatio>
    <gridEdgeRatio idx="1" type="struct" size="1 1">
      <data idx="1" type="double" size="1 9">0.03704075774971294 0.0382893226176808 0.02848467322151528 0.05221010332950631 0.08722732491389218 0.04498264893001736 0.05622847301951777 0.0747990815154994 0.02228166570271829</data>
    </gridEdgeRatio>
    <medianHue idx="1" type="struct" size="1 1">
      <data idx="1" type="double" size="1 1">30</data>
    </medianHue>
    <avgSat idx="1" type="struct" size="1 1">
      <data idx="1" type="double" size="1 1">4.27630302056556</data>
    </avgSat>
    <avgInt idx="1" type="struct" size="1 1">
      <data idx="1" type="double" size="1 1">227.2090970437014</data>
    </avgInt>
    <medHueCells idx="1" type="struct" size="1 1">
      <data idx="1" type="double" size="1 9">36 30 30 30 30 30 50 30 30</data>
    </medHueCells>
    <avgSatCells idx="1" type="struct" size="1 1">
      <data idx="1" type="double" size="1 9">4.251061997703789 5.391504018369688 3.813949483352469 5.217365097588979 6.971914466130882 4.712442594718714 2.966526894158473 3.796573163678425 1.341338924233661</data>
    </avgSatCells>
    <avgIntCells idx="1" type="struct" size="1 1">
      <data idx="1" type="double" size="1 9">220.3199339839266 221.6304104477612 225.2618972445464 222.3514638346729 219.4407721010332 230.7815729047072 234.3729757085021 233.1122035858879 237.799869866975</data>
    </avgIntCells>
    <cornerRatioGrid idx="1" type="struct" size="1 1">
      <data idx="1" type="double" size="1 9">30 27 17 56 89 35 49 63 27</data>
    </cornerRatioGrid>
    <avgR idx="1" type="struct" size="1 1">
      <data idx="1" type="double" size="1 1">226.1677442159387</data>
    </avgR>
    <avgG idx="1" type="struct" size="1 1">
      <data idx="1" type="double" size="1 1">226.7899694730075</data>
    </avgG>
    <avgB idx="1" type="struct" size="1 1">
      <data idx="1" type="double" size="1 1">224.7331378534704</data>
    </avgB>
    <avgRCells idx="1" type="struct" size="1 1">
      <data idx="1" type="double" size="1 9">218.7840413318026 220.8371125143513 224.8102037887483 221.0484644087255 218.3546928817451 230.0179391504016 232.4464285714286 231.8442018507807 237.553875072296</data>
    </avgRCells>
    <avgGCells idx="1" type="struct" size="1 1">
      <data idx="1" type="double" size="1 9">220.1230625717566 221.0336681974743 224.6332376578645 222.0099167623419 218.6436280137774 229.9784156142364 234.3008964719491 232.8330104106421 237.7492770387506</data>
    </avgGCells>
    <avgBCells idx="1" type="struct" size="1 1">
      <data idx="1" type="double" size="1 9">217.3647818599312 218.4489523536167 222.5968570608497 219.860132032147 216.1222588978185 228.0283725602754 232.5388374783112 231.1695633314056 236.6766049739735</data>
    </avgBCells>
  </features>
</root>
