<?xml version="1.0"?>
<!-- Written on 15-Jun-2010 21:44:20 using the XML Toolbox for Matlab -->
<root xml_tb_version="3.1" idx="1" type="struct" size="1 1">
  <filename idx="1" type="char" size="1 26">Bee_SPLODE_by_Craniata.jpg</filename>
  <features idx="1" type="struct" size="1 1">
    <numFaces idx="1" type="struct" size="1 1">
      <data idx="1" type="double" size="1 1">0</data>
    </numFaces>
    <cornerRatio idx="1" type="struct" size="1 1">
      <data idx="1" type="double" size="1 1">0.0009273373983739837</data>
    </cornerRatio>
    <edgeRatio idx="1" type="struct" size="1 1">
      <data idx="1" type="double" size="1 1">0.07478827913279133</data>
    </edgeRatio>
    <gridEdgeRatio idx="1" type="struct" size="1 1">
      <data idx="1" type="double" size="1 9">0.05822560624867545 0.1205004389815627 0.09831627750918877 0.05105052829160487 0.04672883049256753 0.03771599383855168 0.07102445091615096 0.113737713869676 0.07592151109481032</data>
    </gridEdgeRatio>
    <medianHue idx="1" type="struct" size="1 1">
      <data idx="1" type="double" size="1 1">75</data>
    </medianHue>
    <avgSat idx="1" type="struct" size="1 1">
      <data idx="1" type="double" size="1 1">16.07667598238483</data>
    </avgSat>
    <avgInt idx="1" type="struct" size="1 1">
      <data idx="1" type="double" size="1 1">196.9871578590788</data>
    </avgInt>
    <medHueCells idx="1" type="struct" size="1 1">
      <data idx="1" type="double" size="1 9">75 50 66 66 50 75 66 110 126</data>
    </medHueCells>
    <avgSatCells idx="1" type="struct" size="1 1">
      <data idx="1" type="double" size="1 9">19.07606490872211 18.641359631861 20.83446335396188 11.37043232115286 9.551595470921258 18.5865186263803 16.07110829812869 14.22044716253108 16.22839874075431</data>
    </avgSatCells>
    <avgIntCells idx="1" type="struct" size="1 1">
      <data idx="1" type="double" size="1 9">207.9943840634554 189.1174578426327 179.7969679043803 214.4831748963096 205.2390481668735 177.4650679529184 203.4564047034424 198.9644420381583 196.4851534323612</data>
    </avgIntCells>
    <cornerRatioGrid idx="1" type="struct" size="1 1">
      <data idx="1" type="double" size="1 9">72 250 207 113 69 55 83 163 83</data>
    </cornerRatioGrid>
    <avgR idx="1" type="struct" size="1 1">
      <data idx="1" type="double" size="1 1">193.5609502032521</data>
    </avgR>
    <avgG idx="1" type="struct" size="1 1">
      <data idx="1" type="double" size="1 1">194.8784324186991</data>
    </avgG>
    <avgB idx="1" type="struct" size="1 1">
      <data idx="1" type="double" size="1 1">194.0627422086722</data>
    </avgB>
    <avgRCells idx="1" type="struct" size="1 1">
      <data idx="1" type="double" size="1 9">202.6512669916139 185.6927885925343 177.5343784128139 210.889535587781 203.0613136144834 176.3133569955102 198.3125867406854 194.6109823239642 193.1237621492756</data>
    </avgRCells>
    <avgGCells idx="1" type="struct" size="1 1">
      <data idx="1" type="double" size="1 9">206.9182207623142 187.6918576488753 177.5205830603083 213.2096061275771 203.5218128424814 173.9381749787647 201.6109594472998 196.5257820006405 193.0697169753653</data>
    </avgGCells>
    <avgBCells idx="1" type="struct" size="1 1">
      <data idx="1" type="double" size="1 9">205.3728618570433 186.1581468923133 177.2877229705133 210.9443704398899 202.9107429384518 173.7379262225458 199.5267351949854 196.5705668837406 194.1689360596612</data>
    </avgBCells>
  </features>
</root>
