<?xml version="1.0"?>
<!-- Written on 15-Jun-2010 21:47:20 using the XML Toolbox for Matlab -->
<root xml_tb_version="3.1" idx="1" type="struct" size="1 1">
  <filename idx="1" type="char" size="1 35">berlin_architecture_1_by_erroid.jpg</filename>
  <features idx="1" type="struct" size="1 1">
    <numFaces idx="1" type="struct" size="1 1">
      <data idx="1" type="double" size="1 1">0</data>
    </numFaces>
    <cornerRatio idx="1" type="struct" size="1 1">
      <data idx="1" type="double" size="1 1">0.0001778822961890979</data>
    </cornerRatio>
    <edgeRatio idx="1" type="struct" size="1 1">
      <data idx="1" type="double" size="1 1">0.05421792088760251</data>
    </edgeRatio>
    <gridEdgeRatio idx="1" type="struct" size="1 1">
      <data idx="1" type="double" size="1 9">0.04257528556593978 0.05089614435408824 0.00838744588744586 0.07722080619276883 0.09788135021779883 0.09521103896103901 0.02772720529729871 0.02694501759922322 0.06155303030303035</data>
    </gridEdgeRatio>
    <medianHue idx="1" type="struct" size="1 1">
      <data idx="1" type="double" size="1 1">35</data>
    </medianHue>
    <avgSat idx="1" type="struct" size="1 1">
      <data idx="1" type="double" size="1 1">90.92402767727931</data>
    </avgSat>
    <avgInt idx="1" type="struct" size="1 1">
      <data idx="1" type="double" size="1 1">118.1773637240714</data>
    </avgInt>
    <medHueCells idx="1" type="struct" size="1 1">
      <data idx="1" type="double" size="1 9">74 35 0 60 29 0 50 46 0</data>
    </medHueCells>
    <avgSatCells idx="1" type="struct" size="1 1">
      <data idx="1" type="double" size="1 9">165.6780758182626 105.2265107685668 26.1798761985678 135.9248695230003 118.5346792356139 36.62539952259574 75.04074675324678 99.84776785714293 55.23749999999999</data>
    </avgSatCells>
    <avgIntCells idx="1" type="struct" size="1 1">
      <data idx="1" type="double" size="1 9">124.0009440196355 114.7103478038058 65.49571819665275 159.3322544537498 111.9116397621071 48.49718817008537 191.8753652597404 155.5433035714286 92.91628787878791</data>
    </avgIntCells>
    <cornerRatioGrid idx="1" type="struct" size="1 1">
      <data idx="1" type="double" size="1 9">14 23 1 23 23 17 1 5 11</data>
    </cornerRatioGrid>
    <avgR idx="1" type="struct" size="1 1">
      <data idx="1" type="double" size="1 1">97.22873402074285</data>
    </avgR>
    <avgG idx="1" type="struct" size="1 1">
      <data idx="1" type="double" size="1 1">116.0119588157259</data>
    </avgG>
    <avgB idx="1" type="struct" size="1 1">
      <data idx="1" type="double" size="1 1">83.75445760974436</data>
    </avgB>
    <avgRCells idx="1" type="struct" size="1 1">
      <data idx="1" type="double" size="1 9">79.18616067214197 104.947660854203 65.28432522825047 99.20874971342265 106.2138743914445 47.82706908875134 156.5611066017316 134.0326433982684 82.69885010822514</data>
    </avgRCells>
    <avgGCells idx="1" type="struct" size="1 1">
      <data idx="1" type="double" size="1 9">123.7763752343191 112.6901053256193 62.49124084638104 158.521948456528 104.7815403703254 44.2802929158069 191.8692775974027 153.7744588744588 92.52260551948056</data>
    </avgGCells>
    <avgBCells idx="1" type="struct" size="1 1">
      <data idx="1" type="double" size="1 9">89.67382772990253 73.00631144556372 61.63888551739018 99.74059689012964 60.9254089627921 42.33319847338536 140.4939664502164 110.2646645021645 76.09698322510823</data>
    </avgBCells>
  </features>
</root>
