<?xml version="1.0"?>
<!-- Written on 15-Jun-2010 21:47:20 using the XML Toolbox for Matlab -->
<root xml_tb_version="3.1" idx="1" type="struct" size="1 1">
  <filename idx="1" type="char" size="1 35">berlin_architecture_2_by_erroid.jpg</filename>
  <features idx="1" type="struct" size="1 1">
    <numFaces idx="1" type="struct" size="1 1">
      <data idx="1" type="double" size="1 1">0</data>
    </numFaces>
    <cornerRatio idx="1" type="struct" size="1 1">
      <data idx="1" type="double" size="1 1">5.857396149949342e-05</data>
    </cornerRatio>
    <edgeRatio idx="1" type="struct" size="1 1">
      <data idx="1" type="double" size="1 1">0.03791635005065856</data>
    </edgeRatio>
    <gridEdgeRatio idx="1" type="struct" size="1 1">
      <data idx="1" type="double" size="1 9">0.05111866326819593 0.01796941376380622 0.006796941376380629 0.06775700934579434 0.08346077598414033 0.004545454545454545 0.05419034090909093 0.04943181818181846 0.006803977272727272</data>
    </gridEdgeRatio>
    <medianHue idx="1" type="struct" size="1 1">
      <data idx="1" type="double" size="1 1">21</data>
    </medianHue>
    <avgSat idx="1" type="struct" size="1 1">
      <data idx="1" type="double" size="1 1">123.0270516717325</data>
    </avgSat>
    <avgInt idx="1" type="struct" size="1 1">
      <data idx="1" type="double" size="1 1">121.9844193262411</data>
    </avgInt>
    <medHueCells idx="1" type="struct" size="1 1">
      <data idx="1" type="double" size="1 9">32 30 25 152 22 23 13 20 20</data>
    </medHueCells>
    <avgSatCells idx="1" type="struct" size="1 1">
      <data idx="1" type="double" size="1 9">97.71627017841973 103.1639337298216 68.62213068181819 149.2814783347494 150.5501699235344 128.5333380681818 132.2180685358255 147.8774709713962 129.6266193181818</data>
    </avgSatCells>
    <avgIntCells idx="1" type="struct" size="1 1">
      <data idx="1" type="double" size="1 9">99.6671905975645 78.27926932880204 77.64789772727272 84.33306428773713 131.1691305579156 157.6562500000001 110.4843528745398 180.9561738884169 177.7944460227273</data>
    </avgIntCells>
    <cornerRatioGrid idx="1" type="struct" size="1 1">
      <data idx="1" type="double" size="1 9">2 3 1 2 19 0 6 3 1</data>
    </cornerRatioGrid>
    <avgR idx="1" type="struct" size="1 1">
      <data idx="1" type="double" size="1 1">121.2235039893616</data>
    </avgR>
    <avgG idx="1" type="struct" size="1 1">
      <data idx="1" type="double" size="1 1">104.2710945415401</data>
    </avgG>
    <avgB idx="1" type="struct" size="1 1">
      <data idx="1" type="double" size="1 1">73.52124810030394</data>
    </avgB>
    <avgRCells idx="1" type="struct" size="1 1">
      <data idx="1" type="double" size="1 9">95.25379495893522 76.7891390540923 77.01024147727266 84.27461059190027 130.976536391957 157.617528409091 110.4791702067403 180.9561172472388 177.7940625000001</data>
    </avgRCells>
    <avgGCells idx="1" type="struct" size="1 1">
      <data idx="1" type="double" size="1 9">97.73159161710574 75.9250495610309 75.63186079545449 56.94190031152648 105.2406966864911 139.2069318181818 87.0192013593883 147.0696261682243 153.6444176136364</data>
    </avgGCells>
    <avgBCells idx="1" type="struct" size="1 1">
      <data idx="1" type="double" size="1 9">72.4808269612009 57.14120645709428 69.57757102272728 55.78065703766637 55.51901727555933 88.12991477272728 78.03031719059753 83.09481733220046 101.6104971590909</data>
    </avgBCells>
  </features>
</root>
