<?xml version="1.0"?>
<!-- Written on 15-Jun-2010 21:44:20 using the XML Toolbox for Matlab -->
<root xml_tb_version="3.1" idx="1" type="struct" size="1 1">
  <filename idx="1" type="char" size="1 35">Berserker__s_March_by_Mentosik8.jpg</filename>
  <features idx="1" type="struct" size="1 1">
    <numFaces idx="1" type="struct" size="1 1">
      <data idx="1" type="double" size="1 1">1</data>
    </numFaces>
    <cornerRatio idx="1" type="struct" size="1 1">
      <data idx="1" type="double" size="1 1">0.0003198198198198198</data>
    </cornerRatio>
    <edgeRatio idx="1" type="struct" size="1 1">
      <data idx="1" type="double" size="1 1">0.06295382882882883</data>
    </edgeRatio>
    <gridEdgeRatio idx="1" type="struct" size="1 1">
      <data idx="1" type="double" size="1 9">0.005151313534547071 0.006350934494647081 0.01192564366217062 0.09233049053408346 0.08618117300752025 0.08949777213250265 0.1095444246641852 0.05047337756918589 0.1169586502670338</data>
    </gridEdgeRatio>
    <medianHue idx="1" type="struct" size="1 1">
      <data idx="1" type="double" size="1 1">12</data>
    </medianHue>
    <avgSat idx="1" type="struct" size="1 1">
      <data idx="1" type="double" size="1 1">15.85763626126126</data>
    </avgSat>
    <avgInt idx="1" type="struct" size="1 1">
      <data idx="1" type="double" size="1 1">108.4874943693692</data>
    </avgInt>
    <medHueCells idx="1" type="struct" size="1 1">
      <data idx="1" type="double" size="1 9">0 0 0 66 8 15 75 55 24</data>
    </medHueCells>
    <avgSatCells idx="1" type="struct" size="1 1">
      <data idx="1" type="double" size="1 9">0 0 0 15.75093247847738 20.01908304602915 12.22391365916815 29.81607492086535 37.24502510131253 27.78261045476615</data>
    </avgSatCells>
    <avgIntCells idx="1" type="struct" size="1 1">
      <data idx="1" type="double" size="1 9">55.09249178410857 110.7727776769692 146.5001820682957 60.48047339664109 108.7167180789936 189.9693619517721 44.96318474162786 106.3125970281659 153.7996945298593</data>
    </avgIntCells>
    <cornerRatioGrid idx="1" type="struct" size="1 1">
      <data idx="1" type="double" size="1 9">5 1 5 47 25 30 60 43 68</data>
    </cornerRatioGrid>
    <avgR idx="1" type="struct" size="1 1">
      <data idx="1" type="double" size="1 1">105.0544864864864</data>
    </avgR>
    <avgG idx="1" type="struct" size="1 1">
      <data idx="1" type="double" size="1 1">107.3591171171171</data>
    </avgG>
    <avgB idx="1" type="struct" size="1 1">
      <data idx="1" type="double" size="1 1">102.7250664414413</data>
    </avgB>
    <avgRCells idx="1" type="struct" size="1 1">
      <data idx="1" type="double" size="1 9">55.09249178410857 110.7727776769692 146.5001820682957 54.93665194862799 100.7528780822194 186.5313966661272 41.57443698461664 98.23608338877786 151.3167887198577</data>
    </avgRCells>
    <avgGCells idx="1" type="struct" size="1 1">
      <data idx="1" type="double" size="1 9">55.09249178410857 110.7727776769692 146.5001820682957 60.4799995967661 108.2121413738181 188.1565989642337 43.41391963547653 104.9484263795641 148.858917300534</data>
    </avgGCells>
    <avgBCells idx="1" type="struct" size="1 1">
      <data idx="1" type="double" size="1 9">55.09249178410857 110.7727776769692 146.5001820682957 57.03207725962218 101.5375309986089 181.5633901116684 39.18034637795115 94.35826327143693 138.6539185143228</data>
    </avgBCells>
  </features>
</root>
