<?xml version="1.0"?>
<!-- Written on 15-Jun-2010 21:44:20 using the XML Toolbox for Matlab -->
<root xml_tb_version="3.1" idx="1" type="struct" size="1 1">
  <filename idx="1" type="char" size="1 37">Bizarre_vs__Lovedoll_by_miss_mosh.jpg</filename>
  <features idx="1" type="struct" size="1 1">
    <numFaces idx="1" type="struct" size="1 1">
      <data idx="1" type="double" size="1 1">1</data>
    </numFaces>
    <cornerRatio idx="1" type="struct" size="1 1">
      <data idx="1" type="double" size="1 1">0.001009329940627651</data>
    </cornerRatio>
    <edgeRatio idx="1" type="struct" size="1 1">
      <data idx="1" type="double" size="1 1">0.09172603901611535</data>
    </edgeRatio>
    <gridEdgeRatio idx="1" type="struct" size="1 1">
      <data idx="1" type="double" size="1 9">0.1295613188808807 0.0843879462005561 0.06653992395437255 0.1796908991165844 0.05014849705843406 0.1074524714828896 0.04359879989366146 0.07715240590938437 0.08614503816793892</data>
    </gridEdgeRatio>
    <medianHue idx="1" type="struct" size="1 1">
      <data idx="1" type="double" size="1 1">2</data>
    </medianHue>
    <avgSat idx="1" type="struct" size="1 1">
      <data idx="1" type="double" size="1 1">183.953354537744</data>
    </avgSat>
    <avgInt idx="1" type="struct" size="1 1">
      <data idx="1" type="double" size="1 1">164.9757082273112</data>
    </avgInt>
    <medHueCells idx="1" type="struct" size="1 1">
      <data idx="1" type="double" size="1 9">9 5 1 9 1 2 1 3 3</data>
    </medHueCells>
    <avgSatCells idx="1" type="struct" size="1 1">
      <data idx="1" type="double" size="1 9">195.013544445075 153.6931502184893 185.7523451445064 191.7745493066986 178.7332917163233 192.287436861494 208.6755133079848 179.2450380228138 169.8585114503817</data>
    </avgSatCells>
    <avgIntCells idx="1" type="struct" size="1 1">
      <data idx="1" type="double" size="1 9">181.3224939939088 157.8866882318446 148.3783563100527 200.1202731589202 200.4648620017782 167.2554593444988 147.7924334600761 138.1025855513308 143.5297519083969</data>
    </avgIntCells>
    <cornerRatioGrid idx="1" type="struct" size="1 1">
      <data idx="1" type="double" size="1 9">81 37 49 70 8 112 24 35 60</data>
    </cornerRatioGrid>
    <avgR idx="1" type="struct" size="1 1">
      <data idx="1" type="double" size="1 1">164.6450381679388</data>
    </avgR>
    <avgG idx="1" type="struct" size="1 1">
      <data idx="1" type="double" size="1 1">77.83426420695496</data>
    </avgG>
    <avgB idx="1" type="struct" size="1 1">
      <data idx="1" type="double" size="1 1">59.44109838846483</data>
    </avgB>
    <avgRCells idx="1" type="struct" size="1 1">
      <data idx="1" type="double" size="1 9">181.0634470234379 157.4648809186009 147.722513387262 200.1051964512039 200.247810377769 166.9334054916258 147.7865589353613 137.6844866920152 142.8639503816794</data>
    </avgRCells>
    <avgGCells idx="1" type="struct" size="1 1">
      <data idx="1" type="double" size="1 9">95.17040273915593 96.01568204604355 62.65552010937674 105.4690237027788 77.28290108393394 66.35610117352171 49.17600760456273 72.29498098859317 76.3074427480916</data>
    </avgGCells>
    <avgBCells idx="1" type="struct" size="1 1">
      <data idx="1" type="double" size="1 9">48.99458978869908 77.41656735334738 60.21290494094411 55.2873087036301 68.69693358303539 51.03328775967496 34.86121673003802 65.84007604562736 73.27763358778623</data>
    </avgBCells>
  </features>
</root>
