<?xml version="1.0"?>
<!-- Written on 15-Jun-2010 21:44:20 using the XML Toolbox for Matlab -->
<root xml_tb_version="3.1" idx="1" type="struct" size="1 1">
  <filename idx="1" type="char" size="1 9">Bjork.jpg</filename>
  <features idx="1" type="struct" size="1 1">
    <numFaces idx="1" type="struct" size="1 1">
      <data idx="1" type="double" size="1 1">0</data>
    </numFaces>
    <cornerRatio idx="1" type="struct" size="1 1">
      <data idx="1" type="double" size="1 1">5.555555555555556e-05</data>
    </cornerRatio>
    <edgeRatio idx="1" type="struct" size="1 1">
      <data idx="1" type="double" size="1 1">0.01221666666666667</data>
    </edgeRatio>
    <gridEdgeRatio idx="1" type="struct" size="1 1">
      <data idx="1" type="double" size="1 9">0.009826489443330698 0.01311848716615932 0.0098507462686567 0.01482636568401775 0.01811836340684636 0.005 0.009850746268656613 0.008333333333333331 0.02070000000000002</data>
    </gridEdgeRatio>
    <medianHue idx="1" type="struct" size="1 1">
      <data idx="1" type="double" size="1 1">3</data>
    </medianHue>
    <avgSat idx="1" type="struct" size="1 1">
      <data idx="1" type="double" size="1 1">185.5566694444444</data>
    </avgSat>
    <avgInt idx="1" type="struct" size="1 1">
      <data idx="1" type="double" size="1 1">48.52215277777778</data>
    </avgInt>
    <medHueCells idx="1" type="struct" size="1 1">
      <data idx="1" type="double" size="1 9">9 8 3 5 4 2 3 3 2</data>
    </medHueCells>
    <avgSatCells idx="1" type="struct" size="1 1">
      <data idx="1" type="double" size="1 9">174.2263062795475 179.5445409767084 189.3751243781095 178.8354001138584 187.3284077126803 189.9415174129354 189.9520398009949 189.5260696517411 191.081225</data>
    </avgSatCells>
    <avgIntCells idx="1" type="struct" size="1 1">
      <data idx="1" type="double" size="1 9">30.27786440929682 29.78399049528479 58.08567164179106 42.28558699042104 40.2656864929086 62.35810945273629 56.187711442786 56.34577114427856 61.18502500000002</data>
    </avgIntCells>
    <cornerRatioGrid idx="1" type="struct" size="1 1">
      <data idx="1" type="double" size="1 9">1 8 1 3 4 0 1 0 2</data>
    </cornerRatioGrid>
    <avgR idx="1" type="struct" size="1 1">
      <data idx="1" type="double" size="1 1">48.49296666666667</data>
    </avgR>
    <avgG idx="1" type="struct" size="1 1">
      <data idx="1" type="double" size="1 1">17.38289444444445</data>
    </avgG>
    <avgB idx="1" type="struct" size="1 1">
      <data idx="1" type="double" size="1 1">12.87772500000001</data>
    </avgB>
    <avgRCells idx="1" type="struct" size="1 1">
      <data idx="1" type="double" size="1 9">30.24967203782084 29.76087225563726 58.05134328358211 42.24818692606618 40.25890448256231 62.33517412935321 56.1479104477613 56.32579601990044 61.13437500000003</data>
    </avgRCells>
    <avgGCells idx="1" type="struct" size="1 1">
      <data idx="1" type="double" size="1 9">14.73201158387169 13.61500952946709 19.09373134328359 17.06947847825549 14.67221108388406 19.77965174129353 19.03067164179104 19.23497512437813 19.1843</data>
    </avgGCells>
    <avgBCells idx="1" type="struct" size="1 1">
      <data idx="1" type="double" size="1 9">8.969654216479794 8.526249350263608 15.13713930348259 11.82445979059925 10.72547709215119 16.03664179104477 14.52606965174129 14.50350746268658 15.66595</data>
    </avgBCells>
  </features>
</root>
