<?xml version="1.0"?>
<!-- Written on 15-Jun-2010 21:44:21 using the XML Toolbox for Matlab -->
<root xml_tb_version="3.1" idx="1" type="struct" size="1 1">
  <filename idx="1" type="char" size="1 31">Blacklickorish_by_miss_mosh.jpg</filename>
  <features idx="1" type="struct" size="1 1">
    <numFaces idx="1" type="struct" size="1 1">
      <data idx="1" type="double" size="1 1">0</data>
    </numFaces>
    <cornerRatio idx="1" type="struct" size="1 1">
      <data idx="1" type="double" size="1 1">0.0001272358473169832</data>
    </cornerRatio>
    <edgeRatio idx="1" type="struct" size="1 1">
      <data idx="1" type="double" size="1 1">0.04614604462474645</data>
    </edgeRatio>
    <gridEdgeRatio idx="1" type="struct" size="1 1">
      <data idx="1" type="double" size="1 9">0.05842766881663815 0.1325358694221403 0.002973026840287002 0.008687639857838617 0.100302751085955 0.01232394366197184 0.01355798341450573 0.08574108200605503 0.000913499867127292</data>
    </gridEdgeRatio>
    <medianHue idx="1" type="struct" size="1 1">
      <data idx="1" type="double" size="1 1">115</data>
    </medianHue>
    <avgSat idx="1" type="struct" size="1 1">
      <data idx="1" type="double" size="1 1">43.64595611285262</data>
    </avgSat>
    <avgInt idx="1" type="struct" size="1 1">
      <data idx="1" type="double" size="1 1">113.1066088880693</data>
    </avgInt>
    <medHueCells idx="1" type="struct" size="1 1">
      <data idx="1" type="double" size="1 9">115 115 115 115 10 13 120 116 120</data>
    </medHueCells>
    <avgSatCells idx="1" type="struct" size="1 1">
      <data idx="1" type="double" size="1 9">33.10871067526656 37.27907397656969 40.24960510727919 41.82652691852049 83.57902790575228 60.97949848624457 30.51302152537869 33.49707680042521 31.52961400478343</data>
    </avgSatCells>
    <avgIntCells idx="1" type="struct" size="1 1">
      <data idx="1" type="double" size="1 9">106.6926253784388 113.7739239173358 105.7639199684086 134.142210741082 113.3685171778334 120.0337797814927 98.5462563114536 125.12863739038 100.8777238905129</data>
    </avgIntCells>
    <cornerRatioGrid idx="1" type="struct" size="1 1">
      <data idx="1" type="double" size="1 9">5 17 0 2 30 1 1 13 0</data>
    </cornerRatioGrid>
    <avgR idx="1" type="struct" size="1 1">
      <data idx="1" type="double" size="1 1">104.5702692236769</data>
    </avgR>
    <avgG idx="1" type="struct" size="1 1">
      <data idx="1" type="double" size="1 1">97.09110824267019</data>
    </avgG>
    <avgB idx="1" type="struct" size="1 1">
      <data idx="1" type="double" size="1 1">103.3398119122257</data>
    </avgB>
    <avgRCells idx="1" type="struct" size="1 1">
      <data idx="1" type="double" size="1 9">95.18964722916947 100.5283993681716 93.20462024483345 128.8642720810847 112.8997630643675 119.1568546794788 88.46078594206747 114.9018568960935 88.31150345469038</data>
    </avgRCells>
    <avgGCells idx="1" type="struct" size="1 1">
      <data idx="1" type="double" size="1 9">95.66072133736999 100.0813808082138 91.55056272212725 116.3384888771884 87.7902790575227 97.20086876398575 87.1023950305607 109.6386028434759 88.846847595004</data>
    </avgGCells>
    <avgBCells idx="1" type="struct" size="1 1">
      <data idx="1" type="double" size="1 9">105.4751875740423 110.2266684217454 101.8682868237462 119.0301763854154 82.32272607608267 96.04212189021987 96.57665094339623 118.0125564709008 100.8777238905129</data>
    </avgBCells>
  </features>
</root>
