<?xml version="1.0"?>
<!-- Written on 15-Jun-2010 21:44:21 using the XML Toolbox for Matlab -->
<root xml_tb_version="3.1" idx="1" type="struct" size="1 1">
  <filename idx="1" type="char" size="1 29">Blackwords_by_nyctopterus.jpg</filename>
  <features idx="1" type="struct" size="1 1">
    <numFaces idx="1" type="struct" size="1 1">
      <data idx="1" type="double" size="1 1">0</data>
    </numFaces>
    <cornerRatio idx="1" type="struct" size="1 1">
      <data idx="1" type="double" size="1 1">5.428571428571429e-05</data>
    </cornerRatio>
    <edgeRatio idx="1" type="struct" size="1 1">
      <data idx="1" type="double" size="1 1">0.01124714285714286</data>
    </edgeRatio>
    <gridEdgeRatio idx="1" type="struct" size="1 1">
      <data idx="1" type="double" size="1 9">0.007229131480628455 0.002994011976047902 0.007229131480628486 0.005181943804698286 0.03324120988791645 0.007088387327908286 0.01256461436102149 0.01530272787757814 0.01032550284047289</data>
    </gridEdgeRatio>
    <medianHue idx="1" type="struct" size="1 1">
      <data idx="1" type="double" size="1 1">18</data>
    </medianHue>
    <avgSat idx="1" type="struct" size="1 1">
      <data idx="1" type="double" size="1 1">107.1911114285714</data>
    </avgSat>
    <avgInt idx="1" type="struct" size="1 1">
      <data idx="1" type="double" size="1 1">91.04717142857146</data>
    </avgInt>
    <medHueCells idx="1" type="struct" size="1 1">
      <data idx="1" type="double" size="1 9">18 19 20 18 18 22 18 16 19</data>
    </medHueCells>
    <avgSatCells idx="1" type="struct" size="1 1">
      <data idx="1" type="double" size="1 9">116.8752239111521 109.8684426019755 88.82998106351404 115.663519115615 116.8954398894519 96.1742284661446 115.7546573519627 115.8257075592405 88.92953835917909</data>
    </avgSatCells>
    <avgIntCells idx="1" type="struct" size="1 1">
      <data idx="1" type="double" size="1 9">73.98190797891398 82.51366497773685 84.2030170428374 92.4113823634782 89.92640360305032 113.2064844669635 102.4579302932597 94.1487153897334 86.69105378985624</data>
    </avgIntCells>
    <cornerRatioGrid idx="1" type="struct" size="1 1">
      <data idx="1" type="double" size="1 9">1 0 1 5 14 5 4 5 3</data>
    </cornerRatioGrid>
    <avgR idx="1" type="struct" size="1 1">
      <data idx="1" type="double" size="1 1">91.0440000000001</data>
    </avgR>
    <avgG idx="1" type="struct" size="1 1">
      <data idx="1" type="double" size="1 1">73.57739428571426</data>
    </avgG>
    <avgB idx="1" type="struct" size="1 1">
      <data idx="1" type="double" size="1 1">50.31029571428578</data>
    </avgB>
    <avgRCells idx="1" type="struct" size="1 1">
      <data idx="1" type="double" size="1 9">73.97526741389021 82.5122447412867 84.20004862070732 92.40877219919136 89.92536721428938 113.2029402732996 102.4525948103793 94.14668099698045 86.68817493218693</data>
    </avgRCells>
    <avgGCells idx="1" type="struct" size="1 1">
      <data idx="1" type="double" size="1 9">60.80757715338552 69.65176058140132 69.85179640718563 76.10741337837142 70.2155944521214 85.72535697835099 83.8940836276166 74.88402681815852 71.17152873739705</data>
    </avgGCells>
    <avgBCells idx="1" type="struct" size="1 1">
      <data idx="1" type="double" size="1 9">40.08009621782075 46.85685040176057 50.12043860995957 50.3132708941092 47.70450125390246 59.10623624545777 55.85485439377656 51.15646911305593 51.6659501509801</data>
    </avgBCells>
  </features>
</root>
