<?xml version="1.0"?>
<!-- Written on 15-Jun-2010 21:44:21 using the XML Toolbox for Matlab -->
<root xml_tb_version="3.1" idx="1" type="struct" size="1 1">
  <filename idx="1" type="char" size="1 28">Black_Heart_by_miss_mosh.jpg</filename>
  <features idx="1" type="struct" size="1 1">
    <numFaces idx="1" type="struct" size="1 1">
      <data idx="1" type="double" size="1 1">1</data>
    </numFaces>
    <cornerRatio idx="1" type="struct" size="1 1">
      <data idx="1" type="double" size="1 1">0.0003013743997350555</data>
    </cornerRatio>
    <edgeRatio idx="1" type="struct" size="1 1">
      <data idx="1" type="double" size="1 1">0.07214439476734559</data>
    </edgeRatio>
    <gridEdgeRatio idx="1" type="struct" size="1 1">
      <data idx="1" type="double" size="1 9">0.0824562440870388 0.06992076631977298 0.05266369047619049 0.06346085619678338 0.07595198675496687 0.1108630952380952 0.05880439924314098 0.06972859508041628 0.06546130952380953</data>
    </gridEdgeRatio>
    <medianHue idx="1" type="struct" size="1 1">
      <data idx="1" type="double" size="1 1">14</data>
    </medianHue>
    <avgSat idx="1" type="struct" size="1 1">
      <data idx="1" type="double" size="1 1">58.13402550091079</data>
    </avgSat>
    <avgInt idx="1" type="struct" size="1 1">
      <data idx="1" type="double" size="1 1">167.843987415135</data>
    </avgInt>
    <medHueCells idx="1" type="struct" size="1 1">
      <data idx="1" type="double" size="1 9">10 137 9 12 124 7 122 137 141</data>
    </medHueCells>
    <avgSatCells idx="1" type="struct" size="1 1">
      <data idx="1" type="double" size="1 9">77.53871511352888 34.31576691106905 60.37622693945126 72.20074503311258 29.74948261589403 65.67936967833492 68.63788690476187 41.22770833333333 73.76357142857145</data>
    </avgSatCells>
    <avgIntCells idx="1" type="struct" size="1 1">
      <data idx="1" type="double" size="1 9">138.5784502128666 194.1569152081362 194.9724603831599 143.2576868495743 203.604526371807 185.4414616840113 142.7465327380953 174.7598511904762 133.2956994047618</data>
    </avgIntCells>
    <cornerRatioGrid idx="1" type="struct" size="1 1">
      <data idx="1" type="double" size="1 9">44 17 7 9 8 30 16 33 18</data>
    </cornerRatioGrid>
    <avgR idx="1" type="struct" size="1 1">
      <data idx="1" type="double" size="1 1">166.0728249710218</data>
    </avgR>
    <avgG idx="1" type="struct" size="1 1">
      <data idx="1" type="double" size="1 1">144.4281801622786</data>
    </avgG>
    <avgB idx="1" type="struct" size="1 1">
      <data idx="1" type="double" size="1 1">142.1515350223546</data>
    </avgB>
    <avgRCells idx="1" type="struct" size="1 1">
      <data idx="1" type="double" size="1 9">137.5466532639545 192.4211654446547 194.6655037842952 140.9200567644277 200.919169820246 185.0150041390729 139.3676636904761 172.152380952381 131.8714732142857</data>
    </avgRCells>
    <avgGCells idx="1" type="struct" size="1 1">
      <data idx="1" type="double" size="1 9">113.6288729895932 178.160078642384 169.3091591769159 120.1172244560076 186.7035832544939 150.9221854304635 119.5355654761905 155.2850297619047 106.1796130952381</data>
    </avgGCells>
    <avgBCells idx="1" type="struct" size="1 1">
      <data idx="1" type="double" size="1 9">106.2871186140018 178.6642916272469 160.9849662961211 114.6192792100284 187.1278234389782 145.57377897351 118.7121279761905 160.5130208333334 106.7464285714286</data>
    </avgBCells>
  </features>
</root>
