<?xml version="1.0"?>
<!-- Written on 15-Jun-2010 21:44:21 using the XML Toolbox for Matlab -->
<root xml_tb_version="3.1" idx="1" type="struct" size="1 1">
  <filename idx="1" type="char" size="1 29">Black_Beauty_by_miss_mosh.jpg</filename>
  <features idx="1" type="struct" size="1 1">
    <numFaces idx="1" type="struct" size="1 1">
      <data idx="1" type="double" size="1 1">1</data>
    </numFaces>
    <cornerRatio idx="1" type="struct" size="1 1">
      <data idx="1" type="double" size="1 1">0.0004946474713916574</data>
    </cornerRatio>
    <edgeRatio idx="1" type="struct" size="1 1">
      <data idx="1" type="double" size="1 1">0.06467515688445921</data>
    </edgeRatio>
    <gridEdgeRatio idx="1" type="struct" size="1 1">
      <data idx="1" type="double" size="1 9">0.06690569389164829 0.123005822176902 0.07019933554817281 0.04343607118186901 0.09757902700569063 0.1163787375415282 0.01531353135313534 0.01503300330033003 0.03501666666666668</data>
    </gridEdgeRatio>
    <medianHue idx="1" type="struct" size="1 1">
      <data idx="1" type="double" size="1 1">6</data>
    </medianHue>
    <avgSat idx="1" type="struct" size="1 1">
      <data idx="1" type="double" size="1 1">33.07565337763016</data>
    </avgSat>
    <avgInt idx="1" type="struct" size="1 1">
      <data idx="1" type="double" size="1 1">111.1191897379109</data>
    </avgInt>
    <medHueCells idx="1" type="struct" size="1 1">
      <data idx="1" type="double" size="1 9">131 131 5 115 5 4 120 120 0</data>
    </medHueCells>
    <avgSatCells idx="1" type="struct" size="1 1">
      <data idx="1" type="double" size="1 9">24.27921778888852 16.53524555113319 34.58202970297031 33.15532383803166 37.32819644090656 61.31701320132009 43.23976744186046 31.47129568106313 15.8933</data>
    </avgSatCells>
    <avgIntCells idx="1" type="struct" size="1 1">
      <data idx="1" type="double" size="1 9">150.3175224499194 190.9370250978587 155.762805280528 135.4995888293147 180.0033715996185 98.64529702970302 32.23204318936874 37.74024916943522 16.68071666666667</data>
    </avgIntCells>
    <cornerRatioGrid idx="1" type="struct" size="1 1">
      <data idx="1" type="double" size="1 9">6 66 60 24 38 63 3 4 4</data>
    </cornerRatioGrid>
    <avgR idx="1" type="struct" size="1 1">
      <data idx="1" type="double" size="1 1">109.8349944629015</data>
    </avgR>
    <avgG idx="1" type="struct" size="1 1">
      <data idx="1" type="double" size="1 1">100.6716777408637</data>
    </avgG>
    <avgB idx="1" type="struct" size="1 1">
      <data idx="1" type="double" size="1 1">101.1397600590625</data>
    </avgB>
    <avgRCells idx="1" type="struct" size="1 1">
      <data idx="1" type="double" size="1 9">148.7740041446004 190.2038913193644 155.6259075907591 134.0512483142001 179.6635965922173 98.58117161716179 28.84808970099667 34.60833887043189 15.87065</data>
    </avgRCells>
    <avgGCells idx="1" type="struct" size="1 1">
      <data idx="1" type="double" size="1 9">139.3818953323903 180.2451564093286 140.472805280528 124.4510871352916 160.9381105884675 80.343102310231 28.56656146179401 34.28873754152826 15.2663</data>
    </avgGCells>
    <avgBCells idx="1" type="struct" size="1 1">
      <data idx="1" type="double" size="1 9">140.5698496759975 181.3878655307391 138.075594059406 125.9385710996349 158.7801881517055 77.24932343234325 32.02574750830566 37.65558139534885 16.54855000000001</data>
    </avgBCells>
  </features>
</root>
