<?xml version="1.0"?>
<!-- Written on 15-Jun-2010 21:44:22 using the XML Toolbox for Matlab -->
<root xml_tb_version="3.1" idx="1" type="struct" size="1 1">
  <filename idx="1" type="char" size="1 33">Bleach__Ulquiorra_by_UdonNodu.jpg</filename>
  <features idx="1" type="struct" size="1 1">
    <numFaces idx="1" type="struct" size="1 1">
      <data idx="1" type="double" size="1 1">0</data>
    </numFaces>
    <cornerRatio idx="1" type="struct" size="1 1">
      <data idx="1" type="double" size="1 1">0.0002164502164502165</data>
    </cornerRatio>
    <edgeRatio idx="1" type="struct" size="1 1">
      <data idx="1" type="double" size="1 1">0.08865134865134865</data>
    </edgeRatio>
    <gridEdgeRatio idx="1" type="struct" size="1 1">
      <data idx="1" type="double" size="1 9">0.09957674314992206 0.112571471003193 0.1064029850746269 0.06838939630207166 0.1250018563896934 0.06402985074626867 0.07150434016105657 0.09421361660167635 0.05609609609609612</data>
    </gridEdgeRatio>
    <medianHue idx="1" type="struct" size="1 1">
      <data idx="1" type="double" size="1 1">75</data>
    </medianHue>
    <avgSat idx="1" type="struct" size="1 1">
      <data idx="1" type="double" size="1 1">17.93101898101897</data>
    </avgSat>
    <avgInt idx="1" type="struct" size="1 1">
      <data idx="1" type="double" size="1 1">141.1332034632033</data>
    </avgInt>
    <medHueCells idx="1" type="struct" size="1 1">
      <data idx="1" type="double" size="1 9">76 110 75 70 36 30 75 96 108</data>
    </medHueCells>
    <avgSatCells idx="1" type="struct" size="1 1">
      <data idx="1" type="double" size="1 9">26.53602138560927 7.941516299101512 10.61957479867928 28.69892329397788 13.45315214969926 19.53552059522208 23.92697014925374 17.93543283582089 12.61037537537537</data>
    </avgSatCells>
    <avgIntCells idx="1" type="struct" size="1 1">
      <data idx="1" type="double" size="1 9">100.7988267617139 196.2088067127052 188.0017480166734 128.8589143833073 139.2410336377812 140.2614106643956 135.8544776119403 104.0472089552239 137.3148798798799</data>
    </avgIntCells>
    <cornerRatioGrid idx="1" type="struct" size="1 1">
      <data idx="1" type="double" size="1 9">11 13 18 23 15 15 16 16 3</data>
    </cornerRatioGrid>
    <avgR idx="1" type="struct" size="1 1">
      <data idx="1" type="double" size="1 1">136.6946287046288</data>
    </avgR>
    <avgG idx="1" type="struct" size="1 1">
      <data idx="1" type="double" size="1 1">139.2679670329671</data>
    </avgG>
    <avgB idx="1" type="struct" size="1 1">
      <data idx="1" type="double" size="1 1">137.4691658341658</data>
    </avgB>
    <avgRCells idx="1" type="struct" size="1 1">
      <data idx="1" type="double" size="1 9">94.68946313210067 191.6741961832628 185.9481869929632 122.8456968886909 137.0544738991609 138.3122077301182 128.5193134328358 99.50305970149252 132.135975975976</data>
    </avgRCells>
    <avgGCells idx="1" type="struct" size="1 1">
      <data idx="1" type="double" size="1 9">100.2082423702384 193.0489938367862 186.2747374239911 127.0295091705651 137.4816959976239 138.1739052485321 134.9233880597014 102.1133134328358 134.5478378378378</data>
    </avgGCells>
    <avgBCells idx="1" type="struct" size="1 1">
      <data idx="1" type="double" size="1 9">98.62670230934876 196.0704091482883 183.4793748972854 121.8186827058737 134.88286923591 131.5886931707826 131.8102388059702 102.6528507462686 136.6566066066067</data>
    </avgBCells>
  </features>
</root>
