<?xml version="1.0"?>
<!-- Written on 15-Jun-2010 21:44:22 using the XML Toolbox for Matlab -->
<root xml_tb_version="3.1" idx="1" type="struct" size="1 1">
  <filename idx="1" type="char" size="1 27">Bloody_Mukuro_by_LALAax.jpg</filename>
  <features idx="1" type="struct" size="1 1">
    <numFaces idx="1" type="struct" size="1 1">
      <data idx="1" type="double" size="1 1">0</data>
    </numFaces>
    <cornerRatio idx="1" type="struct" size="1 1">
      <data idx="1" type="double" size="1 1">0.0002078137988362427</data>
    </cornerRatio>
    <edgeRatio idx="1" type="struct" size="1 1">
      <data idx="1" type="double" size="1 1">0.0864577063089403</data>
    </edgeRatio>
    <gridEdgeRatio idx="1" type="struct" size="1 1">
      <data idx="1" type="double" size="1 9">0.02957356076759061 0.08021321961620467 0.009006690684508491 0.1218336886993603 0.1697014925373134 0.05590581574884195 0.1279530916844349 0.1336247334754797 0.04925802024360957</data>
    </gridEdgeRatio>
    <medianHue idx="1" type="struct" size="1 1">
      <data idx="1" type="double" size="1 1">103</data>
    </medianHue>
    <avgSat idx="1" type="struct" size="1 1">
      <data idx="1" type="double" size="1 1">84.1214803030738</data>
    </avgSat>
    <avgInt idx="1" type="struct" size="1 1">
      <data idx="1" type="double" size="1 1">47.03223263679877</data>
    </avgInt>
    <medHueCells idx="1" type="struct" size="1 1">
      <data idx="1" type="double" size="1 9">102 98 103 111 98 109 102 100 96</data>
    </medHueCells>
    <avgSatCells idx="1" type="struct" size="1 1">
      <data idx="1" type="double" size="1 9">59.15714285714284 86.60055437100213 68.75240938166317 138.820959488273 105.6821748400853 90.99886993603413 76.68532338308457 70.62053954366094 60.30479070166403</data>
    </avgSatCells>
    <avgIntCells idx="1" type="struct" size="1 1">
      <data idx="1" type="double" size="1 9">44.70449893390189 60.96217484008528 43.64484008528785 36.12488272921109 109.9479744136461 49.32701492537314 24.43821839080459 34.6800694801853 18.72244381540572</data>
    </avgIntCells>
    <cornerRatioGrid idx="1" type="struct" size="1 1">
      <data idx="1" type="double" size="1 9">9 3 0 18 22 6 8 17 4</data>
    </cornerRatioGrid>
    <avgR idx="1" type="struct" size="1 1">
      <data idx="1" type="double" size="1 1">38.05709385539987</data>
    </avgR>
    <avgG idx="1" type="struct" size="1 1">
      <data idx="1" type="double" size="1 1">38.53391186784</data>
    </avgG>
    <avgB idx="1" type="struct" size="1 1">
      <data idx="1" type="double" size="1 1">42.66552488510521</data>
    </avgB>
    <avgRCells idx="1" type="struct" size="1 1">
      <data idx="1" type="double" size="1 9">35.6911513859275 54.72533049040513 35.22396588486141 18.72125799573561 99.831343283582 37.91654584221749 17.83959512780921 27.54417567335734 14.49088608680733</data>
    </avgRCells>
    <avgGCells idx="1" type="struct" size="1 1">
      <data idx="1" type="double" size="1 9">41.14324093816631 49.62982942430706 38.50213219616206 23.05319829424306 86.87814498933902 40.04127931769721 21.32190341396465 29.5262266254932 15.96652513295591</data>
    </avgGCells>
    <avgBCells idx="1" type="struct" size="1 1">
      <data idx="1" type="double" size="1 9">44.42051172707889 49.14275053304906 42.04782515991469 35.34130063965885 90.38234541577829 47.82814498933903 24.30326814204838 31.90081917996226 17.7664908217533</data>
    </avgBCells>
  </features>
</root>
