<?xml version="1.0"?>
<!-- Written on 15-Jun-2010 21:44:22 using the XML Toolbox for Matlab -->
<root xml_tb_version="3.1" idx="1" type="struct" size="1 1">
  <filename idx="1" type="char" size="1 43">Blue_coloured_Spell_by_Red_Priest_Usada.jpg</filename>
  <features idx="1" type="struct" size="1 1">
    <numFaces idx="1" type="struct" size="1 1">
      <data idx="1" type="double" size="1 1">0</data>
    </numFaces>
    <cornerRatio idx="1" type="struct" size="1 1">
      <data idx="1" type="double" size="1 1">0.0003224936945262712</data>
    </cornerRatio>
    <edgeRatio idx="1" type="struct" size="1 1">
      <data idx="1" type="double" size="1 1">0.05962764011629026</data>
    </edgeRatio>
    <gridEdgeRatio idx="1" type="struct" size="1 1">
      <data idx="1" type="double" size="1 9">0.1111493018259936 0.04012889366272827 0.04718693284936479 0.07914070891514498 0.09273899033297531 0.06263503586552585 0.02137486573576799 0.03810955961331901 0.04310344827586206</data>
    </gridEdgeRatio>
    <medianHue idx="1" type="struct" size="1 1">
      <data idx="1" type="double" size="1 1">107</data>
    </medianHue>
    <avgSat idx="1" type="struct" size="1 1">
      <data idx="1" type="double" size="1 1">163.9589783207223</data>
    </avgSat>
    <avgInt idx="1" type="struct" size="1 1">
      <data idx="1" type="double" size="1 1">113.2988241013497</data>
    </avgInt>
    <medHueCells idx="1" type="struct" size="1 1">
      <data idx="1" type="double" size="1 9">110 108 106 108 107 106 108 107 105</data>
    </medHueCells>
    <avgSatCells idx="1" type="struct" size="1 1">
      <data idx="1" type="double" size="1 9">153.5408592910849 157.408313641246 186.2118152524168 168.7073899033297 131.6324167561761 182.1199785177229 155.5603016161092 150.6332209834933 189.7460029383806</data>
    </avgSatCells>
    <avgIntCells idx="1" type="struct" size="1 1">
      <data idx="1" type="double" size="1 9">96.866723952739 130.9028786251342 105.4312996777658 94.0624919441461 138.5523952738991 130.8583888292158 66.11120473597788 135.3124189784807 121.6958344136202</data>
    </avgIntCells>
    <cornerRatioGrid idx="1" type="struct" size="1 1">
      <data idx="1" type="double" size="1 9">13 17 16 20 13 10 5 3 37</data>
    </cornerRatioGrid>
    <avgR idx="1" type="struct" size="1 1">
      <data idx="1" type="double" size="1 1">43.75358593734954</data>
    </avgR>
    <avgG idx="1" type="struct" size="1 1">
      <data idx="1" type="double" size="1 1">72.7465055160862</data>
    </avgG>
    <avgB idx="1" type="struct" size="1 1">
      <data idx="1" type="double" size="1 1">111.3788121642697</data>
    </avgB>
    <avgRCells idx="1" type="struct" size="1 1">
      <data idx="1" type="double" size="1 9">38.91445757250268 48.8616326530612 28.86711063372717 41.23518796992483 81.07712137486573 40.79153598281419 26.7581453634085 54.74870365569099 32.45912194278801</data>
    </avgRCells>
    <avgGCells idx="1" type="struct" size="1 1">
      <data idx="1" type="double" size="1 9">59.62502685284641 82.80212674543499 64.54098818474756 57.01626208378088 99.23896885069817 80.93514500537056 41.46968714890676 92.68269812462188 76.43120732866645</data>
    </avgGCells>
    <avgBCells idx="1" type="struct" size="1 1">
      <data idx="1" type="double" size="1 9">96.61026852846399 130.9028786251342 105.4312996777658 87.32687432867887 129.7170139634802 130.1078410311492 66.04247688185981 134.7434102497623 121.6958344136202</data>
    </avgBCells>
  </features>
</root>
