<?xml version="1.0"?>
<!-- Written on 15-Jun-2010 21:47:21 using the XML Toolbox for Matlab -->
<root xml_tb_version="3.1" idx="1" type="struct" size="1 1">
  <filename idx="1" type="char" size="1 24">blue_train_by_erroid.jpg</filename>
  <features idx="1" type="struct" size="1 1">
    <numFaces idx="1" type="struct" size="1 1">
      <data idx="1" type="double" size="1 1">0</data>
    </numFaces>
    <cornerRatio idx="1" type="struct" size="1 1">
      <data idx="1" type="double" size="1 1">0.0002241161616161616</data>
    </cornerRatio>
    <edgeRatio idx="1" type="struct" size="1 1">
      <data idx="1" type="double" size="1 1">0.07621212121212122</data>
    </edgeRatio>
    <gridEdgeRatio idx="1" type="struct" size="1 1">
      <data idx="1" type="double" size="1 9">0.02115842742560718 0.05883762563256773 0.04128959276018092 0.0620938526381076 0.1498146346964384 0.06637443438914013 0.0557915604644577 0.1479325969980176 0.08413352272727284</data>
    </gridEdgeRatio>
    <medianHue idx="1" type="struct" size="1 1">
      <data idx="1" type="double" size="1 1">0</data>
    </medianHue>
    <avgSat idx="1" type="struct" size="1 1">
      <data idx="1" type="double" size="1 1">48.01985479797986</data>
    </avgSat>
    <avgInt idx="1" type="struct" size="1 1">
      <data idx="1" type="double" size="1 1">101.8382244318181</data>
    </avgInt>
    <medHueCells idx="1" type="struct" size="1 1">
      <data idx="1" type="double" size="1 9">0 0 0 0 79 83 0 92 0</data>
    </medHueCells>
    <avgSatCells idx="1" type="struct" size="1 1">
      <data idx="1" type="double" size="1 9">39.55137367671728 48.57667639305897 57.94334466156895 30.94918312400446 64.15910404420578 32.39280657037666 17.90824377828055 99.3599971719457 41.35007102272728</data>
    </avgSatCells>
    <avgIntCells idx="1" type="struct" size="1 1">
      <data idx="1" type="double" size="1 9">86.23616808333676 81.19882719442919 94.44071084678563 66.23419461242439 90.27487630566242 195.1288020390824 84.57405260180994 121.4701640271493 97.08779829545458</data>
    </avgIntCells>
    <cornerRatioGrid idx="1" type="struct" size="1 1">
      <data idx="1" type="double" size="1 9">3 26 14 13 57 13 8 4 4</data>
    </cornerRatioGrid>
    <avgR idx="1" type="struct" size="1 1">
      <data idx="1" type="double" size="1 1">84.53695864898988</data>
    </avgR>
    <avgG idx="1" type="struct" size="1 1">
      <data idx="1" type="double" size="1 1">100.4736174242424</data>
    </avgG>
    <avgB idx="1" type="struct" size="1 1">
      <data idx="1" type="double" size="1 1">100.3867582070707</data>
    </avgB>
    <avgRCells idx="1" type="struct" size="1 1">
      <data idx="1" type="double" size="1 9">71.26541774150337 64.34706305239574 77.90206740300206 62.24478087424757 71.76930125033483 173.7920985556498 81.93867364253397 71.04555995475114 86.67667613636362</data>
    </avgRCells>
    <avgGCells idx="1" type="struct" size="1 1">
      <data idx="1" type="double" size="1 9">84.80163798085714 80.05135253238606 93.7586519399603 65.83996560522127 89.35208130700164 195.1202350608893 84.32162047511312 114.1052036199095 97.03292613636366</data>
    </avgGCells>
    <avgBCells idx="1" type="struct" size="1 1">
      <data idx="1" type="double" size="1 9">86.1894391113741 80.56009923739438 93.32041914471826 65.50991669133509 87.41276553755935 190.5612574341546 84.08110859728508 120.7776300904977 95.11576704545455</data>
    </avgBCells>
  </features>
</root>
