<?xml version="1.0"?>
<!-- Written on 15-Jun-2010 21:44:22 using the XML Toolbox for Matlab -->
<root xml_tb_version="3.1" idx="1" type="struct" size="1 1">
  <filename idx="1" type="char" size="1 29">Blue_assassin_by_UdonNodu.jpg</filename>
  <features idx="1" type="struct" size="1 1">
    <numFaces idx="1" type="struct" size="1 1">
      <data idx="1" type="double" size="1 1">1</data>
    </numFaces>
    <cornerRatio idx="1" type="struct" size="1 1">
      <data idx="1" type="double" size="1 1">0.0001629690495754588</data>
    </cornerRatio>
    <edgeRatio idx="1" type="struct" size="1 1">
      <data idx="1" type="double" size="1 1">0.05942892358258012</data>
    </edgeRatio>
    <gridEdgeRatio idx="1" type="struct" size="1 1">
      <data idx="1" type="double" size="1 9">0.05129145427652889 0.1418216045081718 0.06700245700245698 0.08433263657144258 0.04851663060618286 0.05680589680589681 0.03169338492721582 0.02062526871813769 0.03165432098765431</data>
    </gridEdgeRatio>
    <medianHue idx="1" type="struct" size="1 1">
      <data idx="1" type="double" size="1 1">122</data>
    </medianHue>
    <avgSat idx="1" type="struct" size="1 1">
      <data idx="1" type="double" size="1 1">122.3398342919747</data>
    </avgSat>
    <avgInt idx="1" type="struct" size="1 1">
      <data idx="1" type="double" size="1 1">128.3537332237743</data>
    </avgInt>
    <medHueCells idx="1" type="struct" size="1 1">
      <data idx="1" type="double" size="1 9">0 110 125 114 127 125 116 107 126</data>
    </medHueCells>
    <avgSatCells idx="1" type="struct" size="1 1">
      <data idx="1" type="double" size="1 9">41.84451208331804 102.726160353026 181.6485596707819 123.804588849365 178.2286845868935 183.4362631288005 62.78127764127765 68.98869778869778 159.0391234567902</data>
    </avgSatCells>
    <avgIntCells idx="1" type="struct" size="1 1">
      <data idx="1" type="double" size="1 9">214.9173542606379 152.829219993399 55.67809102634975 139.3011233757503 82.56995122666758 53.27006940605607 196.1267813267812 178.4367567567568 80.49590123456795</data>
    </avgIntCells>
    <cornerRatioGrid idx="1" type="struct" size="1 1">
      <data idx="1" type="double" size="1 9">11 37 10 42 2 6 6 0 5</data>
    </cornerRatioGrid>
    <avgR idx="1" type="struct" size="1 1">
      <data idx="1" type="double" size="1 1">100.2026184606957</data>
    </avgR>
    <avgG idx="1" type="struct" size="1 1">
      <data idx="1" type="double" size="1 1">100.804083812654</data>
    </avgG>
    <avgB idx="1" type="struct" size="1 1">
      <data idx="1" type="double" size="1 1">127.5566242125444</data>
    </avgB>
    <avgRCells idx="1" type="struct" size="1 1">
      <data idx="1" type="double" size="1 9">195.3960296796118 120.4863031280941 27.66970087832441 100.2535235371057 44.38719180510225 24.62857318346537 166.2182186732186 160.8866216216216 60.40150617283953</data>
    </avgRCells>
    <avgGCells idx="1" type="struct" size="1 1">
      <data idx="1" type="double" size="1 9">200.4238512596721 129.5810138496706 24.15559240832872 103.2950481010182 44.28903394575037 19.09135802469137 167.7526167076166 161.1985257985257 55.8593086419753</data>
    </avgGCells>
    <avgBCells idx="1" type="struct" size="1 1">
      <data idx="1" type="double" size="1 9">214.8097473321354 152.6314618553426 55.63297094773047 132.8238903761292 82.53094478467612 53.24734352926722 196.033243243243 178.3304176904177 80.46438271604937</data>
    </avgBCells>
  </features>
</root>
