<?xml version="1.0"?>
<!-- Written on 15-Jun-2010 21:44:22 using the XML Toolbox for Matlab -->
<root xml_tb_version="3.1" idx="1" type="struct" size="1 1">
  <filename idx="1" type="char" size="1 37">Blue_winged_macaw_by_Mallimaakari.jpg</filename>
  <features idx="1" type="struct" size="1 1">
    <numFaces idx="1" type="struct" size="1 1">
      <data idx="1" type="double" size="1 1">1</data>
    </numFaces>
    <cornerRatio idx="1" type="struct" size="1 1">
      <data idx="1" type="double" size="1 1">0.0001465020576131687</data>
    </cornerRatio>
    <edgeRatio idx="1" type="struct" size="1 1">
      <data idx="1" type="double" size="1 1">0.1023736625514403</data>
    </edgeRatio>
    <gridEdgeRatio idx="1" type="struct" size="1 1">
      <data idx="1" type="double" size="1 9">0.2331020492164761 0.1239673066180577 0.00172566371681416 0.1340369858583482 0.09533119689530477 0.03190265486725662 0.004134366925064599 0.2620745662606128 0.03551111111111111</data>
    </gridEdgeRatio>
    <medianHue idx="1" type="struct" size="1 1">
      <data idx="1" type="double" size="1 1">24</data>
    </medianHue>
    <avgSat idx="1" type="struct" size="1 1">
      <data idx="1" type="double" size="1 1">49.89454814814804</data>
    </avgSat>
    <avgInt idx="1" type="struct" size="1 1">
      <data idx="1" type="double" size="1 1">99.10059259259263</data>
    </avgInt>
    <medHueCells idx="1" type="struct" size="1 1">
      <data idx="1" type="double" size="1 9">24 24 22 30 38 22 0 0 21</data>
    </medHueCells>
    <avgSatCells idx="1" type="struct" size="1 1">
      <data idx="1" type="double" size="1 9">37.94227207244289 56.50940816746539 33.35802141011444 66.01314203392818 96.76972040102316 41.54423034330011 19.02328908554572 42.61800884955753 55.69451851851851</data>
    </avgSatCells>
    <avgIntCells idx="1" type="struct" size="1 1">
      <data idx="1" type="double" size="1 9">143.1305530238438 166.8434863140564 208.3439940937615 72.46502807749974 93.47940493340774 144.176493170912 7.187817109144548 15.21874631268435 40.77517037037034</data>
    </avgIntCells>
    <cornerRatioGrid idx="1" type="struct" size="1 1">
      <data idx="1" type="double" size="1 9">12 14 0 10 46 4 0 3 0</data>
    </cornerRatioGrid>
    <avgR idx="1" type="struct" size="1 1">
      <data idx="1" type="double" size="1 1">96.58610041152266</data>
    </avgR>
    <avgG idx="1" type="struct" size="1 1">
      <data idx="1" type="double" size="1 1">95.82573662551448</data>
    </avgG>
    <avgB idx="1" type="struct" size="1 1">
      <data idx="1" type="double" size="1 1">81.81470781893006</data>
    </avgB>
    <avgRCells idx="1" type="struct" size="1 1">
      <data idx="1" type="double" size="1 9">142.7511539705406 162.216461353012 208.3366408268734 68.89358480580961 82.62924470055565 144.1618899963086 6.733023598820058 13.14364306784661 40.0531555555556</data>
    </avgRCells>
    <avgGCells idx="1" type="struct" size="1 1">
      <data idx="1" type="double" size="1 9">138.7356010936995 162.2409078881603 201.2236249538578 70.30259018610532 91.78788992444072 138.8792912513843 7.066224188790565 13.64091445427728 38.28231111111111</data>
    </avgGCells>
    <avgBCells idx="1" type="struct" size="1 1">
      <data idx="1" type="double" size="1 9">123.1990856437245 138.3844559433159 180.7649317091178 59.10074089318787 62.95532590480114 122.5448209671465 6.358421828908556 12.36106194690266 30.40942222222222</data>
    </avgBCells>
  </features>
</root>
