<?xml version="1.0"?>
<!-- Written on 15-Jun-2010 21:44:22 using the XML Toolbox for Matlab -->
<root xml_tb_version="3.1" idx="1" type="struct" size="1 1">
  <filename idx="1" type="char" size="1 43">Bond_girl_Izabella_scorupco_by_Swezzels.jpg</filename>
  <features idx="1" type="struct" size="1 1">
    <numFaces idx="1" type="struct" size="1 1">
      <data idx="1" type="double" size="1 1">0</data>
    </numFaces>
    <cornerRatio idx="1" type="struct" size="1 1">
      <data idx="1" type="double" size="1 1">9.7119341563786e-05</data>
    </cornerRatio>
    <edgeRatio idx="1" type="struct" size="1 1">
      <data idx="1" type="double" size="1 1">0.02635390946502058</data>
    </edgeRatio>
    <gridEdgeRatio idx="1" type="struct" size="1 1">
      <data idx="1" type="double" size="1 9">0 0.08246846793872926 0 0 0.05713991709052421 0.008775811209439531 0.005359911406423035 0.04636397194536728 0.03712592592592588</data>
    </gridEdgeRatio>
    <medianHue idx="1" type="struct" size="1 1">
      <data idx="1" type="double" size="1 1">0</data>
    </medianHue>
    <avgSat idx="1" type="struct" size="1 1">
      <data idx="1" type="double" size="1 1">21.60244938271603</data>
    </avgSat>
    <avgInt idx="1" type="struct" size="1 1">
      <data idx="1" type="double" size="1 1">193.3186288065842</data>
    </avgInt>
    <medHueCells idx="1" type="struct" size="1 1">
      <data idx="1" type="double" size="1 9">0 0 0 11 12 12 0 0 0</data>
    </medHueCells>
    <avgSatCells idx="1" type="struct" size="1 1">
      <data idx="1" type="double" size="1 9">0 0.003087054949578102 6.183787375415283 48.1467380119366 69.12996501337719 48.15269102990036 0 7.483112094395278 15.40484444444445</data>
    </avgSatCells>
    <avgIntCells idx="1" type="struct" size="1 1">
      <data idx="1" type="double" size="1 9">191 191.0338694028754 192.29907715024 198.350909946197 199.7398935701055 202.354610557401 191.0221681415929 191.2557079646018 182.8192444444445</data>
    </avgIntCells>
    <cornerRatioGrid idx="1" type="struct" size="1 1">
      <data idx="1" type="double" size="1 9">0 13 0 0 4 0 0 1 41</data>
    </cornerRatioGrid>
    <avgR idx="1" type="struct" size="1 1">
      <data idx="1" type="double" size="1 1">193.2581020576132</data>
    </avgR>
    <avgG idx="1" type="struct" size="1 1">
      <data idx="1" type="double" size="1 1">183.920683127572</data>
    </avgG>
    <avgB idx="1" type="struct" size="1 1">
      <data idx="1" type="double" size="1 1">177.0867489711933</data>
    </avgB>
    <avgRCells idx="1" type="struct" size="1 1">
      <data idx="1" type="double" size="1 9">191 191.0321053714756 192.2638021410114 198.2334107547114 199.6201158380618 202.2585160575857 191.0221681415929 191.2275221238938 182.6714962962963</data>
    </avgRCells>
    <avgGCells idx="1" type="struct" size="1 1">
      <data idx="1" type="double" size="1 9">191 191.0330167876988 189.2867478774455 179.6410931114573 168.8273895275335 177.7759173126616 191.0221681415929 188.0213716814159 178.6264592592593</data>
    </avgGCells>
    <avgBCells idx="1" type="struct" size="1 1">
      <data idx="1" type="double" size="1 9">191 191.0328697850822 187.3272203765227 161.2633992885073 146.0233734160468 163.3759025470652 191.0221681415929 185.61197640118 177.0592000000001</data>
    </avgBCells>
  </features>
</root>
