<?xml version="1.0"?>
<!-- Written on 15-Jun-2010 21:44:23 using the XML Toolbox for Matlab -->
<root xml_tb_version="3.1" idx="1" type="struct" size="1 1">
  <filename idx="1" type="char" size="1 33">Bored_in_the_Museum_by_woekan.jpg</filename>
  <features idx="1" type="struct" size="1 1">
    <numFaces idx="1" type="struct" size="1 1">
      <data idx="1" type="double" size="1 1">1</data>
    </numFaces>
    <cornerRatio idx="1" type="struct" size="1 1">
      <data idx="1" type="double" size="1 1">7.057546145494028e-05</data>
    </cornerRatio>
    <edgeRatio idx="1" type="struct" size="1 1">
      <data idx="1" type="double" size="1 1">0.02941549040897575</data>
    </edgeRatio>
    <gridEdgeRatio idx="1" type="struct" size="1 1">
      <data idx="1" type="double" size="1 9">0.02053027126407138 0.02273973486436802 0.04635922330097105 0.01412766506467118 0.02419120730251916 0.06067961165048549 0.01527587779297762 0.01449416976092759 0.04633986928104582</data>
    </gridEdgeRatio>
    <medianHue idx="1" type="struct" size="1 1">
      <data idx="1" type="double" size="1 1">0</data>
    </medianHue>
    <avgSat idx="1" type="struct" size="1 1">
      <data idx="1" type="double" size="1 1">0</data>
    </avgSat>
    <avgInt idx="1" type="struct" size="1 1">
      <data idx="1" type="double" size="1 1">82.21632826637703</data>
    </avgInt>
    <medHueCells idx="1" type="struct" size="1 1">
      <data idx="1" type="double" size="1 9">0 0 0 0 0 0 0 0 0</data>
    </medHueCells>
    <avgSatCells idx="1" type="struct" size="1 1">
      <data idx="1" type="double" size="1 9">0 0 0 0 0 0 0 0 0</data>
    </avgSatCells>
    <avgIntCells idx="1" type="struct" size="1 1">
      <data idx="1" type="double" size="1 9">129.3974131535657 95.1525497532497 27.40528304344993 163.9861142470084 86.54417314453445 23.13500749136863 24.25558252427185 105.7182200647248 82.62480392156861</data>
    </avgIntCells>
    <cornerRatioGrid idx="1" type="struct" size="1 1">
      <data idx="1" type="double" size="1 9">1 5 2 0 4 11 1 0 15</data>
    </cornerRatioGrid>
    <avgR idx="1" type="struct" size="1 1">
      <data idx="1" type="double" size="1 1">82.21632826637703</data>
    </avgR>
    <avgG idx="1" type="struct" size="1 1">
      <data idx="1" type="double" size="1 1">82.21632826637703</data>
    </avgG>
    <avgB idx="1" type="struct" size="1 1">
      <data idx="1" type="double" size="1 1">82.21632826637703</data>
    </avgB>
    <avgRCells idx="1" type="struct" size="1 1">
      <data idx="1" type="double" size="1 9">129.3974131535657 95.1525497532497 27.40528304344993 163.9861142470084 86.54417314453445 23.13500749136863 24.25558252427185 105.7182200647248 82.62480392156861</data>
    </avgRCells>
    <avgGCells idx="1" type="struct" size="1 1">
      <data idx="1" type="double" size="1 9">129.3974131535657 95.1525497532497 27.40528304344993 163.9861142470084 86.54417314453445 23.13500749136863 24.25558252427185 105.7182200647248 82.62480392156861</data>
    </avgGCells>
    <avgBCells idx="1" type="struct" size="1 1">
      <data idx="1" type="double" size="1 9">129.3974131535657 95.1525497532497 27.40528304344993 163.9861142470084 86.54417314453445 23.13500749136863 24.25558252427185 105.7182200647248 82.62480392156861</data>
    </avgBCells>
  </features>
</root>
