<?xml version="1.0"?>
<!-- Written on 15-Jun-2010 21:44:23 using the XML Toolbox for Matlab -->
<root xml_tb_version="3.1" idx="1" type="struct" size="1 1">
  <filename idx="1" type="char" size="1 21">Boss_27_by_LALAax.jpg</filename>
  <features idx="1" type="struct" size="1 1">
    <numFaces idx="1" type="struct" size="1 1">
      <data idx="1" type="double" size="1 1">1</data>
    </numFaces>
    <cornerRatio idx="1" type="struct" size="1 1">
      <data idx="1" type="double" size="1 1">0.000881259355835627</data>
    </cornerRatio>
    <edgeRatio idx="1" type="struct" size="1 1">
      <data idx="1" type="double" size="1 1">0.1587142063836979</data>
    </edgeRatio>
    <gridEdgeRatio idx="1" type="struct" size="1 1">
      <data idx="1" type="double" size="1 9">0.09806086722326961 0.1327767304066793 0.1293411230120091 0.1882305413412336 0.2184217613789387 0.2144595910418697 0.1275518448693778 0.1144626986264476 0.2057773450178511</data>
    </gridEdgeRatio>
    <medianHue idx="1" type="struct" size="1 1">
      <data idx="1" type="double" size="1 1">35</data>
    </medianHue>
    <avgSat idx="1" type="struct" size="1 1">
      <data idx="1" type="double" size="1 1">56.40139854652563</data>
    </avgSat>
    <avgInt idx="1" type="struct" size="1 1">
      <data idx="1" type="double" size="1 1">100.0198283355064</data>
    </avgInt>
    <medHueCells idx="1" type="struct" size="1 1">
      <data idx="1" type="double" size="1 9">51 35 30 55 34 25 36 35 30</data>
    </medHueCells>
    <avgSatCells idx="1" type="struct" size="1 1">
      <data idx="1" type="double" size="1 9">23.57506059789928 53.230164287638 62.70667923511986 34.77710746027472 56.3699434419607 98.43116078642613 30.63813155901764 72.42889213458837 76.21456778102353</data>
    </avgSatCells>
    <avgIntCells idx="1" type="struct" size="1 1">
      <data idx="1" type="double" size="1 9">176.1403716671156 90.40770266630754 67.87901966065175 158.4380016159439 107.3847831941826 48.5808510638298 143.6355890944498 59.46102455912584 47.27253056366978</data>
    </avgIntCells>
    <cornerRatioGrid idx="1" type="struct" size="1 1">
      <data idx="1" type="double" size="1 9">17 21 28 52 57 32 13 30 42</data>
    </cornerRatioGrid>
    <avgR idx="1" type="struct" size="1 1">
      <data idx="1" type="double" size="1 1">97.57554988169396</data>
    </avgR>
    <avgG idx="1" type="struct" size="1 1">
      <data idx="1" type="double" size="1 1">97.27327188661933</data>
    </avgG>
    <avgB idx="1" type="struct" size="1 1">
      <data idx="1" type="double" size="1 1">90.23238386691777</data>
    </avgB>
    <avgRCells idx="1" type="struct" size="1 1">
      <data idx="1" type="double" size="1 9">171.9820091570159 88.61303528144359 65.17481820630222 154.5181255049825 105.5607864260706 47.35480743334231 140.8835875797901 57.42632262252516 45.72181650979119</data>
    </avgRCells>
    <avgGCells idx="1" type="struct" size="1 1">
      <data idx="1" type="double" size="1 9">173.1541341233505 87.46409911123081 65.58855373013735 152.0807433342312 105.1949905736602 45.37277134392675 141.1577680406794 58.75965595585848 45.67524072270904</data>
    </avgGCells>
    <avgBCells idx="1" type="struct" size="1 1">
      <data idx="1" type="double" size="1 9">167.0583355776999 77.91090762186913 60.47083221115003 145.4831133854027 97.3426609210881 39.5001077295987 131.8711727794007 50.76914962674456 40.61289624580762</data>
    </avgBCells>
  </features>
</root>
