<?xml version="1.0"?>
<!-- Written on 15-Jun-2010 21:44:23 using the XML Toolbox for Matlab -->
<root xml_tb_version="3.1" idx="1" type="struct" size="1 1">
  <filename idx="1" type="char" size="1 40">Boulengerula_taitana_by_Mallimaakari.jpg</filename>
  <features idx="1" type="struct" size="1 1">
    <numFaces idx="1" type="struct" size="1 1">
      <data idx="1" type="double" size="1 1">1</data>
    </numFaces>
    <cornerRatio idx="1" type="struct" size="1 1">
      <data idx="1" type="double" size="1 1">0.001359670781893004</data>
    </cornerRatio>
    <edgeRatio idx="1" type="struct" size="1 1">
      <data idx="1" type="double" size="1 1">0.1819111111111111</data>
    </edgeRatio>
    <gridEdgeRatio idx="1" type="struct" size="1 1">
      <data idx="1" type="double" size="1 9">0.2134919001558227 0.2074206920883192 0.1265339233038348 0.1806515155969776 0.21768147473025 0.1862831858407079 0.1557918050941307 0.2050941306755261 0.1452000000000001</data>
    </gridEdgeRatio>
    <medianHue idx="1" type="struct" size="1 1">
      <data idx="1" type="double" size="1 1">30</data>
    </medianHue>
    <avgSat idx="1" type="struct" size="1 1">
      <data idx="1" type="double" size="1 1">37.30710288065845</data>
    </avgSat>
    <avgInt idx="1" type="struct" size="1 1">
      <data idx="1" type="double" size="1 1">147.40089218107</data>
    </avgInt>
    <medHueCells idx="1" type="struct" size="1 1">
      <data idx="1" type="double" size="1 9">30 30 25 30 101 30 96 30 25</data>
    </medHueCells>
    <avgSatCells idx="1" type="struct" size="1 1">
      <data idx="1" type="double" size="1 9">32.40740305177432 17.08637873754152 19.12070874861572 42.2254432128892 52.06030047334843 47.56953857511996 40.01151917404133 52.25656342182891 33.30277037037037</data>
    </avgSatCells>
    <avgIntCells idx="1" type="struct" size="1 1">
      <data idx="1" type="double" size="1 9">150.4635580513333 159.3221562343809 159.707803617571 151.3889689236468 160.9617058183634 143.8508379475821 144.9310619469026 137.5996460176991 118.2070518518518</data>
    </avgIntCells>
    <cornerRatioGrid idx="1" type="struct" size="1 1">
      <data idx="1" type="double" size="1 9">155 97 45 103 102 88 80 83 73</data>
    </cornerRatioGrid>
    <avgR idx="1" type="struct" size="1 1">
      <data idx="1" type="double" size="1 1">134.334148148148</data>
    </avgR>
    <avgG idx="1" type="struct" size="1 1">
      <data idx="1" type="double" size="1 1">137.9552674897119</data>
    </avgG>
    <avgB idx="1" type="struct" size="1 1">
      <data idx="1" type="double" size="1 1">139.5467160493826</data>
    </avgB>
    <avgRCells idx="1" type="struct" size="1 1">
      <data idx="1" type="double" size="1 9">139.6865904213095 156.473480727957 157.4655149501661 133.4996618939818 136.7110663569813 122.7503137689185 129.5869616519173 120.0616076696165 112.5114370370371</data>
    </avgRCells>
    <avgGCells idx="1" type="struct" size="1 1">
      <data idx="1" type="double" size="1 9">142.2733807661776 154.383309322906 154.0889774824659 140.9556934113428 144.1850027930496 130.9477740863787 135.9826401179941 125.3678908554572 113.1716444444444</data>
    </avgGCells>
    <avgBCells idx="1" type="struct" size="1 1">
      <data idx="1" type="double" size="1 9">141.6334342751301 152.1261429453445 150.9106829088224 144.0500690912298 153.5244759356717 137.1982428940568 139.4700294985252 127.9465634218289 108.8631111111111</data>
    </avgBCells>
  </features>
</root>
