<?xml version="1.0"?>
<!-- Written on 15-Jun-2010 21:44:23 using the XML Toolbox for Matlab -->
<root xml_tb_version="3.1" idx="1" type="struct" size="1 1">
  <filename idx="1" type="char" size="1 23">Bowhead_by_Craniata.jpg</filename>
  <features idx="1" type="struct" size="1 1">
    <numFaces idx="1" type="struct" size="1 1">
      <data idx="1" type="double" size="1 1">1</data>
    </numFaces>
    <cornerRatio idx="1" type="struct" size="1 1">
      <data idx="1" type="double" size="1 1">0.0006165311653116532</data>
    </cornerRatio>
    <edgeRatio idx="1" type="struct" size="1 1">
      <data idx="1" type="double" size="1 1">0.05493766937669377</data>
    </edgeRatio>
    <gridEdgeRatio idx="1" type="struct" size="1 1">
      <data idx="1" type="double" size="1 9">0.02469869292140554 0.08508135897373705 0.0265571776155719 0.07528433203191298 0.06285617285447535 0.0874330900243309 0.02988820719256978 0.05873366151756913 0.04475669099756691</data>
    </gridEdgeRatio>
    <medianHue idx="1" type="struct" size="1 1">
      <data idx="1" type="double" size="1 1">102</data>
    </medianHue>
    <avgSat idx="1" type="struct" size="1 1">
      <data idx="1" type="double" size="1 1">84.89713821138207</data>
    </avgSat>
    <avgInt idx="1" type="struct" size="1 1">
      <data idx="1" type="double" size="1 1">129.6965216802168</data>
    </avgInt>
    <medHueCells idx="1" type="struct" size="1 1">
      <data idx="1" type="double" size="1 9">108 102 106 76 98 102 0 90 118</data>
    </medHueCells>
    <avgSatCells idx="1" type="struct" size="1 1">
      <data idx="1" type="double" size="1 9">124.2520309430852 110.322659262313 116.057193782283 56.39138395130589 66.45116036569101 91.73430414433633 18.81350364963505 83.60473236009736 96.29903892944031</data>
    </avgSatCells>
    <avgIntCells idx="1" type="struct" size="1 1">
      <data idx="1" type="double" size="1 9">72.08868249387685 108.3795620437957 69.07475083056478 185.5769697116667 167.8872493149357 121.2022819312752 233.7258637469587 145.5544282238442 64.43169099756692</data>
    </avgIntCells>
    <cornerRatioGrid idx="1" type="struct" size="1 1">
      <data idx="1" type="double" size="1 9">16 62 37 39 43 97 38 72 51</data>
    </cornerRatioGrid>
    <avgR idx="1" type="struct" size="1 1">
      <data idx="1" type="double" size="1 1">106.9042235772357</data>
    </avgR>
    <avgG idx="1" type="struct" size="1 1">
      <data idx="1" type="double" size="1 1">118.1683292682927</data>
    </avgG>
    <avgB idx="1" type="struct" size="1 1">
      <data idx="1" type="double" size="1 1">119.842201897019</data>
    </avgB>
    <avgRCells idx="1" type="struct" size="1 1">
      <data idx="1" type="double" size="1 9">40.02195843538569 74.24282804277715 45.36525450444988 160.3966462157771 138.2195722288237 97.53654485049827 230.0025182481752 122.4725669099756 54.47880778588807</data>
    </avgRCells>
    <avgGCells idx="1" type="struct" size="1 1">
      <data idx="1" type="double" size="1 9">52.69999029997333 92.72135460872522 55.65150229163133 178.7857142857143 155.640420011155 110.4162038945607 231.7258272506084 133.7794768856448 52.71237226277373</data>
    </avgGCells>
    <avgBCells idx="1" type="struct" size="1 1">
      <data idx="1" type="double" size="1 9">70.39114145063901 98.48272182748501 65.31900962727647 169.0432984940709 164.293571307321 108.5535198971798 227.1721167883213 124.4693065693431 51.41944038929444</data>
    </avgBCells>
  </features>
</root>
