<?xml version="1.0"?>
<!-- Written on 15-Jun-2010 21:44:24 using the XML Toolbox for Matlab -->
<root xml_tb_version="3.1" idx="1" type="struct" size="1 1">
  <filename idx="1" type="char" size="1 26">Braindanger_by_K1lgore.jpg</filename>
  <features idx="1" type="struct" size="1 1">
    <numFaces idx="1" type="struct" size="1 1">
      <data idx="1" type="double" size="1 1">0</data>
    </numFaces>
    <cornerRatio idx="1" type="struct" size="1 1">
      <data idx="1" type="double" size="1 1">9.328358208955224e-05</data>
    </cornerRatio>
    <edgeRatio idx="1" type="struct" size="1 1">
      <data idx="1" type="double" size="1 1">0.02594589552238806</data>
    </edgeRatio>
    <gridEdgeRatio idx="1" type="struct" size="1 1">
      <data idx="1" type="double" size="1 9">0.007784431137724543 0.02215568862275447 0.005432954316086926 0.0007651363938789089 0.1023120425815036 0.0086624503801386 0.005372588157019294 0.07391882900864943 0.005903922492094462</data>
    </gridEdgeRatio>
    <medianHue idx="1" type="struct" size="1 1">
      <data idx="1" type="double" size="1 1">1</data>
    </medianHue>
    <avgSat idx="1" type="struct" size="1 1">
      <data idx="1" type="double" size="1 1">241.9989235074627</data>
    </avgSat>
    <avgInt idx="1" type="struct" size="1 1">
      <data idx="1" type="double" size="1 1">79.7182985074627</data>
    </avgInt>
    <medHueCells idx="1" type="struct" size="1 1">
      <data idx="1" type="double" size="1 9">1 1 3 1 1 22 1 1 3</data>
    </medHueCells>
    <avgSatCells idx="1" type="struct" size="1 1">
      <data idx="1" type="double" size="1 9">236.9725715236194 253.5132069194943 249.3596972721224 214.5400864936793 245.8751996007983 236.439005322688 237.3922996703221 253.5457848348249 250.5625714862408</data>
    </avgSatCells>
    <avgIntCells idx="1" type="struct" size="1 1">
      <data idx="1" type="double" size="1 9">64.72995675316034 99.9455422488356 55.30001663339988 66.94975049900201 128.8893379906853 76.11099467731202 58.59809594294554 100.8324867119693 66.78079795465251</data>
    </avgIntCells>
    <cornerRatioGrid idx="1" type="struct" size="1 1">
      <data idx="1" type="double" size="1 9">0 0 0 0 1 0 7 36 6</data>
    </cornerRatioGrid>
    <avgR idx="1" type="struct" size="1 1">
      <data idx="1" type="double" size="1 1">79.70652611940295</data>
    </avgR>
    <avgG idx="1" type="struct" size="1 1">
      <data idx="1" type="double" size="1 1">3.658167910447761</data>
    </avgG>
    <avgB idx="1" type="struct" size="1 1">
      <data idx="1" type="double" size="1 1">2.744289179104476</data>
    </avgB>
    <avgRCells idx="1" type="struct" size="1 1">
      <data idx="1" type="double" size="1 9">64.7205256154358 99.94535928143706 55.29125083167001 66.92390219560875 128.8671989354624 76.08399866932803 58.58913072730938 100.8324362510933 66.77756845858849</data>
    </avgRCells>
    <avgGCells idx="1" type="struct" size="1 1">
      <data idx="1" type="double" size="1 9">0.7838822355289423 0.5913173652694611 2.089936793080505 0.8549401197604791 5.499451097804391 19.60665335994676 0.7281672609836504 0.601577743389625 2.101493641929624</data>
    </avgGCells>
    <avgBCells idx="1" type="struct" size="1 1">
      <data idx="1" type="double" size="1 9">1.395991350632069 1.285811709913507 2.762508316699934 1.38308383233533 2.744078509647372 9.614820359281438 1.34005584336944 1.28870349189262 2.831847540873309</data>
    </avgBCells>
  </features>
</root>
