<?xml version="1.0"?>
<!-- Written on 15-Jun-2010 21:44:24 using the XML Toolbox for Matlab -->
<root xml_tb_version="3.1" idx="1" type="struct" size="1 1">
  <filename idx="1" type="char" size="1 26">Brera_Sterne_by_LALAax.jpg</filename>
  <features idx="1" type="struct" size="1 1">
    <numFaces idx="1" type="struct" size="1 1">
      <data idx="1" type="double" size="1 1">1</data>
    </numFaces>
    <cornerRatio idx="1" type="struct" size="1 1">
      <data idx="1" type="double" size="1 1">0.0001444289803313989</data>
    </cornerRatio>
    <edgeRatio idx="1" type="struct" size="1 1">
      <data idx="1" type="double" size="1 1">0.08222604448412595</data>
    </edgeRatio>
    <gridEdgeRatio idx="1" type="struct" size="1 1">
      <data idx="1" type="double" size="1 9">0.122787610619469 0.1217396367023754 0.1020911654135339 0.0573183511877038 0.07961690731252914 0.0943374060150376 0.07852507374631278 0.05277286135693209 0.03047619047619054</data>
    </gridEdgeRatio>
    <medianHue idx="1" type="struct" size="1 1">
      <data idx="1" type="double" size="1 1">35</data>
    </medianHue>
    <avgSat idx="1" type="struct" size="1 1">
      <data idx="1" type="double" size="1 1">53.10295488563848</data>
    </avgSat>
    <avgInt idx="1" type="struct" size="1 1">
      <data idx="1" type="double" size="1 1">145.1809695123551</data>
    </avgInt>
    <medHueCells idx="1" type="struct" size="1 1">
      <data idx="1" type="double" size="1 9">38 40 43 37 30 106 32 32 107</data>
    </medHueCells>
    <avgSatCells idx="1" type="struct" size="1 1">
      <data idx="1" type="double" size="1 9">20.41293083372147 20.67087796925944 24.41480825958702 52.87086632510479 51.88216115510011 83.66817109144544 77.22847156954887 67.33934445488723 79.76619047619052</data>
    </avgSatCells>
    <avgIntCells idx="1" type="struct" size="1 1">
      <data idx="1" type="double" size="1 9">139.2721238938053 135.9169771774569 120.2267551622419 169.4144736842106 173.790492547741 151.4146017699115 149.6852972274437 149.901991306391 117.7745535714286</data>
    </avgIntCells>
    <cornerRatioGrid idx="1" type="struct" size="1 1">
      <data idx="1" type="double" size="1 9">1 6 10 0 6 9 0 6 6</data>
    </cornerRatioGrid>
    <avgR idx="1" type="struct" size="1 1">
      <data idx="1" type="double" size="1 1">137.9931494708647</data>
    </avgR>
    <avgG idx="1" type="struct" size="1 1">
      <data idx="1" type="double" size="1 1">140.2109811979728</data>
    </avgG>
    <avgB idx="1" type="struct" size="1 1">
      <data idx="1" type="double" size="1 1">125.3077223549799</data>
    </avgB>
    <avgRCells idx="1" type="struct" size="1 1">
      <data idx="1" type="double" size="1 9">135.0691371681415 130.7551816488123 114.8635398230088 160.8078714485329 169.7313111318118 136.6412389380531 144.7470042293233 146.7985784774436 103.2277678571428</data>
    </avgRCells>
    <avgGCells idx="1" type="struct" size="1 1">
      <data idx="1" type="double" size="1 9">139.217658360503 135.9099615742897 120.1948672566371 168.6923032137868 166.3908651606893 135.8405899705015 145.4134457236842 145.5922814849625 105.2519940476191</data>
    </avgGCells>
    <avgBCells idx="1" type="struct" size="1 1">
      <data idx="1" type="double" size="1 9">128.296751280857 125.3182347461574 109.672389380531 138.3908360503028 143.6693060083838 137.70197640118 120.7963463345864 116.7713815789473 107.8352083333334</data>
    </avgBCells>
  </features>
</root>
