<?xml version="1.0"?>
<!-- Written on 15-Jun-2010 21:47:21 using the XML Toolbox for Matlab -->
<root xml_tb_version="3.1" idx="1" type="struct" size="1 1">
  <filename idx="1" type="char" size="1 43">brown_and_white_kitten_by_Kitsunebaka91.jpg</filename>
  <features idx="1" type="struct" size="1 1">
    <numFaces idx="1" type="struct" size="1 1">
      <data idx="1" type="double" size="1 1">0</data>
    </numFaces>
    <cornerRatio idx="1" type="struct" size="1 1">
      <data idx="1" type="double" size="1 1">0.0005808615819209039</data>
    </cornerRatio>
    <edgeRatio idx="1" type="struct" size="1 1">
      <data idx="1" type="double" size="1 1">0.05417725988700565</data>
    </edgeRatio>
    <gridEdgeRatio idx="1" type="struct" size="1 1">
      <data idx="1" type="double" size="1 9">0.03287360665029285 0.04521695320864045 0.03069382316550871 0.0790037155992191 0.08092449146671717 0.08153294628977507 0.02167657475335188 0.08539400455350366 0.03034599209889131</data>
    </gridEdgeRatio>
    <medianHue idx="1" type="struct" size="1 1">
      <data idx="1" type="double" size="1 1">0</data>
    </medianHue>
    <avgSat idx="1" type="struct" size="1 1">
      <data idx="1" type="double" size="1 1">28.02852754237288</data>
    </avgSat>
    <avgInt idx="1" type="struct" size="1 1">
      <data idx="1" type="double" size="1 1">230.3918820621466</data>
    </avgInt>
    <medHueCells idx="1" type="struct" size="1 1">
      <data idx="1" type="double" size="1 9">0 9 0 0 13 11 0 11 0</data>
    </medHueCells>
    <avgSatCells idx="1" type="struct" size="1 1">
      <data idx="1" type="double" size="1 9">13.63758737955791 54.75173184709364 3.84631925120162 8.742505825303859 14.65437055230178 33.38696875790536 22.0255702547508 79.72626185717445 21.76424111125277</data>
    </avgSatCells>
    <avgIntCells idx="1" type="struct" size="1 1">
      <data idx="1" type="double" size="1 9">241.5893003337742 215.334844763524 248.5715595750065 242.6197493544933 236.0353611688394 221.8426827725778 237.3534151835286 194.6320548205956 235.3573340129986</data>
    </avgIntCells>
    <cornerRatioGrid idx="1" type="struct" size="1 1">
      <data idx="1" type="double" size="1 9">24 35 28 42 36 62 22 55 25</data>
    </cornerRatioGrid>
    <avgR idx="1" type="struct" size="1 1">
      <data idx="1" type="double" size="1 1">230.3415730932207</data>
    </avgR>
    <avgG idx="1" type="struct" size="1 1">
      <data idx="1" type="double" size="1 1">220.7268838276836</data>
    </avgG>
    <avgB idx="1" type="struct" size="1 1">
      <data idx="1" type="double" size="1 1">214.9655667372882</data>
    </avgB>
    <avgRCells idx="1" type="struct" size="1 1">
      <data idx="1" type="double" size="1 9">241.5522860381635 215.2872662006423 248.5430843663042 242.5653693557528 235.9670319289627 221.7847046546926 237.3172805431302 194.563370451445 235.3032528354787</data>
    </avgRCells>
    <avgGCells idx="1" type="struct" size="1 1">
      <data idx="1" type="double" size="1 9">236.3772750173187 194.172554946785 247.4343378446751 239.2447887146546 230.0012280370299 211.5010593220338 229.9337108594272 168.4187525776466 229.2191601886073</data>
    </avgGCells>
    <avgBCells idx="1" type="struct" size="1 1">
      <data idx="1" type="double" size="1 9">234.3398671200956 181.5280086907235 246.6649222109791 237.8320265759808 226.1544492726242 204.3740829749557 225.5304717489928 152.6958376955045 225.280027399006</data>
    </avgBCells>
  </features>
</root>
