<?xml version="1.0"?>
<!-- Written on 15-Jun-2010 21:44:24 using the XML Toolbox for Matlab -->
<root xml_tb_version="3.1" idx="1" type="struct" size="1 1">
  <filename idx="1" type="char" size="1 30">Brush_your_teeth_by_woekan.jpg</filename>
  <features idx="1" type="struct" size="1 1">
    <numFaces idx="1" type="struct" size="1 1">
      <data idx="1" type="double" size="1 1">0</data>
    </numFaces>
    <cornerRatio idx="1" type="struct" size="1 1">
      <data idx="1" type="double" size="1 1">2.741228070175439e-05</data>
    </cornerRatio>
    <edgeRatio idx="1" type="struct" size="1 1">
      <data idx="1" type="double" size="1 1">0.01486842105263158</data>
    </edgeRatio>
    <gridEdgeRatio idx="1" type="struct" size="1 1">
      <data idx="1" type="double" size="1 9">0.007719366816494024 0.008126506416520074 0.03565359477124205 0.003322259136212625 0.01493388052895576 0.01795751633986925 0.02587085951120024 0.01245024834709386 0.007772277227722777</data>
    </gridEdgeRatio>
    <medianHue idx="1" type="struct" size="1 1">
      <data idx="1" type="double" size="1 1">11</data>
    </medianHue>
    <avgSat idx="1" type="struct" size="1 1">
      <data idx="1" type="double" size="1 1">25.42658991228073</data>
    </avgSat>
    <avgInt idx="1" type="struct" size="1 1">
      <data idx="1" type="double" size="1 1">195.8158278508769</data>
    </avgInt>
    <medHueCells idx="1" type="struct" size="1 1">
      <data idx="1" type="double" size="1 9">6 6 6 11 11 8 13 13 6</data>
    </medHueCells>
    <avgSatCells idx="1" type="struct" size="1 1">
      <data idx="1" type="double" size="1 9">10.18767507002801 11.00482053286431 65.70859511200284 12.36266367011921 24.68689336199596 24.40010197032992 48.910931372549 22.02313725490193 9.869768976897676</data>
    </avgSatCells>
    <avgIntCells idx="1" type="struct" size="1 1">
      <data idx="1" type="double" size="1 9">203.3455475213341 200.8841932121685 185.9634551495016 200.4091264412742 187.8550908735589 191.1632018683596 195.3952287581701 186.8710130718957 210.0869966996701</data>
    </avgIntCells>
    <cornerRatioGrid idx="1" type="struct" size="1 1">
      <data idx="1" type="double" size="1 9">1 1 4 0 2 3 3 0 1</data>
    </cornerRatioGrid>
    <avgR idx="1" type="struct" size="1 1">
      <data idx="1" type="double" size="1 1">192.5337518274853</data>
    </avgR>
    <avgG idx="1" type="struct" size="1 1">
      <data idx="1" type="double" size="1 1">184.6006085526315</data>
    </avgG>
    <avgB idx="1" type="struct" size="1 1">
      <data idx="1" type="double" size="1 1">183.7859649122804</data>
    </avgB>
    <avgRCells idx="1" type="struct" size="1 1">
      <data idx="1" type="double" size="1 9">203.3289036544851 200.876034134584 185.911055557383 199.0825516253012 184.6099928343432 191.1529226012302 172.7008333333333 184.7273202614381 210.0784983498349</data>
    </avgRCells>
    <avgGCells idx="1" type="struct" size="1 1">
      <data idx="1" type="double" size="1 9">197.3283173734611 194.0859715979415 147.2680997335615 195.8337567585172 180.9055110416259 177.7835433044966 183.3877450980389 180.0287581699349 204.3377887788778</data>
    </avgGCells>
    <avgBCells idx="1" type="struct" size="1 1">
      <data idx="1" type="double" size="1 9">195.250993420624 191.9481792717086 158.9031117397454 192.0961826591101 173.6959318611166 178.5137824413669 186.022189542484 175.2048202614381 201.9596369636963</data>
    </avgBCells>
  </features>
</root>
