<?xml version="1.0"?>
<!-- Written on 15-Jun-2010 21:44:24 using the XML Toolbox for Matlab -->
<root xml_tb_version="3.1" idx="1" type="struct" size="1 1">
  <filename idx="1" type="char" size="1 25">Buddies_by_stereoflow.jpg</filename>
  <features idx="1" type="struct" size="1 1">
    <numFaces idx="1" type="struct" size="1 1">
      <data idx="1" type="double" size="1 1">0</data>
    </numFaces>
    <cornerRatio idx="1" type="struct" size="1 1">
      <data idx="1" type="double" size="1 1">0.0004030944625407166</data>
    </cornerRatio>
    <edgeRatio idx="1" type="struct" size="1 1">
      <data idx="1" type="double" size="1 1">0.06151465798045603</data>
    </edgeRatio>
    <gridEdgeRatio idx="1" type="struct" size="1 1">
      <data idx="1" type="double" size="1 9">0.0688306042602522 0.009382698159687 0.007426459933342992 0.07607593102448926 0.07183741486741052 0.003079263874800753 0.1333040678958151 0.1202443664032778 0.06683494293239685</data>
    </gridEdgeRatio>
    <medianHue idx="1" type="struct" size="1 1">
      <data idx="1" type="double" size="1 1">69</data>
    </medianHue>
    <avgSat idx="1" type="struct" size="1 1">
      <data idx="1" type="double" size="1 1">48.76782573289901</data>
    </avgSat>
    <avgInt idx="1" type="struct" size="1 1">
      <data idx="1" type="double" size="1 1">156.5623330618892</data>
    </avgInt>
    <medHueCells idx="1" type="struct" size="1 1">
      <data idx="1" type="double" size="1 9">27 94 29 129 19 112 161 16 26</data>
    </medHueCells>
    <avgSatCells idx="1" type="struct" size="1 1">
      <data idx="1" type="double" size="1 9">55.90450659324735 83.02908998695847 77.61267193444543 26.51731633096652 32.43685697724969 33.47768510389228 48.45105781770757 30.94410230401391 50.70441908106528</data>
    </avgSatCells>
    <avgIntCells idx="1" type="struct" size="1 1">
      <data idx="1" type="double" size="1 9">165.1568975510797 149.6774018258224 129.1584723441615 157.7449644978989 186.2213447326474 131.6104038630378 136.8192290972322 194.5736487465585 157.6867866549605</data>
    </avgIntCells>
    <cornerRatioGrid idx="1" type="struct" size="1 1">
      <data idx="1" type="double" size="1 9">3 2 2 10 15 0 35 25 7</data>
    </cornerRatioGrid>
    <avgR idx="1" type="struct" size="1 1">
      <data idx="1" type="double" size="1 1">146.8034324104235</data>
    </avgR>
    <avgG idx="1" type="struct" size="1 1">
      <data idx="1" type="double" size="1 1">140.9401832247557</data>
    </avgG>
    <avgB idx="1" type="struct" size="1 1">
      <data idx="1" type="double" size="1 1">139.2301343648208</data>
    </avgB>
    <avgRCells idx="1" type="struct" size="1 1">
      <data idx="1" type="double" size="1 9">152.8031082451819 117.2166352702507 116.8066286215979 156.1067598898711 182.2398203158963 121.0973807433421 136.5162657585857 194.5735038400232 143.5391059408838</data>
    </avgRCells>
    <avgGCells idx="1" type="struct" size="1 1">
      <data idx="1" type="double" size="1 9">156.1513186494711 126.8520504274743 115.5392156862745 143.4638095928127 169.1162512679323 120.0456540825285 112.265613679177 177.4307709027677 146.9989391278899</data>
    </avgGCells>
    <avgBCells idx="1" type="struct" size="1 1">
      <data idx="1" type="double" size="1 9">141.0056151282423 132.5889726126647 98.92903131401816 146.5763295174612 168.579010288364 126.207382206614 123.8860310099986 173.0476380234749 141.7373061164765</data>
    </avgBCells>
  </features>
</root>
