<?xml version="1.0"?>
<!-- Written on 15-Jun-2010 21:44:24 using the XML Toolbox for Matlab -->
<root xml_tb_version="3.1" idx="1" type="struct" size="1 1">
  <filename idx="1" type="char" size="1 23">Bukowka_by_sekcyjny.jpg</filename>
  <features idx="1" type="struct" size="1 1">
    <numFaces idx="1" type="struct" size="1 1">
      <data idx="1" type="double" size="1 1">0</data>
    </numFaces>
    <cornerRatio idx="1" type="struct" size="1 1">
      <data idx="1" type="double" size="1 1">5.250875145857643e-05</data>
    </cornerRatio>
    <edgeRatio idx="1" type="struct" size="1 1">
      <data idx="1" type="double" size="1 1">0.03471022948269156</data>
    </edgeRatio>
    <gridEdgeRatio idx="1" type="struct" size="1 1">
      <data idx="1" type="double" size="1 9">0.01582678939795793 0.01118102865463626 0.006986062717770043 0.02946937784942882 0.02260474630332661 0.01904181184668989 0.05338221174827616 0.07045474382473599 0.08417543859649129</data>
    </gridEdgeRatio>
    <medianHue idx="1" type="struct" size="1 1">
      <data idx="1" type="double" size="1 1">107</data>
    </medianHue>
    <avgSat idx="1" type="struct" size="1 1">
      <data idx="1" type="double" size="1 1">76.47267794632432</data>
    </avgSat>
    <avgInt idx="1" type="struct" size="1 1">
      <data idx="1" type="double" size="1 1">177.4622150914041</data>
    </avgInt>
    <medHueCells idx="1" type="struct" size="1 1">
      <data idx="1" type="double" size="1 9">108 107 105 112 107 106 107 108 106</data>
    </medHueCells>
    <avgSatCells idx="1" type="struct" size="1 1">
      <data idx="1" type="double" size="1 9">58.98465858859011 73.68953143689218 81.6948415815659 49.10234541577827 97.73999341272733 118.3630618835647 78.84756097560972 69.52609756097563 61.00443859649122</data>
    </avgSatCells>
    <avgIntCells idx="1" type="struct" size="1 1">
      <data idx="1" type="double" size="1 9">215.7822559675488 201.5111896961187 163.4257833638823 191.1646124776813 177.1361831955207 132.3419568822554 181.5535888501742 167.9357839721255 165.0321754385964</data>
    </avgIntCells>
    <cornerRatioGrid idx="1" type="struct" size="1 1">
      <data idx="1" type="double" size="1 9">1 0 1 3 0 0 8 3 11</data>
    </cornerRatioGrid>
    <avgR idx="1" type="struct" size="1 1">
      <data idx="1" type="double" size="1 1">137.7638467522366</data>
    </avgR>
    <avgG idx="1" type="struct" size="1 1">
      <data idx="1" type="double" size="1 1">152.3649708284713</data>
    </avgG>
    <avgB idx="1" type="struct" size="1 1">
      <data idx="1" type="double" size="1 1">177.1314313496695</data>
    </avgB>
    <avgRCells idx="1" type="struct" size="1 1">
      <data idx="1" type="double" size="1 9">171.4493040026349 156.5401563610519 130.6956096709436 161.0019588468806 117.4492693327785 88.81529196124639 138.3973344947736 131.9262717770035 142.3732105263158</data>
    </avgRCells>
    <avgGCells idx="1" type="struct" size="1 1">
      <data idx="1" type="double" size="1 9">186.6363998821224 174.703919427254 144.5170987169416 165.3919947301818 142.3915266871219 108.1559396002443 153.9002439024391 144.0173693379791 150.3446842105263</data>
    </avgGCells>
    <avgBCells idx="1" type="struct" size="1 1">
      <data idx="1" type="double" size="1 9">215.733111446253 201.4821190216167 163.2365017020163 189.5929412172586 177.1203217362664 132.3381688050974 181.4780662020906 167.0556445993032 164.8777719298246</data>
    </avgBCells>
  </features>
</root>
