<?xml version="1.0"?>
<!-- Written on 15-Jun-2010 21:44:25 using the XML Toolbox for Matlab -->
<root xml_tb_version="3.1" idx="1" type="struct" size="1 1">
  <filename idx="1" type="char" size="1 30">Bungee_killer_by_Mentosik8.jpg</filename>
  <features idx="1" type="struct" size="1 1">
    <numFaces idx="1" type="struct" size="1 1">
      <data idx="1" type="double" size="1 1">0</data>
    </numFaces>
    <cornerRatio idx="1" type="struct" size="1 1">
      <data idx="1" type="double" size="1 1">0.0001362862010221465</data>
    </cornerRatio>
    <edgeRatio idx="1" type="struct" size="1 1">
      <data idx="1" type="double" size="1 1">0.03204997160704146</data>
    </edgeRatio>
    <gridEdgeRatio idx="1" type="struct" size="1 1">
      <data idx="1" type="double" size="1 9">0.03172167225997941 0.02907398350675414 0.009729272419627746 0.01045584093630369 0.04588765030271345 0.06001692047377324 0.007598602947440146 0.03231961836612991 0.06268376068376054</data>
    </gridEdgeRatio>
    <medianHue idx="1" type="struct" size="1 1">
      <data idx="1" type="double" size="1 1">87</data>
    </medianHue>
    <avgSat idx="1" type="struct" size="1 1">
      <data idx="1" type="double" size="1 1">153.9082017792923</data>
    </avgSat>
    <avgInt idx="1" type="struct" size="1 1">
      <data idx="1" type="double" size="1 1">155.87043157297</data>
    </avgInt>
    <medHueCells idx="1" type="struct" size="1 1">
      <data idx="1" type="double" size="1 9">91 85 38 93 92 35 90 79 26</data>
    </medHueCells>
    <avgSatCells idx="1" type="struct" size="1 1">
      <data idx="1" type="double" size="1 9">205.5826433040458 141.0860414523501 82.96035437430794 228.2219505202625 179.9018668735349 117.6845216798705 200.7622504230119 123.1493570219967 103.9028547008547</data>
    </avgSatCells>
    <avgIntCells idx="1" type="struct" size="1 1">
      <data idx="1" type="double" size="1 9">125.058164831273 154.9917702413276 182.8246358292869 131.3902558308177 134.0648599423243 180.5247124968056 145.4235025380711 172.1495431472082 176.8710427350427</data>
    </avgIntCells>
    <cornerRatioGrid idx="1" type="struct" size="1 1">
      <data idx="1" type="double" size="1 9">12 3 3 2 2 14 1 9 26</data>
    </cornerRatioGrid>
    <avgR idx="1" type="struct" size="1 1">
      <data idx="1" type="double" size="1 1">87.00943592655696</data>
    </avgR>
    <avgG idx="1" type="struct" size="1 1">
      <data idx="1" type="double" size="1 1">148.9224323301156</data>
    </avgG>
    <avgB idx="1" type="struct" size="1 1">
      <data idx="1" type="double" size="1 1">128.077792920689</data>
    </avgB>
    <avgRCells idx="1" type="struct" size="1 1">
      <data idx="1" type="double" size="1 9">22.28505657959087 77.45833684672078 162.6118919839851 12.91577988768402 41.94728232456956 142.8391174716756 34.58766497461931 128.3704399323181 161.9814017094017</data>
    </avgRCells>
    <avgGCells idx="1" type="struct" size="1 1">
      <data idx="1" type="double" size="1 9">118.7508811575628 153.8264667689765 181.9759775108612 118.5241749161003 126.3247719108894 175.0742311951615 139.3133671742809 164.0077326565143 162.9906837606839</data>
    </avgGCells>
    <avgBCells idx="1" type="struct" size="1 1">
      <data idx="1" type="double" size="1 9">121.7084506804728 136.2687319763226 128.798142942329 127.7908494527548 126.1531106126785 131.9541017122412 139.1862605752962 129.4567681895093 111.1314017094017</data>
    </avgBCells>
  </features>
</root>
