<?xml version="1.0"?>
<!-- Written on 15-Jun-2010 21:44:25 using the XML Toolbox for Matlab -->
<root xml_tb_version="3.1" idx="1" type="struct" size="1 1">
  <filename idx="1" type="char" size="1 22">Burst_by_wirestyle.jpg</filename>
  <features idx="1" type="struct" size="1 1">
    <numFaces idx="1" type="struct" size="1 1">
      <data idx="1" type="double" size="1 1">1</data>
    </numFaces>
    <cornerRatio idx="1" type="struct" size="1 1">
      <data idx="1" type="double" size="1 1">0.0002341514179169196</data>
    </cornerRatio>
    <edgeRatio idx="1" type="struct" size="1 1">
      <data idx="1" type="double" size="1 1">0.0422461191570549</data>
    </edgeRatio>
    <gridEdgeRatio idx="1" type="struct" size="1 1">
      <data idx="1" type="double" size="1 9">0.005946313285762828 0.04543910048497202 0.0251589973812196 0.002332190405584902 0.07727118277576996 0.03725526873675026 0.02987093764577826 0.0954283937179287 0.06272755806654115</data>
    </gridEdgeRatio>
    <medianHue idx="1" type="struct" size="1 1">
      <data idx="1" type="double" size="1 1">80</data>
    </medianHue>
    <avgSat idx="1" type="struct" size="1 1">
      <data idx="1" type="double" size="1 1">115.1522677998439</data>
    </avgSat>
    <avgInt idx="1" type="struct" size="1 1">
      <data idx="1" type="double" size="1 1">232.6234741132599</data>
    </avgInt>
    <medHueCells idx="1" type="struct" size="1 1">
      <data idx="1" type="double" size="1 9">87 61 83 88 56 80 88 48 82</data>
    </medHueCells>
    <avgSatCells idx="1" type="struct" size="1 1">
      <data idx="1" type="double" size="1 9">181.8897692521547 51.4765236462484 154.9248017415643 165.9469001946066 51.07521700182247 109.8050225470378 172.9339381469012 39.23357027060728 107.8532485875706</data>
    </avgSatCells>
    <avgIntCells idx="1" type="struct" size="1 1">
      <data idx="1" type="double" size="1 9">222.8186915021777 247.6993327773143 240.571512983984 220.9603836530442 239.2757235968245 229.1953972943555 222.7976992143658 244.7336793864572 225.5687068424357</data>
    </avgIntCells>
    <cornerRatioGrid idx="1" type="struct" size="1 1">
      <data idx="1" type="double" size="1 9">3 28 5 0 34 23 2 27 13</data>
    </cornerRatioGrid>
    <avgR idx="1" type="struct" size="1 1">
      <data idx="1" type="double" size="1 1">138.4700615731506</data>
    </avgR>
    <avgG idx="1" type="struct" size="1 1">
      <data idx="1" type="double" size="1 1">227.9345815627441</data>
    </avgG>
    <avgB idx="1" type="struct" size="1 1">
      <data idx="1" type="double" size="1 1">205.8393287659352</data>
    </avgB>
    <avgRCells idx="1" type="struct" size="1 1">
      <data idx="1" type="double" size="1 9">66.39942235813797 207.4572792141601 93.56795210698183 83.24750563741388 212.1160071664658 151.1267610013996 73.87683938146903 223.8256016959721 135.848744507219</data>
    </avgRCells>
    <avgGCells idx="1" type="struct" size="1 1">
      <data idx="1" type="double" size="1 9">220.8285453927655 247.6899422358139 240.4422018348625 216.6807833688569 230.073533500139 215.305504587156 216.8181506422247 239.8478457413643 223.5863779033272</data>
    </avgGCells>
    <avgBCells idx="1" type="struct" size="1 1">
      <data idx="1" type="double" size="1 9">205.0537021592068 214.3483612887283 207.3956771886177 206.6250733636055 206.0401569208908 192.0299175866896 207.8964958224217 214.6841719665794 198.3108286252354</data>
    </avgBCells>
  </features>
</root>
