<?xml version="1.0"?>
<!-- Written on 15-Jun-2010 21:44:25 using the XML Toolbox for Matlab -->
<root xml_tb_version="3.1" idx="1" type="struct" size="1 1">
  <filename idx="1" type="char" size="1 36">Buscandome_a_mi_mismo_by_K1lgore.jpg</filename>
  <features idx="1" type="struct" size="1 1">
    <numFaces idx="1" type="struct" size="1 1">
      <data idx="1" type="double" size="1 1">0</data>
    </numFaces>
    <cornerRatio idx="1" type="struct" size="1 1">
      <data idx="1" type="double" size="1 1">0.0001827228974630883</data>
    </cornerRatio>
    <edgeRatio idx="1" type="struct" size="1 1">
      <data idx="1" type="double" size="1 1">0.2228795170894853</data>
    </edgeRatio>
    <gridEdgeRatio idx="1" type="struct" size="1 1">
      <data idx="1" type="double" size="1 9">0.1957332168341342 0.1570409203436724 0.2141387419165199 0.261497014708024 0.290024756079802 0.2381099353321578 0.2007426823940586 0.2473569244211448 0.2030129335684897</data>
    </gridEdgeRatio>
    <medianHue idx="1" type="struct" size="1 1">
      <data idx="1" type="double" size="1 1">0</data>
    </medianHue>
    <avgSat idx="1" type="struct" size="1 1">
      <data idx="1" type="double" size="1 1">1.601163227016885</data>
    </avgSat>
    <avgInt idx="1" type="struct" size="1 1">
      <data idx="1" type="double" size="1 1">107.0965886287624</data>
    </avgInt>
    <medHueCells idx="1" type="struct" size="1 1">
      <data idx="1" type="double" size="1 9">0 0 0 0 0 0 0 0 0</data>
    </medHueCells>
    <avgSatCells idx="1" type="struct" size="1 1">
      <data idx="1" type="double" size="1 9">0 0 6.429401485364789 0 0 8.072375127421 0 0 0</data>
    </avgSatCells>
    <avgIntCells idx="1" type="struct" size="1 1">
      <data idx="1" type="double" size="1 9">126.8506917139945 114.291000436872 81.61278578709774 160.934876947721 72.82404252220762 77.89370904325033 143.5574514991183 104.3595679012345 82.55642269253384</data>
    </avgIntCells>
    <cornerRatioGrid idx="1" type="struct" size="1 1">
      <data idx="1" type="double" size="1 9">2 36 4 0 23 0 15 23 9</data>
    </cornerRatioGrid>
    <avgR idx="1" type="struct" size="1 1">
      <data idx="1" type="double" size="1 1">107.0907398645892</data>
    </avgR>
    <avgG idx="1" type="struct" size="1 1">
      <data idx="1" type="double" size="1 1">106.5103254751611</data>
    </avgG>
    <avgB idx="1" type="struct" size="1 1">
      <data idx="1" type="double" size="1 1">106.5224471816624</data>
    </avgB>
    <avgRCells idx="1" type="struct" size="1 1">
      <data idx="1" type="double" size="1 9">126.8506917139945 114.291000436872 81.589500509684 160.934876947721 72.82404252220762 77.86403087228774 143.5574514991183 104.3595679012345 82.55642269253384</data>
    </avgRCells>
    <avgGCells idx="1" type="struct" size="1 1">
      <data idx="1" type="double" size="1 9">126.8506917139945 114.291000436872 79.08519003931848 160.934876947721 72.82404252220762 75.10540265035678 143.5574514991183 104.3595679012345 82.55642269253384</data>
    </avgGCells>
    <avgBCells idx="1" type="struct" size="1 1">
      <data idx="1" type="double" size="1 9">126.8506917139945 114.291000436872 79.15689529634484 160.934876947721 72.82404252220762 75.14346876365225 143.5574514991183 104.3595679012345 82.55642269253384</data>
    </avgBCells>
  </features>
</root>
