<?xml version="1.0"?>
<!-- Written on 15-Jun-2010 21:44:25 using the XML Toolbox for Matlab -->
<root xml_tb_version="3.1" idx="1" type="struct" size="1 1">
  <filename idx="1" type="char" size="1 23">Buttercup_by_woekan.jpg</filename>
  <features idx="1" type="struct" size="1 1">
    <numFaces idx="1" type="struct" size="1 1">
      <data idx="1" type="double" size="1 1">0</data>
    </numFaces>
    <cornerRatio idx="1" type="struct" size="1 1">
      <data idx="1" type="double" size="1 1">0.0002003338898163606</data>
    </cornerRatio>
    <edgeRatio idx="1" type="struct" size="1 1">
      <data idx="1" type="double" size="1 1">0.03887590428491931</data>
    </edgeRatio>
    <gridEdgeRatio idx="1" type="struct" size="1 1">
      <data idx="1" type="double" size="1 9">0.005884200261152707 0.01715674121088909 0.01767827529021559 0.06107337068808774 0.1026264028693741 0.06238805970149258 0.01378987963071169 0.03783034775204925 0.0315577889447236</data>
    </gridEdgeRatio>
    <medianHue idx="1" type="struct" size="1 1">
      <data idx="1" type="double" size="1 1">28</data>
    </medianHue>
    <avgSat idx="1" type="struct" size="1 1">
      <data idx="1" type="double" size="1 1">181.0997254683732</data>
    </avgSat>
    <avgInt idx="1" type="struct" size="1 1">
      <data idx="1" type="double" size="1 1">113.9040697458727</data>
    </avgInt>
    <medHueCells idx="1" type="struct" size="1 1">
      <data idx="1" type="double" size="1 9">27 27 30 26 26 30 27 29 30</data>
    </medHueCells>
    <avgSatCells idx="1" type="struct" size="1 1">
      <data idx="1" type="double" size="1 9">63.76390472884746 240.1068246805838 248.5450508355731 70.76620221153368 236.8495231483778 244.5091403863168 52.11341625207301 233.515223880597 243.2317922948075</data>
    </avgSatCells>
    <avgIntCells idx="1" type="struct" size="1 1">
      <data idx="1" type="double" size="1 9">193.4445876927655 106.0375365696435 59.64835806941687 183.6860051899968 115.3890679492901 66.03075176547189 174.4971475953566 69.74985074626863 54.56199329983249</data>
    </avgIntCells>
    <cornerRatioGrid idx="1" type="struct" size="1 1">
      <data idx="1" type="double" size="1 9">0 0 2 25 38 22 2 17 2</data>
    </cornerRatioGrid>
    <avgR idx="1" type="struct" size="1 1">
      <data idx="1" type="double" size="1 1">112.7937989241329</data>
    </avgR>
    <avgG idx="1" type="struct" size="1 1">
      <data idx="1" type="double" size="1 1">104.8862122055277</data>
    </avgG>
    <avgB idx="1" type="struct" size="1 1">
      <data idx="1" type="double" size="1 1">53.11450751252085</data>
    </avgB>
    <avgRCells idx="1" type="struct" size="1 1">
      <data idx="1" type="double" size="1 9">192.9436868812085 105.825903704071 58.15559525200755 182.5349333068874 115.0879654881737 64.6488923020418 172.3604643449418 68.67089552238808 52.82514237855943</data>
    </avgRCells>
    <avgGCells idx="1" type="struct" size="1 1">
      <data idx="1" type="double" size="1 9">189.0424290507595 90.36592783590358 55.44242808728027 175.4472322771523 96.11181633361431 60.44403078515499 167.0410613598674 59.87475953565503 48.044757118928</data>
    </avgGCells>
    <avgBCells idx="1" type="struct" size="1 1">
      <data idx="1" type="double" size="1 9">160.2289383646552 4.696467826978067 1.33766840848762 142.9031255681725 8.056379233401097 2.814738142539943 146.5516417910447 6.158175787728021 2.27070351758794</data>
    </avgBCells>
  </features>
</root>
