<?xml version="1.0"?>
<!-- Written on 15-Jun-2010 21:44:19 using the XML Toolbox for Matlab -->
<root xml_tb_version="3.1" idx="1" type="struct" size="1 1">
  <filename idx="1" type="char" size="1 34">BVLGARI_POUR_HOMME_by_sujawoto.jpg</filename>
  <features idx="1" type="struct" size="1 1">
    <numFaces idx="1" type="struct" size="1 1">
      <data idx="1" type="double" size="1 1">0</data>
    </numFaces>
    <cornerRatio idx="1" type="struct" size="1 1">
      <data idx="1" type="double" size="1 1">0.0003661087866108787</data>
    </cornerRatio>
    <edgeRatio idx="1" type="struct" size="1 1">
      <data idx="1" type="double" size="1 1">0.02254881450488145</data>
    </edgeRatio>
    <gridEdgeRatio idx="1" type="struct" size="1 1">
      <data idx="1" type="double" size="1 9">0.01564054726368158 0.02702114427860696 0.01675000000000001 0.008644278606965185 0.03613184079601994 0.03337500000000001 0.007711442786069652 0.03134328358208957 0.02737499999999998</data>
    </gridEdgeRatio>
    <medianHue idx="1" type="struct" size="1 1">
      <data idx="1" type="double" size="1 1">0</data>
    </medianHue>
    <avgSat idx="1" type="struct" size="1 1">
      <data idx="1" type="double" size="1 1">11.61948744769874</data>
    </avgSat>
    <avgInt idx="1" type="struct" size="1 1">
      <data idx="1" type="double" size="1 1">68.9761052998605</data>
    </avgInt>
    <medHueCells idx="1" type="struct" size="1 1">
      <data idx="1" type="double" size="1 9">66 0 51 0 0 0 0 0 0</data>
    </medHueCells>
    <avgSatCells idx="1" type="struct" size="1 1">
      <data idx="1" type="double" size="1 9">13.42490671641792 7.509452736318409 8.950777363184086 13.91772388059702 14.62226368159204 12.88386194029851 10.6595 10.7218125 11.8853125</data>
    </avgSatCells>
    <avgIntCells idx="1" type="struct" size="1 1">
      <data idx="1" type="double" size="1 9">136.7465485074625 95.37201492537314 177.4271455223881 15.69157338308458 85.96672885572141 14.00973258706468 16.28625 65.74937500000001 12.33096874999999</data>
    </avgIntCells>
    <cornerRatioGrid idx="1" type="struct" size="1 1">
      <data idx="1" type="double" size="1 9">8 19 8 10 15 15 4 12 14</data>
    </cornerRatioGrid>
    <avgR idx="1" type="struct" size="1 1">
      <data idx="1" type="double" size="1 1">66.71184449093437</data>
    </avgR>
    <avgG idx="1" type="struct" size="1 1">
      <data idx="1" type="double" size="1 1">68.9406764295677</data>
    </avgG>
    <avgB idx="1" type="struct" size="1 1">
      <data idx="1" type="double" size="1 1">66.49461645746162</data>
    </avgB>
    <avgRCells idx="1" type="struct" size="1 1">
      <data idx="1" type="double" size="1 9">132.1418843283582 94.29160447761188 174.3476368159203 14.26327736318408 82.80612562189053 12.60948383084577 14.47228125 63.238 11.0258125</data>
    </avgRCells>
    <avgGCells idx="1" type="struct" size="1 1">
      <data idx="1" type="double" size="1 9">136.7213619402984 95.34427860696515 177.3250310945274 15.65668532338309 85.93815298507462 13.98379975124378 16.262375 65.72706250000002 12.30378125</data>
    </avgGCells>
    <avgBCells idx="1" type="struct" size="1 1">
      <data idx="1" type="double" size="1 9">133.4767723880598 93.73174751243779 174.2717661691543 14.43451492537314 81.08249378109451 12.30481965174129 15.4204375 61.3890625 11.04596875</data>
    </avgBCells>
  </features>
</root>
