<?xml version="1.0"?>
<!-- Written on 15-Jun-2010 21:44:25 using the XML Toolbox for Matlab -->
<root xml_tb_version="3.1" idx="1" type="struct" size="1 1">
  <filename idx="1" type="char" size="1 22">Byakuran_by_LALAax.jpg</filename>
  <features idx="1" type="struct" size="1 1">
    <numFaces idx="1" type="struct" size="1 1">
      <data idx="1" type="double" size="1 1">1</data>
    </numFaces>
    <cornerRatio idx="1" type="struct" size="1 1">
      <data idx="1" type="double" size="1 1">0.0003582938459749157</data>
    </cornerRatio>
    <edgeRatio idx="1" type="struct" size="1 1">
      <data idx="1" type="double" size="1 1">0.1044135798995277</data>
    </edgeRatio>
    <gridEdgeRatio idx="1" type="struct" size="1 1">
      <data idx="1" type="double" size="1 9">0.1234029032042277 0.006722857716235157 0.05311459979157561 0.1564653154057129 0.1863168104889961 0.1713282011631425 0.0693097643097643 0.08466329966329968 0.08776649746192892</data>
    </gridEdgeRatio>
    <medianHue idx="1" type="struct" size="1 1">
      <data idx="1" type="double" size="1 1">30</data>
    </medianHue>
    <avgSat idx="1" type="struct" size="1 1">
      <data idx="1" type="double" size="1 1">49.1995471615999</data>
    </avgSat>
    <avgInt idx="1" type="struct" size="1 1">
      <data idx="1" type="double" size="1 1">114.2171429536169</data>
    </avgInt>
    <medHueCells idx="1" type="struct" size="1 1">
      <data idx="1" type="double" size="1 9">22 23 35 94 33 34 24 17 32</data>
    </medHueCells>
    <avgSatCells idx="1" type="struct" size="1 1">
      <data idx="1" type="double" size="1 9">79.78817981135855 71.2326075322764 26.13796296296295 8.54436751622182 57.2363201551943 27.06481481481482 36.48841900023531 95.92212660100175 39.6317766497462</data>
    </avgSatCells>
    <avgIntCells idx="1" type="struct" size="1 1">
      <data idx="1" type="double" size="1 9">100.7948357749682 84.86974045086629 81.4097138047138 245.619707003813 108.8492875777643 97.3384511784512 171.3606414092176 62.1134736275927 76.43920473773268</data>
    </avgIntCells>
    <cornerRatioGrid idx="1" type="struct" size="1 1">
      <data idx="1" type="double" size="1 9">19 2 17 32 103 17 1 0 0</data>
    </cornerRatioGrid>
    <avgR idx="1" type="struct" size="1 1">
      <data idx="1" type="double" size="1 1">111.7324576706774</data>
    </avgR>
    <avgG idx="1" type="struct" size="1 1">
      <data idx="1" type="double" size="1 1">110.6339906430907</data>
    </avgG>
    <avgB idx="1" type="struct" size="1 1">
      <data idx="1" type="double" size="1 1">102.383507602958</data>
    </avgB>
    <avgRCells idx="1" type="struct" size="1 1">
      <data idx="1" type="double" size="1 9">96.53495217071375 83.99324369523048 79.75171717171717 237.8575657234597 106.3197872767409 96.2390404040404 168.4482804988739 61.6356439304804 75.68830795262265</data>
    </avgRCells>
    <avgGCells idx="1" type="struct" size="1 1">
      <data idx="1" type="double" size="1 9">94.30160880326447 78.83632684460503 81.08533670033665 244.1358953776172 105.2631948625326 97.02829966329978 166.3712811375937 54.48011564191348 75.08983079526224</data>
    </avgGCells>
    <avgBCells idx="1" type="struct" size="1 1">
      <data idx="1" type="double" size="1 9">87.31660980667607 67.15328784534083 73.3590740740741 245.2482942002809 93.74006622516555 87.37964646464647 160.4040575520221 43.35183379836621 64.3340439932318</data>
    </avgBCells>
  </features>
</root>
