<?xml version="1.0"?>
<!-- Written on 15-Jun-2010 21:47:22 using the XML Toolbox for Matlab -->
<root xml_tb_version="3.1" idx="1" type="struct" size="1 1">
  <filename idx="1" type="char" size="1 36">c4d9320964cf08bd802af0c9d5a4b051.jpg</filename>
  <features idx="1" type="struct" size="1 1">
    <numFaces idx="1" type="struct" size="1 1">
      <data idx="1" type="double" size="1 1">0</data>
    </numFaces>
    <cornerRatio idx="1" type="struct" size="1 1">
      <data idx="1" type="double" size="1 1">0.0009606551183543251</data>
    </cornerRatio>
    <edgeRatio idx="1" type="struct" size="1 1">
      <data idx="1" type="double" size="1 1">0.142525699542599</data>
    </edgeRatio>
    <gridEdgeRatio idx="1" type="struct" size="1 1">
      <data idx="1" type="double" size="1 9">0.08706212320548215 0.1014182654079138 0.1029218291431132 0.1560670242449652 0.1610114357587937 0.1803409041622693 0.1699749887955587 0.1698159580158741 0.1549538087871734</data>
    </gridEdgeRatio>
    <medianHue idx="1" type="struct" size="1 1">
      <data idx="1" type="double" size="1 1">0</data>
    </medianHue>
    <avgSat idx="1" type="struct" size="1 1">
      <data idx="1" type="double" size="1 1">0</data>
    </avgSat>
    <avgInt idx="1" type="struct" size="1 1">
      <data idx="1" type="double" size="1 1">109.2781217658616</data>
    </avgInt>
    <medHueCells idx="1" type="struct" size="1 1">
      <data idx="1" type="double" size="1 9">0 0 0 0 0 0 0 0 0</data>
    </medHueCells>
    <avgSatCells idx="1" type="struct" size="1 1">
      <data idx="1" type="double" size="1 9">0 0 0 0 0 0 0 0 0</data>
    </avgSatCells>
    <avgIntCells idx="1" type="struct" size="1 1">
      <data idx="1" type="double" size="1 9">155.0534054272868 144.4672613454004 53.61345400396129 152.8310659399441 130.042967225202 51.06072084315226 137.0054215038529 109.9690323699923 49.41019821018086</data>
    </avgIntCells>
    <cornerRatioGrid idx="1" type="struct" size="1 1">
      <data idx="1" type="double" size="1 9">29 45 49 92 83 127 59 59 52</data>
    </cornerRatioGrid>
    <avgR idx="1" type="struct" size="1 1">
      <data idx="1" type="double" size="1 1">109.2781217658616</data>
    </avgR>
    <avgG idx="1" type="struct" size="1 1">
      <data idx="1" type="double" size="1 1">109.2781217658616</data>
    </avgG>
    <avgB idx="1" type="struct" size="1 1">
      <data idx="1" type="double" size="1 1">109.2781217658616</data>
    </avgB>
    <avgRCells idx="1" type="struct" size="1 1">
      <data idx="1" type="double" size="1 9">155.0534054272868 144.4672613454004 53.61345400396129 152.8310659399441 130.042967225202 51.06072084315226 137.0054215038529 109.9690323699923 49.41019821018086</data>
    </avgRCells>
    <avgGCells idx="1" type="struct" size="1 1">
      <data idx="1" type="double" size="1 9">155.0534054272868 144.4672613454004 53.61345400396129 152.8310659399441 130.042967225202 51.06072084315226 137.0054215038529 109.9690323699923 49.41019821018086</data>
    </avgGCells>
    <avgBCells idx="1" type="struct" size="1 1">
      <data idx="1" type="double" size="1 9">155.0534054272868 144.4672613454004 53.61345400396129 152.8310659399441 130.042967225202 51.06072084315226 137.0054215038529 109.9690323699923 49.41019821018086</data>
    </avgBCells>
  </features>
</root>
