<?xml version="1.0"?>
<!-- Written on 15-Jun-2010 21:47:22 using the XML Toolbox for Matlab -->
<root xml_tb_version="3.1" idx="1" type="struct" size="1 1">
  <filename idx="1" type="char" size="1 29">c5757_guhit_01_by_iakobos.jpg</filename>
  <features idx="1" type="struct" size="1 1">
    <numFaces idx="1" type="struct" size="1 1">
      <data idx="1" type="double" size="1 1">0</data>
    </numFaces>
    <cornerRatio idx="1" type="struct" size="1 1">
      <data idx="1" type="double" size="1 1">0.002709471766848816</data>
    </cornerRatio>
    <edgeRatio idx="1" type="struct" size="1 1">
      <data idx="1" type="double" size="1 1">0.1919930176077717</data>
    </edgeRatio>
    <gridEdgeRatio idx="1" type="struct" size="1 1">
      <data idx="1" type="double" size="1 9">0.03506722205289706 0.2186663957465542 0.09351171023965134 0.171323106099089 0.3366351722035963 0.1944104030501091 0.1606557377049181 0.2853308417565616 0.2345457650273225</data>
    </gridEdgeRatio>
    <medianHue idx="1" type="struct" size="1 1">
      <data idx="1" type="double" size="1 1">19</data>
    </medianHue>
    <avgSat idx="1" type="struct" size="1 1">
      <data idx="1" type="double" size="1 1">155.0089082422586</data>
    </avgSat>
    <avgInt idx="1" type="struct" size="1 1">
      <data idx="1" type="double" size="1 1">183.8600314966607</data>
    </avgInt>
    <medHueCells idx="1" type="struct" size="1 1">
      <data idx="1" type="double" size="1 9">19 19 19 18 26 20 19 18 17</data>
    </medHueCells>
    <avgSatCells idx="1" type="struct" size="1 1">
      <data idx="1" type="double" size="1 9">191.5687290460224 168.0481221849707 166.5854582519324 160.9494903315384 98.33059026719495 126.4968657096746 173.9916428376906 155.3130957244009 152.5410006830602</data>
    </avgSatCells>
    <avgIntCells idx="1" type="struct" size="1 1">
      <data idx="1" type="double" size="1 9">234.3022113854178 198.6199160147653 216.9465896542938 178.6656337837379 114.2957770327474 162.367060222543 208.7034483932463 164.801334422658 174.6021345628416</data>
    </avgIntCells>
    <cornerRatioGrid idx="1" type="struct" size="1 1">
      <data idx="1" type="double" size="1 9">7 172 69 141 309 161 120 253 196</data>
    </cornerRatioGrid>
    <avgR idx="1" type="struct" size="1 1">
      <data idx="1" type="double" size="1 1">182.5553278688525</data>
    </avgR>
    <avgG idx="1" type="struct" size="1 1">
      <data idx="1" type="double" size="1 1">137.3513642228295</data>
    </avgG>
    <avgB idx="1" type="struct" size="1 1">
      <data idx="1" type="double" size="1 1">63.34921068609593</data>
    </avgB>
    <avgRCells idx="1" type="struct" size="1 1">
      <data idx="1" type="double" size="1 9">234.236648718209 197.5331030512378 216.5142104816105 177.9487453012293 109.4743811168682 159.9148050624311 208.4689712690632 163.800023828976 173.6096482240438</data>
    </avgRCells>
    <avgGCells idx="1" type="struct" size="1 1">
      <data idx="1" type="double" size="1 9">168.6977378170612 148.9914829489655 162.0223732268752 131.3611534423787 99.17198347387315 129.5540643846088 152.8313419117648 117.1301913126362 125.5463114754098</data>
    </avgGCells>
    <avgBCells idx="1" type="struct" size="1 1">
      <data idx="1" type="double" size="1 9">58.11627552575435 61.96356124487795 72.76318695319799 58.28676893900914 71.02724440380642 74.93220079843711 60.40568831699349 52.1133238017429 60.68715846994534</data>
    </avgBCells>
  </features>
</root>
