<?xml version="1.0"?>
<!-- Written on 15-Jun-2010 21:47:22 using the XML Toolbox for Matlab -->
<root xml_tb_version="3.1" idx="1" type="struct" size="1 1">
  <filename idx="1" type="char" size="1 36">c88e3d02ef42d58e72d20807643c0f1f.jpg</filename>
  <features idx="1" type="struct" size="1 1">
    <numFaces idx="1" type="struct" size="1 1">
      <data idx="1" type="double" size="1 1">2</data>
    </numFaces>
    <cornerRatio idx="1" type="struct" size="1 1">
      <data idx="1" type="double" size="1 1">0.0007378957169459963</data>
    </cornerRatio>
    <edgeRatio idx="1" type="struct" size="1 1">
      <data idx="1" type="double" size="1 1">0.1351117318435754</data>
    </edgeRatio>
    <gridEdgeRatio idx="1" type="struct" size="1 1">
      <data idx="1" type="double" size="1 9">0.2618573797678275 0.1288557213930348 0.2273409488868506 0.2046641791044776 0.06776533996683251 0.1622821645960142 0.039703425229741 0.07005012531328324 0.05200151216028907</data>
    </gridEdgeRatio>
    <medianHue idx="1" type="struct" size="1 1">
      <data idx="1" type="double" size="1 1">0</data>
    </medianHue>
    <avgSat idx="1" type="struct" size="1 1">
      <data idx="1" type="double" size="1 1">0</data>
    </avgSat>
    <avgInt idx="1" type="struct" size="1 1">
      <data idx="1" type="double" size="1 1">86.18394785847298</data>
    </avgInt>
    <medHueCells idx="1" type="struct" size="1 1">
      <data idx="1" type="double" size="1 9">0 0 0 0 0 0 0 0 0</data>
    </medHueCells>
    <avgSatCells idx="1" type="struct" size="1 1">
      <data idx="1" type="double" size="1 9">0 0 0 0 0 0 0 0 0</data>
    </avgSatCells>
    <avgIntCells idx="1" type="struct" size="1 1">
      <data idx="1" type="double" size="1 9">84.82186981757876 113.7888059701492 64.36353383458645 61.29962686567165 126.5195688225539 73.43999582289061 77.1882973401151 117.8800341866089 56.104570084429</data>
    </avgIntCells>
    <cornerRatioGrid idx="1" type="struct" size="1 1">
      <data idx="1" type="double" size="1 9">118 66 96 22 4 2 1 5 3</data>
    </cornerRatioGrid>
    <avgR idx="1" type="struct" size="1 1">
      <data idx="1" type="double" size="1 1">86.18394785847298</data>
    </avgR>
    <avgG idx="1" type="struct" size="1 1">
      <data idx="1" type="double" size="1 1">86.18394785847298</data>
    </avgG>
    <avgB idx="1" type="struct" size="1 1">
      <data idx="1" type="double" size="1 1">86.18394785847298</data>
    </avgB>
    <avgRCells idx="1" type="struct" size="1 1">
      <data idx="1" type="double" size="1 9">84.82186981757876 113.7888059701492 64.36353383458645 61.29962686567165 126.5195688225539 73.43999582289061 77.1882973401151 117.8800341866089 56.104570084429</data>
    </avgRCells>
    <avgGCells idx="1" type="struct" size="1 1">
      <data idx="1" type="double" size="1 9">84.82186981757876 113.7888059701492 64.36353383458645 61.29962686567165 126.5195688225539 73.43999582289061 77.1882973401151 117.8800341866089 56.104570084429</data>
    </avgGCells>
    <avgBCells idx="1" type="struct" size="1 1">
      <data idx="1" type="double" size="1 9">84.82186981757876 113.7888059701492 64.36353383458645 61.29962686567165 126.5195688225539 73.43999582289061 77.1882973401151 117.8800341866089 56.104570084429</data>
    </avgBCells>
  </features>
</root>
