<?xml version="1.0"?>
<!-- Written on 15-Jun-2010 21:47:22 using the XML Toolbox for Matlab -->
<root xml_tb_version="3.1" idx="1" type="struct" size="1 1">
  <filename idx="1" type="char" size="1 36">c9b925a19521b0779c18c3d321dfcb05.jpg</filename>
  <features idx="1" type="struct" size="1 1">
    <numFaces idx="1" type="struct" size="1 1">
      <data idx="1" type="double" size="1 1">0</data>
    </numFaces>
    <cornerRatio idx="1" type="struct" size="1 1">
      <data idx="1" type="double" size="1 1">0.0008700891781152085</data>
    </cornerRatio>
    <edgeRatio idx="1" type="struct" size="1 1">
      <data idx="1" type="double" size="1 1">0.1739093757531935</data>
    </edgeRatio>
    <gridEdgeRatio idx="1" type="struct" size="1 1">
      <data idx="1" type="double" size="1 9">0.1439074054227843 0.2130103954560069 0.06649462365591437 0.09750294716536274 0.1272103740220769 0.09051612903225802 0.2973530497470308 0.2737932382255235 0.2572766884531594</data>
    </gridEdgeRatio>
    <medianHue idx="1" type="struct" size="1 1">
      <data idx="1" type="double" size="1 1">22</data>
    </medianHue>
    <avgSat idx="1" type="struct" size="1 1">
      <data idx="1" type="double" size="1 1">97.20476259339604</data>
    </avgSat>
    <avgInt idx="1" type="struct" size="1 1">
      <data idx="1" type="double" size="1 1">158.7938900939985</data>
    </avgInt>
    <medHueCells idx="1" type="struct" size="1 1">
      <data idx="1" type="double" size="1 9">13 15 31 105 14 28 105 13 29</data>
    </medHueCells>
    <avgSatCells idx="1" type="struct" size="1 1">
      <data idx="1" type="double" size="1 9">47.48543564462543 63.1235880398671 151.6312726641045 85.1087986282284 61.81622548494268 130.3015655874753 180.0824516129033 36.45877419354837 118.5662091503268</data>
    </avgSatCells>
    <avgIntCells idx="1" type="struct" size="1 1">
      <data idx="1" type="double" size="1 9">205.2869788875791 212.1328474975886 108.1812476928756 160.5716643446575 197.2376379809238 124.5829153366773 135.8058709677419 159.2284731182796 124.5827886710239</data>
    </avgIntCells>
    <cornerRatioGrid idx="1" type="struct" size="1 1">
      <data idx="1" type="double" size="1 9">26 62 18 25 1 2 70 77 80</data>
    </cornerRatioGrid>
    <avgR idx="1" type="struct" size="1 1">
      <data idx="1" type="double" size="1 1">143.5425427813931</data>
    </avgR>
    <avgG idx="1" type="struct" size="1 1">
      <data idx="1" type="double" size="1 1">138.3918076644974</data>
    </avgG>
    <avgB idx="1" type="struct" size="1 1">
      <data idx="1" type="double" size="1 1">123.385726681128</data>
    </avgB>
    <avgRCells idx="1" type="struct" size="1 1">
      <data idx="1" type="double" size="1 9">203.8899796377666 211.3066552352374 103.6077345666949 129.5663701639696 196.6343800235772 120.2769417844658 54.59688172043012 150.5954838709679 120.3949237472767</data>
    </avgRCells>
    <avgGCells idx="1" type="struct" size="1 1">
      <data idx="1" type="double" size="1 9">183.5203943843104 185.5356339084772 104.6907041886522 133.0430393312615 170.1677205015539 116.219073675982 92.11621505376347 142.8041505376345 116.5076252723312</data>
    </avgGCells>
    <avgBCells idx="1" type="struct" size="1 1">
      <data idx="1" type="double" size="1 9">168.1299110491908 159.82891437145 53.41072242850627 144.9441646125817 147.9493944914799 72.80800382168374 134.3345376344086 146.9435913978496 80.70141612200432</data>
    </avgBCells>
  </features>
</root>
