<?xml version="1.0"?>
<!-- Written on 15-Jun-2010 21:44:26 using the XML Toolbox for Matlab -->
<root xml_tb_version="3.1" idx="1" type="struct" size="1 1">
  <filename idx="1" type="char" size="1 49">Can__t_Smile_Don__t_Blame_by_hybridinsurgency.jpg</filename>
  <features idx="1" type="struct" size="1 1">
    <numFaces idx="1" type="struct" size="1 1">
      <data idx="1" type="double" size="1 1">0</data>
    </numFaces>
    <cornerRatio idx="1" type="struct" size="1 1">
      <data idx="1" type="double" size="1 1">0.0008117626342665962</data>
    </cornerRatio>
    <edgeRatio idx="1" type="struct" size="1 1">
      <data idx="1" type="double" size="1 1">0.1537876386687797</data>
    </edgeRatio>
    <gridEdgeRatio idx="1" type="struct" size="1 1">
      <data idx="1" type="double" size="1 9">0.1091149564642345 0.139487647809041 0.1487993680884674 0.2176788272897608 0.0957471933995686 0.2234439178515009 0.1267339515989355 0.1051628851694982 0.218483412322275</data>
    </gridEdgeRatio>
    <medianHue idx="1" type="struct" size="1 1">
      <data idx="1" type="double" size="1 1">21</data>
    </medianHue>
    <avgSat idx="1" type="struct" size="1 1">
      <data idx="1" type="double" size="1 1">40.19683394963908</data>
    </avgSat>
    <avgInt idx="1" type="struct" size="1 1">
      <data idx="1" type="double" size="1 1">231.2632452896636</data>
    </avgInt>
    <medHueCells idx="1" type="struct" size="1 1">
      <data idx="1" type="double" size="1 9">90 89 21 19 19 21 90 45 20</data>
    </medHueCells>
    <avgSatCells idx="1" type="struct" size="1 1">
      <data idx="1" type="double" size="1 9">37.68074821684431 52.68167718977813 40.49574089527796 52.00573129064255 24.10590291445578 20.62227015792541 39.32148499210108 55.60317535545023 39.37080568720381</data>
    </avgSatCells>
    <avgIntCells idx="1" type="struct" size="1 1">
      <data idx="1" type="double" size="1 9">242.9548897041457 232.9865535104157 227.6157830926927 240.7820692478468 220.296074695722 229.7190093054746 241.8448341232225 230.5906161137442 214.5331437598736</data>
    </avgIntCells>
    <cornerRatioGrid idx="1" type="struct" size="1 1">
      <data idx="1" type="double" size="1 9">3 22 37 23 52 56 57 68 143</data>
    </cornerRatioGrid>
    <avgR idx="1" type="struct" size="1 1">
      <data idx="1" type="double" size="1 1">225.0330410283502</data>
    </avgR>
    <avgG idx="1" type="struct" size="1 1">
      <data idx="1" type="double" size="1 1">214.7079027997887</data>
    </avgG>
    <avgB idx="1" type="struct" size="1 1">
      <data idx="1" type="double" size="1 1">201.0001408698714</data>
    </avgB>
    <avgRCells idx="1" type="struct" size="1 1">
      <data idx="1" type="double" size="1 9">235.4137078616303 217.9462140416621 223.3688809812474 240.7783218655034 219.9720048495535 229.670545259876 234.7539020537123 210.6828909952606 212.6936808846762</data>
    </avgRCells>
    <avgGCells idx="1" type="struct" size="1 1">
      <data idx="1" type="double" size="1 9">228.939443560958 211.1079025680591 207.0082505392766 221.6209003164807 209.0542740627608 220.9239501818582 222.9076777251184 217.9238704581357 192.673317535545</data>
    </avgGCells>
    <avgBCells idx="1" type="struct" size="1 1">
      <data idx="1" type="double" size="1 9">214.5190754357512 201.5419691077136 201.7424225724676 192.2719528900505 200.2944529294139 213.9264536851884 214.3080726698261 182.6859399684045 187.619794628752</data>
    </avgBCells>
  </features>
</root>
