<?xml version="1.0"?>
<!-- Written on 15-Jun-2010 21:44:27 using the XML Toolbox for Matlab -->
<root xml_tb_version="3.1" idx="1" type="struct" size="1 1">
  <filename idx="1" type="char" size="1 26">Capital_03_by_Craniata.jpg</filename>
  <features idx="1" type="struct" size="1 1">
    <numFaces idx="1" type="struct" size="1 1">
      <data idx="1" type="double" size="1 1">1</data>
    </numFaces>
    <cornerRatio idx="1" type="struct" size="1 1">
      <data idx="1" type="double" size="1 1">0.000518641565153193</data>
    </cornerRatio>
    <edgeRatio idx="1" type="struct" size="1 1">
      <data idx="1" type="double" size="1 1">0.09825027685492801</data>
    </edgeRatio>
    <gridEdgeRatio idx="1" type="struct" size="1 1">
      <data idx="1" type="double" size="1 9">0.0561330219400677 0.09067135949475333 0.1140594059405939 0.05910989770073335 0.1161968356304069 0.1573432343234324 0.05501661129568106 0.07257475083056476 0.1645833333333334</data>
    </gridEdgeRatio>
    <medianHue idx="1" type="struct" size="1 1">
      <data idx="1" type="double" size="1 1">22</data>
    </medianHue>
    <avgSat idx="1" type="struct" size="1 1">
      <data idx="1" type="double" size="1 1">23.39267811000364</data>
    </avgSat>
    <avgInt idx="1" type="struct" size="1 1">
      <data idx="1" type="double" size="1 1">155.8282133628646</data>
    </avgInt>
    <medHueCells idx="1" type="struct" size="1 1">
      <data idx="1" type="double" size="1 9">22 21 21 18 20 21 30 24 24</data>
    </medHueCells>
    <avgSatCells idx="1" type="struct" size="1 1">
      <data idx="1" type="double" size="1 9">17.01207197131673 21.14792276569849 19.79710963455148 18.71366073484423 24.40857208644453 24.40024916943522 23.28113861386139 29.71498349834981 32.21641666666667</data>
    </avgSatCells>
    <avgIntCells idx="1" type="struct" size="1 1">
      <data idx="1" type="double" size="1 9">174.4981086148481 166.0422025591263 170.5067774086379 169.1587447781323 167.6758823722904 179.4990199335548 126.9071452145215 130.8915841584157 117.0239166666666</data>
    </avgIntCells>
    <cornerRatioGrid idx="1" type="struct" size="1 1">
      <data idx="1" type="double" size="1 9">12 23 24 16 50 65 15 22 54</data>
    </cornerRatioGrid>
    <avgR idx="1" type="struct" size="1 1">
      <data idx="1" type="double" size="1 1">154.2264544112219</data>
    </avgR>
    <avgG idx="1" type="struct" size="1 1">
      <data idx="1" type="double" size="1 1">150.2237541528241</data>
    </avgG>
    <avgB idx="1" type="struct" size="1 1">
      <data idx="1" type="double" size="1 1">144.0007290513106</data>
    </avgB>
    <avgRCells idx="1" type="struct" size="1 1">
      <data idx="1" type="double" size="1 9">173.8041347324102 165.2298937534949 170.2379568106312 167.6311305549163 165.6476760632873 178.9159800664452 123.850198019802 128.9246204620462 113.5432</data>
    </avgRCells>
    <avgGCells idx="1" type="struct" size="1 1">
      <data idx="1" type="double" size="1 9">169.7779020426958 160.5165290615439 165.6467275747509 162.9932896944179 160.9021413769286 174.116096345515 120.844306930693 125.4829537953794 111.4832</data>
    </avgGCells>
    <avgBCells idx="1" type="struct" size="1 1">
      <data idx="1" type="double" size="1 9">164.5149501661129 153.4312522614387 157.6296013289037 158.7815367915528 154.4325844544587 163.3345514950165 119.2688613861386 117.6399669966997 106.6521166666667</data>
    </avgBCells>
  </features>
</root>
