<?xml version="1.0"?>
<!-- Written on 15-Jun-2010 21:44:27 using the XML Toolbox for Matlab -->
<root xml_tb_version="3.1" idx="1" type="struct" size="1 1">
  <filename idx="1" type="char" size="1 26">Capital_01_by_Craniata.jpg</filename>
  <features idx="1" type="struct" size="1 1">
    <numFaces idx="1" type="struct" size="1 1">
      <data idx="1" type="double" size="1 1">0</data>
    </numFaces>
    <cornerRatio idx="1" type="struct" size="1 1">
      <data idx="1" type="double" size="1 1">0.0008240740740740741</data>
    </cornerRatio>
    <edgeRatio idx="1" type="struct" size="1 1">
      <data idx="1" type="double" size="1 1">0.07438703703703704</data>
    </edgeRatio>
    <gridEdgeRatio idx="1" type="struct" size="1 1">
      <data idx="1" type="double" size="1 9">0.2027239219186458 0.1257169302986727 0.003349917081260364 0.190062974165716 0.08913902249549613 4.975124378109453e-05 0.03950166112956802 0.01762458471760794 0</data>
    </gridEdgeRatio>
    <medianHue idx="1" type="struct" size="1 1">
      <data idx="1" type="double" size="1 1">102</data>
    </medianHue>
    <avgSat idx="1" type="struct" size="1 1">
      <data idx="1" type="double" size="1 1">32.83633148148147</data>
    </avgSat>
    <avgInt idx="1" type="struct" size="1 1">
      <data idx="1" type="double" size="1 1">151.8820555555556</data>
    </avgInt>
    <medHueCells idx="1" type="struct" size="1 1">
      <data idx="1" type="double" size="1 9">110 110 97 108 102 98 102 102 108</data>
    </medHueCells>
    <avgSatCells idx="1" type="struct" size="1 1">
      <data idx="1" type="double" size="1 9">42.17543511677492 55.44810829573066 47.1830897009967 50.13485727508632 43.33731673856635 35.75302325581391 8.396019900497517 6.440514096185742 6.39843333333335</data>
    </avgSatCells>
    <avgIntCells idx="1" type="struct" size="1 1">
      <data idx="1" type="double" size="1 9">55.88565478256557 53.69017041040641 123.1763122923587 98.50746268656711 147.4573312837804 148.5431727574751 249.8093200663348 248.6821227197347 242.6347333333334</data>
    </avgIntCells>
    <cornerRatioGrid idx="1" type="struct" size="1 1">
      <data idx="1" type="double" size="1 9">147 78 0 154 54 0 12 0 0</data>
    </cornerRatioGrid>
    <avgR idx="1" type="struct" size="1 1">
      <data idx="1" type="double" size="1 1">141.3534962962964</data>
    </avgR>
    <avgG idx="1" type="struct" size="1 1">
      <data idx="1" type="double" size="1 1">148.244801851852</data>
    </avgG>
    <avgB idx="1" type="struct" size="1 1">
      <data idx="1" type="double" size="1 1">151.7994222222223</data>
    </avgB>
    <avgRCells idx="1" type="struct" size="1 1">
      <data idx="1" type="double" size="1 9">52.925240905109 50.82094510834534 103.4370431893687 81.8183335812631 129.3641096841374 134.5448006644519 242.2106135986731 242.243830845771 236.2407666666666</data>
    </avgRCells>
    <avgGCells idx="1" type="struct" size="1 1">
      <data idx="1" type="double" size="1 9">53.70878167303017 51.49096709145299 118.1426411960132 93.81145766185686 142.543710021322 144.6373754152823 246.8980597014924 245.713897180763 238.6952333333334</data>
    </avgGCells>
    <avgBCells idx="1" type="struct" size="1 1">
      <data idx="1" type="double" size="1 9">55.62284920910398 53.37001041305103 123.1408637873754 98.46663691509228 147.409067618717 148.5276411960133 249.805638474295 248.6649087893864 242.6347333333334</data>
    </avgBCells>
  </features>
</root>
