<?xml version="1.0"?>
<!-- Written on 15-Jun-2010 21:44:27 using the XML Toolbox for Matlab -->
<root xml_tb_version="3.1" idx="1" type="struct" size="1 1">
  <filename idx="1" type="char" size="1 26">Capital_04_by_Craniata.jpg</filename>
  <features idx="1" type="struct" size="1 1">
    <numFaces idx="1" type="struct" size="1 1">
      <data idx="1" type="double" size="1 1">0</data>
    </numFaces>
    <cornerRatio idx="1" type="struct" size="1 1">
      <data idx="1" type="double" size="1 1">0.001806939830195644</data>
    </cornerRatio>
    <edgeRatio idx="1" type="struct" size="1 1">
      <data idx="1" type="double" size="1 1">0.1794444444444444</data>
    </edgeRatio>
    <gridEdgeRatio idx="1" type="struct" size="1 1">
      <data idx="1" type="double" size="1 9">0.2373277194829116 0.1993026545179435 0.2234488448844884 0.2090391763428835 0.2115719877635604 0.1396699669966996 0.176295681063123 0.1391528239202658 0.07793333333333334</data>
    </gridEdgeRatio>
    <medianHue idx="1" type="struct" size="1 1">
      <data idx="1" type="double" size="1 1">28</data>
    </medianHue>
    <avgSat idx="1" type="struct" size="1 1">
      <data idx="1" type="double" size="1 1">47.28799741602066</data>
    </avgSat>
    <avgInt idx="1" type="struct" size="1 1">
      <data idx="1" type="double" size="1 1">149.2428552971576</data>
    </avgInt>
    <medHueCells idx="1" type="struct" size="1 1">
      <data idx="1" type="double" size="1 9">75 28 30 30 27 26 30 27 26</data>
    </medHueCells>
    <avgSatCells idx="1" type="struct" size="1 1">
      <data idx="1" type="double" size="1 9">38.49123384099208 52.25740929574682 50.09131229235881 29.46973783757115 54.09141146672808 54.67021594684383 34.29092409240926 56.60445544554455 55.9916833333333</data>
    </avgSatCells>
    <avgIntCells idx="1" type="struct" size="1 1">
      <data idx="1" type="double" size="1 9">137.0050327291865 138.9234400184206 115.0526910299004 176.8027531989079 140.957649419427 152.2113953488372 159.8395544554456 156.5451485148516 165.1109666666667</data>
    </avgIntCells>
    <cornerRatioGrid idx="1" type="struct" size="1 1">
      <data idx="1" type="double" size="1 9">175 168 168 103 130 79 58 73 25</data>
    </cornerRatioGrid>
    <avgR idx="1" type="struct" size="1 1">
      <data idx="1" type="double" size="1 1">146.7632465854558</data>
    </avgR>
    <avgG idx="1" type="struct" size="1 1">
      <data idx="1" type="double" size="1 1">145.2191029900332</data>
    </avgG>
    <avgB idx="1" type="struct" size="1 1">
      <data idx="1" type="double" size="1 1">125.9050276854929</data>
    </avgB>
    <avgRCells idx="1" type="struct" size="1 1">
      <data idx="1" type="double" size="1 9">131.2363902503207 136.4650998322422 112.1207475083056 173.8554159402652 138.5760172362751 151.1620099667774 155.8856105610562 155.9358085808582 164.9340666666666</data>
    </avgRCells>
    <avgGCells idx="1" type="struct" size="1 1">
      <data idx="1" type="double" size="1 9">133.8305812308806 134.1411466728067 111.146511627907 174.5187987237263 136.4649847044506 146.8991196013288 156.9292244224423 151.8898679867987 160.3677166666667</data>
    </avgGCells>
    <avgBCells idx="1" type="struct" size="1 1">
      <data idx="1" type="double" size="1 9">127.3526528732607 113.6851090424657 95.32883720930232 162.9689154962006 114.351337127068 120.9997176079734 145.9541254125413 122.4464356435643 129.15645</data>
    </avgBCells>
  </features>
</root>
