<?xml version="1.0"?>
<!-- Written on 15-Jun-2010 21:44:27 using the XML Toolbox for Matlab -->
<root xml_tb_version="3.1" idx="1" type="struct" size="1 1">
  <filename idx="1" type="char" size="1 32">Captured_daugther_by_Skarbog.jpg</filename>
  <features idx="1" type="struct" size="1 1">
    <numFaces idx="1" type="struct" size="1 1">
      <data idx="1" type="double" size="1 1">0</data>
    </numFaces>
    <cornerRatio idx="1" type="struct" size="1 1">
      <data idx="1" type="double" size="1 1">0.002003514938488576</data>
    </cornerRatio>
    <edgeRatio idx="1" type="struct" size="1 1">
      <data idx="1" type="double" size="1 1">0.1746089630931459</data>
    </edgeRatio>
    <gridEdgeRatio idx="1" type="struct" size="1 1">
      <data idx="1" type="double" size="1 9">0.1973118699695241 0.1685160584511994 0.1724232241931703 0.1927014143939986 0.1993826678127686 0.1764476049074001 0.2065071468056543 0.0781805259417198 0.1831714443654743</data>
    </gridEdgeRatio>
    <medianHue idx="1" type="struct" size="1 1">
      <data idx="1" type="double" size="1 1">92</data>
    </medianHue>
    <avgSat idx="1" type="struct" size="1 1">
      <data idx="1" type="double" size="1 1">44.9107732864675</data>
    </avgSat>
    <avgInt idx="1" type="struct" size="1 1">
      <data idx="1" type="double" size="1 1">167.5090685413005</data>
    </avgInt>
    <medHueCells idx="1" type="struct" size="1 1">
      <data idx="1" type="double" size="1 9">95 94 100 82 49 82 93 90 98</data>
    </medHueCells>
    <avgSatCells idx="1" type="struct" size="1 1">
      <data idx="1" type="double" size="1 9">37.06638274595608 45.17039149800735 39.12378583274108 32.25994373681332 59.52430257091506 46.31224828239753 38.48515277018048 44.33585996717982 61.93939034983813</data>
    </avgSatCells>
    <avgIntCells idx="1" type="struct" size="1 1">
      <data idx="1" type="double" size="1 9">177.006798468391 169.9092365398139 145.7000315880913 177.1961006485895 186.8051105727904 198.9459053936665 150.3689536610143 161.3242556849262 141.2215509752824</data>
    </avgIntCells>
    <cornerRatioGrid idx="1" type="struct" size="1 1">
      <data idx="1" type="double" size="1 9">32 43 49 53 47 67 72 27 66</data>
    </cornerRatioGrid>
    <avgR idx="1" type="struct" size="1 1">
      <data idx="1" type="double" size="1 1">152.0830316344464</data>
    </avgR>
    <avgG idx="1" type="struct" size="1 1">
      <data idx="1" type="double" size="1 1">158.636502636204</data>
    </avgG>
    <avgB idx="1" type="struct" size="1 1">
      <data idx="1" type="double" size="1 1">157.7763093145869</data>
    </avgB>
    <avgRCells idx="1" type="struct" size="1 1">
      <data idx="1" type="double" size="1 9">156.8451980933031 151.8483238258966 129.2530995814578 163.038720012503 175.3045635695866 190.0771539129747 133.6120965851372 145.7915917793232 123.9799020769169</data>
    </avgRCells>
    <avgGCells idx="1" type="struct" size="1 1">
      <data idx="1" type="double" size="1 9">172.144018129249 162.5810346174885 138.1136381584143 173.3322653746971 170.5721262795969 182.199913132749 146.9982808470735 153.9815581776979 128.5984363894812</data>
    </avgGCells>
    <avgBCells idx="1" type="struct" size="1 1">
      <data idx="1" type="double" size="1 9">175.3891146362429 165.8887629913261 143.8863223564717 172.8355473939205 157.2600218801282 176.843441522546 147.7136047511135 151.0818551222943 129.6643370449341</data>
    </avgBCells>
  </features>
</root>
