<?xml version="1.0"?>
<!-- Written on 15-Jun-2010 21:44:28 using the XML Toolbox for Matlab -->
<root xml_tb_version="3.1" idx="1" type="struct" size="1 1">
  <filename idx="1" type="char" size="1 31">Car_from_Hell_by_Knuxtiger4.jpg</filename>
  <features idx="1" type="struct" size="1 1">
    <numFaces idx="1" type="struct" size="1 1">
      <data idx="1" type="double" size="1 1">2</data>
    </numFaces>
    <cornerRatio idx="1" type="struct" size="1 1">
      <data idx="1" type="double" size="1 1">0.0005677933695639579</data>
    </cornerRatio>
    <edgeRatio idx="1" type="struct" size="1 1">
      <data idx="1" type="double" size="1 1">0.07209430777490662</data>
    </edgeRatio>
    <gridEdgeRatio idx="1" type="struct" size="1 1">
      <data idx="1" type="double" size="1 9">0.01566588624156453 0.07245902768213744 0.01156700887902331 0.1187164302437681 0.1718771519074509 0.04612930077691454 0.06008925173833328 0.09288407652125781 0.06025229997212156</data>
    </gridEdgeRatio>
    <medianHue idx="1" type="struct" size="1 1">
      <data idx="1" type="double" size="1 1">4</data>
    </medianHue>
    <avgSat idx="1" type="struct" size="1 1">
      <data idx="1" type="double" size="1 1">112.5541643974244</data>
    </avgSat>
    <avgInt idx="1" type="struct" size="1 1">
      <data idx="1" type="double" size="1 1">105.1625125049729</data>
    </avgInt>
    <medHueCells idx="1" type="struct" size="1 1">
      <data idx="1" type="double" size="1 9">2 13 4 7 130 5 2 5 3</data>
    </medHueCells>
    <avgSatCells idx="1" type="struct" size="1 1">
      <data idx="1" type="double" size="1 9">145.2995110866273 95.2422531331772 125.4014079634689 96.03849332047932 60.27413579396776 108.1969592140312 142.9534371531632 111.8843125693674 127.6233795650961</data>
    </avgSatCells>
    <avgIntCells idx="1" type="struct" size="1 1">
      <data idx="1" type="double" size="1 9">118.2320961300096 110.2036909516595 105.93911509323 94.46283225451043 97.97341963916814 106.9728958383782 108.318829772475 95.71174389567148 108.5754460551993</data>
    </avgIntCells>
    <cornerRatioGrid idx="1" type="struct" size="1 1">
      <data idx="1" type="double" size="1 9">8 24 6 61 69 16 29 55 26</data>
    </cornerRatioGrid>
    <avgR idx="1" type="struct" size="1 1">
      <data idx="1" type="double" size="1 1">102.4459669289332</data>
    </avgR>
    <avgG idx="1" type="struct" size="1 1">
      <data idx="1" type="double" size="1 1">62.31630918859622</data>
    </avgG>
    <avgB idx="1" type="struct" size="1 1">
      <data idx="1" type="double" size="1 1">62.76084890902561</data>
    </avgB>
    <avgRCells idx="1" type="struct" size="1 1">
      <data idx="1" type="double" size="1 9">117.4414681173392 106.4912030023413 103.9048673331719 91.49001514942847 90.12846026718083 104.9107655585152 108.1886445615982 91.42631451165373 107.8404132980206</data>
    </avgRCells>
    <avgGCells idx="1" type="struct" size="1 1">
      <data idx="1" type="double" size="1 9">52.67297892852219 76.05667263462334 61.82986819801428 59.69150254785841 79.32297548547034 68.0774206939495 51.36710946170921 53.65352733074364 58.23153052690272</data>
    </avgGCells>
    <avgBCells idx="1" type="struct" size="1 1">
      <data idx="1" type="double" size="1 9">52.59122366065284 78.0669501446081 56.85017469816999 62.44487673874115 88.72787839140618 65.61692669595602 47.44825194228638 57.74332339067703 55.48128659046555</data>
    </avgBCells>
  </features>
</root>
