<?xml version="1.0"?>
<!-- Written on 15-Jun-2010 21:44:28 using the XML Toolbox for Matlab -->
<root xml_tb_version="3.1" idx="1" type="struct" size="1 1">
  <filename idx="1" type="char" size="1 47">Carboniferous_cockroach_III_by_Mallimaakari.jpg</filename>
  <features idx="1" type="struct" size="1 1">
    <numFaces idx="1" type="struct" size="1 1">
      <data idx="1" type="double" size="1 1">1</data>
    </numFaces>
    <cornerRatio idx="1" type="struct" size="1 1">
      <data idx="1" type="double" size="1 1">0.0002740740740740741</data>
    </cornerRatio>
    <edgeRatio idx="1" type="struct" size="1 1">
      <data idx="1" type="double" size="1 1">0.1196407407407407</data>
    </edgeRatio>
    <gridEdgeRatio idx="1" type="struct" size="1 1">
      <data idx="1" type="double" size="1 9">0.02345886461731081 0.01818720964712848 0.006622516556291408 0.06915752364007786 0.1844749761128134 0.1704635761589403 0.03041459369817578 0.2256053067993367 0.3508666666666666</data>
    </gridEdgeRatio>
    <medianHue idx="1" type="struct" size="1 1">
      <data idx="1" type="double" size="1 1">23</data>
    </medianHue>
    <avgSat idx="1" type="struct" size="1 1">
      <data idx="1" type="double" size="1 1">56.42654074074078</data>
    </avgSat>
    <avgInt idx="1" type="struct" size="1 1">
      <data idx="1" type="double" size="1 1">136.5812481481481</data>
    </avgInt>
    <medHueCells idx="1" type="struct" size="1 1">
      <data idx="1" type="double" size="1 9">28 42 15 20 27 21 30 22 22</data>
    </medHueCells>
    <avgSatCells idx="1" type="struct" size="1 1">
      <data idx="1" type="double" size="1 9">17.47830384501334 37.91051365688117 52.04918739635158 17.83641395670653 52.32025303943859 121.8019237147595 5.398377483443707 68.06715231788077 135.9211</data>
    </avgSatCells>
    <avgIntCells idx="1" type="struct" size="1 1">
      <data idx="1" type="double" size="1 9">187.4415011037527 99.17347039636259 38.44553897180762 191.1947876511483 111.1978518005996 99.45014925373134 216.2551324503312 160.1316556291392 124.8853333333334</data>
    </avgIntCells>
    <cornerRatioGrid idx="1" type="struct" size="1 1">
      <data idx="1" type="double" size="1 9">1 0 0 16 8 7 5 16 21</data>
    </cornerRatioGrid>
    <avgR idx="1" type="struct" size="1 1">
      <data idx="1" type="double" size="1 1">135.7912444444444</data>
    </avgR>
    <avgG idx="1" type="struct" size="1 1">
      <data idx="1" type="double" size="1 1">129.6270888888888</data>
    </avgG>
    <avgB idx="1" type="struct" size="1 1">
      <data idx="1" type="double" size="1 1">113.3674259259259</data>
    </avgB>
    <avgRCells idx="1" type="struct" size="1 1">
      <data idx="1" type="double" size="1 9">185.969720931765 97.32852294817309 38.31111111111111 190.6066027478502 110.3874666403084 99.38736318407955 214.6727483443709 159.6553311258279 124.7818</data>
    </avgRCells>
    <avgGCells idx="1" type="struct" size="1 1">
      <data idx="1" type="double" size="1 9">184.6910480709037 95.82359724556031 32.40693200663348 187.865968172383 108.1680998978617 82.8135986733002 215.1747682119204 150.9015562913907 107.5710666666667</data>
    </avgGCells>
    <avgBCells idx="1" type="struct" size="1 1">
      <data idx="1" type="double" size="1 9">182.7809627359891 92.30456986590228 28.85771144278606 185.6691377549338 89.75981022042112 42.13376451077945 214.5521523178808 123.5587417218544 59.17966666666666</data>
    </avgBCells>
  </features>
</root>
