<?xml version="1.0"?>
<!-- Written on 15-Jun-2010 21:44:28 using the XML Toolbox for Matlab -->
<root xml_tb_version="3.1" idx="1" type="struct" size="1 1">
  <filename idx="1" type="char" size="1 45">Carboniferous_cockroach_I_by_Mallimaakari.jpg</filename>
  <features idx="1" type="struct" size="1 1">
    <numFaces idx="1" type="struct" size="1 1">
      <data idx="1" type="double" size="1 1">0</data>
    </numFaces>
    <cornerRatio idx="1" type="struct" size="1 1">
      <data idx="1" type="double" size="1 1">0.0002703703703703704</data>
    </cornerRatio>
    <edgeRatio idx="1" type="struct" size="1 1">
      <data idx="1" type="double" size="1 1">0.05513703703703704</data>
    </edgeRatio>
    <gridEdgeRatio idx="1" type="struct" size="1 1">
      <data idx="1" type="double" size="1 9">0.06042634509571341 0.02095482850647425 0.00960264900662251 0.03769233303680278 0.2001581496491054 0.1140066225165563 0.01091210613598675 0.01708126036484242 0.02446666666666663</data>
    </gridEdgeRatio>
    <medianHue idx="1" type="struct" size="1 1">
      <data idx="1" type="double" size="1 1">21</data>
    </medianHue>
    <avgSat idx="1" type="struct" size="1 1">
      <data idx="1" type="double" size="1 1">57.87149259259262</data>
    </avgSat>
    <avgInt idx="1" type="struct" size="1 1">
      <data idx="1" type="double" size="1 1">203.7821666666665</data>
    </avgInt>
    <medHueCells idx="1" type="struct" size="1 1">
      <data idx="1" type="double" size="1 9">21 22 22 20 25 21 20 20 20</data>
    </medHueCells>
    <avgSatCells idx="1" type="struct" size="1 1">
      <data idx="1" type="double" size="1 9">60.79905110210536 42.00115317452471 26.61655058043116 45.63701360745942 113.1238179961122 34.48013266998343 59.55847682119204 71.41804635761589 66.77406666666667</data>
    </avgSatCells>
    <avgIntCells idx="1" type="struct" size="1 1">
      <data idx="1" type="double" size="1 9">219.3818325590589 228.5216961549867 233.8766832504146 231.6960231952819 144.4356034397548 207.326135986733 209.7151655629139 197.2842715231787 162.5966</data>
    </avgIntCells>
    <cornerRatioGrid idx="1" type="struct" size="1 1">
      <data idx="1" type="double" size="1 9">6 13 3 11 29 6 0 4 1</data>
    </cornerRatioGrid>
    <avgR idx="1" type="struct" size="1 1">
      <data idx="1" type="double" size="1 1">203.304937037037</data>
    </avgR>
    <avgG idx="1" type="struct" size="1 1">
      <data idx="1" type="double" size="1 1">193.095859259259</data>
    </avgG>
    <avgB idx="1" type="struct" size="1 1">
      <data idx="1" type="double" size="1 1">164.1516407407408</data>
    </avgB>
    <avgRCells idx="1" type="struct" size="1 1">
      <data idx="1" type="double" size="1 9">219.3687522651641 225.8396098975323 233.7916417910447 231.6623175513163 143.272577509802 207.1555223880596 209.7151324503311 197.2829801324502 162.4108333333333</data>
    </avgRCells>
    <avgGCells idx="1" type="struct" size="1 1">
      <data idx="1" type="double" size="1 9">207.4385687456755 223.5572139303482 227.3723383084579 218.7793482916544 136.7357582946197 200.3768822553898 193.5349337748343 181.5727814569536 149.3688333333332</data>
    </avgGCells>
    <avgBCells idx="1" type="struct" size="1 1">
      <data idx="1" type="double" size="1 9">173.1775559289645 199.2561035880203 210.7812271973464 191.2915884155382 86.55494052914237 185.4790713101161 161.858642384106 145.9558940397352 123.9104666666667</data>
    </avgBCells>
  </features>
</root>
