<?xml version="1.0"?>
<!-- Written on 15-Jun-2010 21:44:28 using the XML Toolbox for Matlab -->
<root xml_tb_version="3.1" idx="1" type="struct" size="1 1">
  <filename idx="1" type="char" size="1 46">Carboniferous_cockroach_II_by_Mallimaakari.jpg</filename>
  <features idx="1" type="struct" size="1 1">
    <numFaces idx="1" type="struct" size="1 1">
      <data idx="1" type="double" size="1 1">0</data>
    </numFaces>
    <cornerRatio idx="1" type="struct" size="1 1">
      <data idx="1" type="double" size="1 1">0.0003333333333333333</data>
    </cornerRatio>
    <edgeRatio idx="1" type="struct" size="1 1">
      <data idx="1" type="double" size="1 1">0.04671111111111111</data>
    </edgeRatio>
    <gridEdgeRatio idx="1" type="struct" size="1 1">
      <data idx="1" type="double" size="1 9">0.02797271918552928 0.009752561694837077 0.04016556291390728 0.05795525682844057 0.1919211887581961 0.04099337748344369 0.0221890547263682 0.01389718076285239 0.01536666666666671</data>
    </gridEdgeRatio>
    <medianHue idx="1" type="struct" size="1 1">
      <data idx="1" type="double" size="1 1">21</data>
    </medianHue>
    <avgSat idx="1" type="struct" size="1 1">
      <data idx="1" type="double" size="1 1">58.63135925925931</data>
    </avgSat>
    <avgInt idx="1" type="struct" size="1 1">
      <data idx="1" type="double" size="1 1">177.7824407407406</data>
    </avgInt>
    <medHueCells idx="1" type="struct" size="1 1">
      <data idx="1" type="double" size="1 9">21 22 23 22 26 22 20 20 19</data>
    </medHueCells>
    <avgSatCells idx="1" type="struct" size="1 1">
      <data idx="1" type="double" size="1 9">54.15340515963231 43.52940595038057 77.9815588723051 31.56923989324898 103.7607657078844 49.40484245439469 62.30741721854307 54.84549668874167 49.34579999999999</data>
    </avgSatCells>
    <avgIntCells idx="1" type="struct" size="1 1">
      <data idx="1" type="double" size="1 9">216.1722183783072 219.9686336529273 114.0938971807629 230.5394879905109 172.5370169022437 124.9345273631841 187.9723841059604 205.8592052980133 128.7583333333332</data>
    </avgIntCells>
    <cornerRatioGrid idx="1" type="struct" size="1 1">
      <data idx="1" type="double" size="1 9">6 5 6 14 50 5 0 3 1</data>
    </cornerRatioGrid>
    <avgR idx="1" type="struct" size="1 1">
      <data idx="1" type="double" size="1 1">177.2108185185186</data>
    </avgR>
    <avgG idx="1" type="struct" size="1 1">
      <data idx="1" type="double" size="1 1">168.0727111111112</data>
    </avgG>
    <avgB idx="1" type="struct" size="1 1">
      <data idx="1" type="double" size="1 1">141.5881777777778</data>
    </avgB>
    <avgRCells idx="1" type="struct" size="1 1">
      <data idx="1" type="double" size="1 9">216.1575565879214 219.6605383677638 113.1914759535655 230.533129056703 168.9548944021614 124.7655389718076 187.9715894039736 205.8539735099339 128.6347666666666</data>
    </avgRCells>
    <avgGCells idx="1" type="struct" size="1 1">
      <data idx="1" type="double" size="1 9">204.6687753286549 211.2094823893778 105.7739303482586 222.1234226219894 165.8643537280484 119.2878606965175 174.7696026490065 191.514834437086 118.2565666666667</data>
    </avgGCells>
    <avgBCells idx="1" type="struct" size="1 1">
      <data idx="1" type="double" size="1 9">174.9856347402063 185.4866067015914 86.40716417910446 202.3552436493033 115.0626997463016 105.553631840796 146.1195695364238 161.2961920529802 98.13939999999998</data>
    </avgBCells>
  </features>
</root>
