<?xml version="1.0"?>
<!-- Written on 15-Jun-2010 21:44:28 using the XML Toolbox for Matlab -->
<root xml_tb_version="3.1" idx="1" type="struct" size="1 1">
  <filename idx="1" type="char" size="1 42">Carnotaurus_Sastrei_II_by_Mallimaakari.jpg</filename>
  <features idx="1" type="struct" size="1 1">
    <numFaces idx="1" type="struct" size="1 1">
      <data idx="1" type="double" size="1 1">1</data>
    </numFaces>
    <cornerRatio idx="1" type="struct" size="1 1">
      <data idx="1" type="double" size="1 1">0.0003193415637860082</data>
    </cornerRatio>
    <edgeRatio idx="1" type="struct" size="1 1">
      <data idx="1" type="double" size="1 1">0.03607572016460905</data>
    </edgeRatio>
    <gridEdgeRatio idx="1" type="struct" size="1 1">
      <data idx="1" type="double" size="1 9">0.006688619057419213 0.1158674624408314 0.105 0.0006174109899156205 0.05143621556463705 0 0.000664451827242525 0.03963086009597638 0.003999999999999999</data>
    </gridEdgeRatio>
    <medianHue idx="1" type="struct" size="1 1">
      <data idx="1" type="double" size="1 1">50</data>
    </medianHue>
    <avgSat idx="1" type="struct" size="1 1">
      <data idx="1" type="double" size="1 1">47.18952921810692</data>
    </avgSat>
    <avgInt idx="1" type="struct" size="1 1">
      <data idx="1" type="double" size="1 1">37.37229958847736</data>
    </avgInt>
    <medHueCells idx="1" type="struct" size="1 1">
      <data idx="1" type="double" size="1 9">75 50 75 30 37 24 29 75 75</data>
    </medHueCells>
    <avgSatCells idx="1" type="struct" size="1 1">
      <data idx="1" type="double" size="1 9">34.34517684414782 26.20406903242876 36.01142857142857 81.54396848263897 61.30725016905305 58.09650793650793 56.48694690265488 34.65374631268434 35.9432</data>
    </avgSatCells>
    <avgIntCells idx="1" type="struct" size="1 1">
      <data idx="1" type="double" size="1 9">20.68923646840914 14.94881368888366 16.77729051310447 50.88172169464616 47.67753506012406 80.32014765596163 62.41983775811208 19.9120501474926 22.70785185185187</data>
    </avgIntCells>
    <cornerRatioGrid idx="1" type="struct" size="1 1">
      <data idx="1" type="double" size="1 9">2 93 77 0 15 0 1 5 1</data>
    </cornerRatioGrid>
    <avgR idx="1" type="struct" size="1 1">
      <data idx="1" type="double" size="1 1">35.63100576131686</data>
    </avgR>
    <avgG idx="1" type="struct" size="1 1">
      <data idx="1" type="double" size="1 1">34.89474732510292</data>
    </avgG>
    <avgB idx="1" type="struct" size="1 1">
      <data idx="1" type="double" size="1 1">27.19920164609054</data>
    </avgB>
    <avgRCells idx="1" type="struct" size="1 1">
      <data idx="1" type="double" size="1 9">18.69229412283539 13.36662452591656 14.86208933185677 49.79221180137007 46.05234763178788 79.10380214101143 60.94351032448382 17.60470501474927 20.2535111111111</data>
    </avgRCells>
    <avgGCells idx="1" type="struct" size="1 1">
      <data idx="1" type="double" size="1 9">20.08442360274012 14.54432128891895 16.29705426356588 45.61780789698054 44.29916502513741 73.37675895164263 58.75274336283184 19.24575221238939 21.8008888888889</data>
    </avgGCells>
    <avgBCells idx="1" type="struct" size="1 1">
      <data idx="1" type="double" size="1 9">18.62639284979272 13.8785023373416 15.62902916205243 30.28844853438393 32.06337282803634 53.22604651162787 41.62842182890853 18.65210914454277 20.78242962962962</data>
    </avgBCells>
  </features>
</root>
