<?xml version="1.0"?>
<!-- Written on 15-Jun-2010 21:44:28 using the XML Toolbox for Matlab -->
<root xml_tb_version="3.1" idx="1" type="struct" size="1 1">
  <filename idx="1" type="char" size="1 43">Carnotaurus_Sastrei_III_by_Mallimaakari.jpg</filename>
  <features idx="1" type="struct" size="1 1">
    <numFaces idx="1" type="struct" size="1 1">
      <data idx="1" type="double" size="1 1">1</data>
    </numFaces>
    <cornerRatio idx="1" type="struct" size="1 1">
      <data idx="1" type="double" size="1 1">0.0009530864197530865</data>
    </cornerRatio>
    <edgeRatio idx="1" type="struct" size="1 1">
      <data idx="1" type="double" size="1 1">0.0799687242798354</data>
    </edgeRatio>
    <gridEdgeRatio idx="1" type="struct" size="1 1">
      <data idx="1" type="double" size="1 9">0.03608914238673449 0.2549319377884929 0.06414454277286134 0.009452268250374858 0.1293035016023285 0.2226843657817111 0.00168327796234773 0.001417497231450719 0</data>
    </gridEdgeRatio>
    <medianHue idx="1" type="struct" size="1 1">
      <data idx="1" type="double" size="1 1">38</data>
    </medianHue>
    <avgSat idx="1" type="struct" size="1 1">
      <data idx="1" type="double" size="1 1">59.5952411522634</data>
    </avgSat>
    <avgInt idx="1" type="struct" size="1 1">
      <data idx="1" type="double" size="1 1">57.77065020576126</data>
    </avgInt>
    <medHueCells idx="1" type="struct" size="1 1">
      <data idx="1" type="double" size="1 9">50 30 30 33 34 110 50 35 110</data>
    </medHueCells>
    <avgSatCells idx="1" type="struct" size="1 1">
      <data idx="1" type="double" size="1 9">48.67605033369591 81.74121659365535 67.76617201919525 67.04017581512947 77.78762531973072 41.24916943521593 35.73324483775809 73.41323008849555 43.10656296296297</data>
    </avgSatCells>
    <avgIntCells idx="1" type="struct" size="1 1">
      <data idx="1" type="double" size="1 9">46.39414341575281 48.92336753594213 68.75100775193796 90.51628788992453 65.75263869696886 27.51819859726835 49.81525073746314 103.9799115044248 18.07961481481481</data>
    </avgIntCells>
    <cornerRatioGrid idx="1" type="struct" size="1 1">
      <data idx="1" type="double" size="1 9">11 233 41 0 104 190 0 0 0</data>
    </cornerRatioGrid>
    <avgR idx="1" type="struct" size="1 1">
      <data idx="1" type="double" size="1 1">55.20548148148152</data>
    </avgR>
    <avgG idx="1" type="struct" size="1 1">
      <data idx="1" type="double" size="1 1">54.60694979423872</data>
    </avgG>
    <avgB idx="1" type="struct" size="1 1">
      <data idx="1" type="double" size="1 1">42.13341399176951</data>
    </avgB>
    <avgRCells idx="1" type="struct" size="1 1">
      <data idx="1" type="double" size="1 9">44.71081645253282 47.33035898038986 67.34164636397193 87.54291006379907 63.46601299503133 24.56634920634921 46.84246312684368 99.66042772861357 15.18694814814815</data>
    </avgRCells>
    <avgGCells idx="1" type="struct" size="1 1">
      <data idx="1" type="double" size="1 9">40.79907682356746 46.2875812189457 65.35559985234406 83.44241907505955 63.84996912945056 25.48380952380952 47.99312684365784 101.4023451327433 16.66549629629629</data>
    </avgGCells>
    <avgBCells idx="1" type="struct" size="1 1">
      <data idx="1" type="double" size="1 9">34.76873548349162 30.67212536383146 47.90454042081948 65.2769676300238 43.48121306559257 24.58080472499077 41.77402654867252 73.18237463126844 17.40016296296297</data>
    </avgBCells>
  </features>
</root>
