<?xml version="1.0"?>
<!-- Written on 15-Jun-2010 21:44:28 using the XML Toolbox for Matlab -->
<root xml_tb_version="3.1" idx="1" type="struct" size="1 1">
  <filename idx="1" type="char" size="1 42">Carnotaurus_Sastrei_IV_by_Mallimaakari.jpg</filename>
  <features idx="1" type="struct" size="1 1">
    <numFaces idx="1" type="struct" size="1 1">
      <data idx="1" type="double" size="1 1">0</data>
    </numFaces>
    <cornerRatio idx="1" type="struct" size="1 1">
      <data idx="1" type="double" size="1 1">0.000357201646090535</data>
    </cornerRatio>
    <edgeRatio idx="1" type="struct" size="1 1">
      <data idx="1" type="double" size="1 1">0.08614485596707819</data>
    </edgeRatio>
    <gridEdgeRatio idx="1" type="struct" size="1 1">
      <data idx="1" type="double" size="1 9">0.000279304971628495 0.1212330579484315 0.1116519174041298 0.05691941316555435 0.1416958221856348 0.1503982300884958 0.05644887412329268 0.06820228866740495 0.06920000000000001</data>
    </gridEdgeRatio>
    <medianHue idx="1" type="struct" size="1 1">
      <data idx="1" type="double" size="1 1">26</data>
    </medianHue>
    <avgSat idx="1" type="struct" size="1 1">
      <data idx="1" type="double" size="1 1">61.55256954732513</data>
    </avgSat>
    <avgInt idx="1" type="struct" size="1 1">
      <data idx="1" type="double" size="1 1">73.79187818930036</data>
    </avgInt>
    <medHueCells idx="1" type="struct" size="1 1">
      <data idx="1" type="double" size="1 9">110 110 22 75 30 20 42 31 20</data>
    </medHueCells>
    <avgSatCells idx="1" type="struct" size="1 1">
      <data idx="1" type="double" size="1 9">70.40359568400318 75.84394202216798 58.99308970099671 53.41869285273278 59.7995325316791 65.86424510889623 56.98926253687316 50.17671091445428 62.34957037037041</data>
    </avgSatCells>
    <avgIntCells idx="1" type="struct" size="1 1">
      <data idx="1" type="double" size="1 9">5.911313321377119 20.33465145679594 114.3985972683647 33.89199717754977 70.11985123335195 143.6429826504246 36.53862831858406 83.76684365781715 156.1756444444445</data>
    </avgIntCells>
    <cornerRatioGrid idx="1" type="struct" size="1 1">
      <data idx="1" type="double" size="1 9">0 30 46 19 58 45 1 3 15</data>
    </cornerRatioGrid>
    <avgR idx="1" type="struct" size="1 1">
      <data idx="1" type="double" size="1 1">72.53005925925922</data>
    </avgR>
    <avgG idx="1" type="struct" size="1 1">
      <data idx="1" type="double" size="1 1">68.8306090534979</data>
    </avgG>
    <avgB idx="1" type="struct" size="1 1">
      <data idx="1" type="double" size="1 1">58.53863374485603</data>
    </avgB>
    <avgRCells idx="1" type="struct" size="1 1">
      <data idx="1" type="double" size="1 9">4.204921647605327 18.01934554435068 114.1547582133629 31.93243759738922 68.77463028841916 143.6088002953119 34.38998525073747 82.22567846607669 156.1254666666667</data>
    </avgRCells>
    <avgGCells idx="1" type="struct" size="1 1">
      <data idx="1" type="double" size="1 9">4.670831740804988 18.85082174462706 106.5232927279439 32.77679122688382 66.54407138447061 131.8852565522333 35.30538348082595 79.5536135693215 143.9808444444445</data>
    </avgGCells>
    <avgBCells idx="1" type="struct" size="1 1">
      <data idx="1" type="double" size="1 9">5.789110046158822 18.10121130156118 88.08881506090808 31.69508717255171 57.01539117396291 106.3085861941676 32.04050147492624 70.55887905604723 117.7363851851852</data>
    </avgBCells>
  </features>
</root>
