<?xml version="1.0"?>
<!-- Written on 15-Jun-2010 21:44:29 using the XML Toolbox for Matlab -->
<root xml_tb_version="3.1" idx="1" type="struct" size="1 1">
  <filename idx="1" type="char" size="1 21">Cat_by_WarrenLouw.jpg</filename>
  <features idx="1" type="struct" size="1 1">
    <numFaces idx="1" type="struct" size="1 1">
      <data idx="1" type="double" size="1 1">0</data>
    </numFaces>
    <cornerRatio idx="1" type="struct" size="1 1">
      <data idx="1" type="double" size="1 1">8.507166742649481e-05</data>
    </cornerRatio>
    <edgeRatio idx="1" type="struct" size="1 1">
      <data idx="1" type="double" size="1 1">0.05386127210500025</data>
    </edgeRatio>
    <gridEdgeRatio idx="1" type="struct" size="1 1">
      <data idx="1" type="double" size="1 9">0.04371158161771883 0.06211337691482116 0.05153673529124803 0.07626109864377029 0.04197482681237198 0.05984974143818921 0.05518587179237 0.05741047907112904 0.03621816762610985</data>
    </gridEdgeRatio>
    <medianHue idx="1" type="struct" size="1 1">
      <data idx="1" type="double" size="1 1">160</data>
    </medianHue>
    <avgSat idx="1" type="struct" size="1 1">
      <data idx="1" type="double" size="1 1">74.76814044241627</data>
    </avgSat>
    <avgInt idx="1" type="struct" size="1 1">
      <data idx="1" type="double" size="1 1">118.4346529621299</data>
    </avgInt>
    <medHueCells idx="1" type="struct" size="1 1">
      <data idx="1" type="double" size="1 9">131 160 160 139 176 132 160 172 116</data>
    </medHueCells>
    <avgSatCells idx="1" type="struct" size="1 1">
      <data idx="1" type="double" size="1 9">96.0533125182944 89.87612449995125 22.76483559371647 105.244843399356 69.79955117572445 77.49035027807588 49.27829056493314 63.87772465606403 98.78370572738801</data>
    </avgSatCells>
    <avgIntCells idx="1" type="struct" size="1 1">
      <data idx="1" type="double" size="1 9">60.17180212703678 103.8974143818909 158.0256024978047 73.7916284515563 176.8904283344716 97.32771977753924 161.1546687481706 165.3008098351058 69.82999317006538</data>
    </avgIntCells>
    <cornerRatioGrid idx="1" type="struct" size="1 1">
      <data idx="1" type="double" size="1 9">1 1 4 3 10 7 0 5 8</data>
    </cornerRatioGrid>
    <avgR idx="1" type="struct" size="1 1">
      <data idx="1" type="double" size="1 1">113.8802081856393</data>
    </avgR>
    <avgG idx="1" type="struct" size="1 1">
      <data idx="1" type="double" size="1 1">102.054670543608</data>
    </avgG>
    <avgB idx="1" type="struct" size="1 1">
      <data idx="1" type="double" size="1 1">109.4950254887802</data>
    </avgB>
    <avgRCells idx="1" type="struct" size="1 1">
      <data idx="1" type="double" size="1 9">55.82244121377695 103.4473216899209 155.6585422968095 68.56407454385796 176.3540638111035 91.02111425504928 160.7127134354571 157.491521124012 56.44392623670603</data>
    </avgRCells>
    <avgGCells idx="1" type="struct" size="1 1">
      <data idx="1" type="double" size="1 9">49.91191335740073 93.09749243828668 150.7920187335349 57.89493609132598 146.4921260610791 81.40103424724362 148.6117670016587 138.1794711679189 52.32941750414678</data>
    </avgGCells>
    <avgBCells idx="1" type="struct" size="1 1">
      <data idx="1" type="double" size="1 9">55.90203922333883 96.73068592057753 156.3200312225582 64.50190262464635 151.2986437701239 92.26265977168501 153.0560249780467 148.7432139720949 66.82480241974828</data>
    </avgBCells>
  </features>
</root>
