<?xml version="1.0"?>
<!-- Written on 15-Jun-2010 21:44:29 using the XML Toolbox for Matlab -->
<root xml_tb_version="3.1" idx="1" type="struct" size="1 1">
  <filename idx="1" type="char" size="1 29">Cat_Boys_Room_by_UdonNodu.jpg</filename>
  <features idx="1" type="struct" size="1 1">
    <numFaces idx="1" type="struct" size="1 1">
      <data idx="1" type="double" size="1 1">0</data>
    </numFaces>
    <cornerRatio idx="1" type="struct" size="1 1">
      <data idx="1" type="double" size="1 1">0.0007629017305315204</data>
    </cornerRatio>
    <edgeRatio idx="1" type="struct" size="1 1">
      <data idx="1" type="double" size="1 1">0.115376815512979</data>
    </edgeRatio>
    <gridEdgeRatio idx="1" type="struct" size="1 1">
      <data idx="1" type="double" size="1 9">0.1194838264172116 0.1155348395589219 0.1197535659567122 0.1612934550398135 0.1628255756241773 0.1174769642433267 0.05616426444053131 0.09598034739885652 0.0893388986717102</data>
    </gridEdgeRatio>
    <medianHue idx="1" type="struct" size="1 1">
      <data idx="1" type="double" size="1 1">27</data>
    </medianHue>
    <avgSat idx="1" type="struct" size="1 1">
      <data idx="1" type="double" size="1 1">79.08609201174298</data>
    </avgSat>
    <avgInt idx="1" type="struct" size="1 1">
      <data idx="1" type="double" size="1 1">144.8749215370057</data>
    </avgInt>
    <medHueCells idx="1" type="struct" size="1 1">
      <data idx="1" type="double" size="1 9">22 46 9 43 45 18 36 16 19</data>
    </medHueCells>
    <avgSatCells idx="1" type="struct" size="1 1">
      <data idx="1" type="double" size="1 9">59.4207505232947 62.36267020564947 85.52232657231674 46.6288815519734 80.64528171597507 90.68167786256222 85.53004898470036 100.3557540838566 100.6932324615753</data>
    </avgSatCells>
    <avgIntCells idx="1" type="struct" size="1 1">
      <data idx="1" type="double" size="1 9">166.9979607690814 148.7268941110464 126.0436748624968 178.8475540018558 157.9783345201873 127.3556164264441 161.3958050106816 108.1986793552147 127.7627448422791</data>
    </avgIntCells>
    <cornerRatioGrid idx="1" type="struct" size="1 1">
      <data idx="1" type="double" size="1 9">33 85 115 96 119 65 42 47 30</data>
    </cornerRatioGrid>
    <avgR idx="1" type="struct" size="1 1">
      <data idx="1" type="double" size="1 1">135.3773237117584</data>
    </avgR>
    <avgG idx="1" type="struct" size="1 1">
      <data idx="1" type="double" size="1 1">124.7965478696693</data>
    </avgG>
    <avgB idx="1" type="struct" size="1 1">
      <data idx="1" type="double" size="1 1">109.1632440706118</data>
    </avgB>
    <avgRCells idx="1" type="struct" size="1 1">
      <data idx="1" type="double" size="1 9">160.6887529401611 135.8033598757039 116.8880084349659 168.2280917546017 140.3209037353531 114.3755516424271 151.2885997281025 103.9336980211908 126.2638318224309</data>
    </avgRCells>
    <avgGCells idx="1" type="struct" size="1 1">
      <data idx="1" type="double" size="1 9">148.1079066053819 132.5054055803716 95.41546555359898 174.0767031354524 135.8036404048251 98.87361681775691 144.9040698301719 84.02690921646064 108.8758777364725</data>
    </avgGCells>
    <avgBCells idx="1" type="struct" size="1 1">
      <data idx="1" type="double" size="1 9">130.8769556116614 122.5260568395157 94.61642644405313 147.9853477482143 123.6264431065363 97.24172264614447 117.3041906734857 69.01429619559353 78.9558142568317</data>
    </avgBCells>
  </features>
</root>
