<?xml version="1.0"?>
<!-- Written on 15-Jun-2010 21:44:30 using the XML Toolbox for Matlab -->
<root xml_tb_version="3.1" idx="1" type="struct" size="1 1">
  <filename idx="1" type="char" size="1 34">Cave_paintings_by_Mallimaakari.jpg</filename>
  <features idx="1" type="struct" size="1 1">
    <numFaces idx="1" type="struct" size="1 1">
      <data idx="1" type="double" size="1 1">0</data>
    </numFaces>
    <cornerRatio idx="1" type="struct" size="1 1">
      <data idx="1" type="double" size="1 1">0.00066875</data>
    </cornerRatio>
    <edgeRatio idx="1" type="struct" size="1 1">
      <data idx="1" type="double" size="1 1">0.06032083333333333</data>
    </edgeRatio>
    <gridEdgeRatio idx="1" type="struct" size="1 1">
      <data idx="1" type="double" size="1 9">0.00831662582609341 0.09898269844805814 0.03233208955223877 0.08409445310759633 0.147991386351823 0.02363805970149255 0.02637189989900125 0.1089664459656605 0.01238721804511278</data>
    </gridEdgeRatio>
    <medianHue idx="1" type="struct" size="1 1">
      <data idx="1" type="double" size="1 1">20</data>
    </medianHue>
    <avgSat idx="1" type="struct" size="1 1">
      <data idx="1" type="double" size="1 1">81.32236458333335</data>
    </avgSat>
    <avgInt idx="1" type="struct" size="1 1">
      <data idx="1" type="double" size="1 1">157.8563375000001</data>
    </avgInt>
    <medHueCells idx="1" type="struct" size="1 1">
      <data idx="1" type="double" size="1 9">20 19 20 20 19 21 20 20 21</data>
    </medHueCells>
    <avgSatCells idx="1" type="struct" size="1 1">
      <data idx="1" type="double" size="1 9">79.09302368753248 82.17925298878737 77.01412112370474 92.20321897972825 87.361513328878 68.66502076085737 93.00324626865665 78.74526119402981 73.2555639097744</data>
    </avgSatCells>
    <avgIntCells idx="1" type="struct" size="1 1">
      <data idx="1" type="double" size="1 9">146.8789633919952 174.537239177248 161.6077694235589 140.2643684562263 168.6487339422292 156.4929861968355 137.0080597014924 171.2345895522389 164.3023684210525</data>
    </avgIntCells>
    <cornerRatioGrid idx="1" type="struct" size="1 1">
      <data idx="1" type="double" size="1 9">6 84 13 40 75 12 6 72 13</data>
    </cornerRatioGrid>
    <avgR idx="1" type="struct" size="1 1">
      <data idx="1" type="double" size="1 1">157.8490687499999</data>
    </avgR>
    <avgG idx="1" type="struct" size="1 1">
      <data idx="1" type="double" size="1 1">140.6201958333333</data>
    </avgG>
    <avgB idx="1" type="struct" size="1 1">
      <data idx="1" type="double" size="1 1">108.1926041666667</data>
    </avgB>
    <avgRCells idx="1" type="struct" size="1 1">
      <data idx="1" type="double" size="1 9">146.8783507833964 174.536960718794 161.6077694235589 140.2574626865671 168.6316551570506 156.4600119702242 137.0080597014924 171.2312686567165 164.2977067669172</data>
    </avgRCells>
    <avgGCells idx="1" type="struct" size="1 1">
      <data idx="1" type="double" size="1 9">132.028922551422 152.9444382564789 145.4431975461041 122.53783322195 146.6752431870498 142.4220439157596 120.4355037313433 153.1654850746268 150.2549060150377</data>
    </avgGCells>
    <avgBCells idx="1" type="struct" size="1 1">
      <data idx="1" type="double" size="1 9">101.4926672607113 119.2112014554096 113.0534732353271 92.43571322492016 110.8466436474345 113.9803800546141 87.64597014925378 118.2662686567164 117.1462406015038</data>
    </avgBCells>
  </features>
</root>
