<?xml version="1.0"?>
<!-- Written on 15-Jun-2010 21:47:23 using the XML Toolbox for Matlab -->
<root xml_tb_version="3.1" idx="1" type="struct" size="1 1">
  <filename idx="1" type="char" size="1 36">cb36194ee70c47fe2e4f2f5dace8d164.jpg</filename>
  <features idx="1" type="struct" size="1 1">
    <numFaces idx="1" type="struct" size="1 1">
      <data idx="1" type="double" size="1 1">0</data>
    </numFaces>
    <cornerRatio idx="1" type="struct" size="1 1">
      <data idx="1" type="double" size="1 1">0.001640959725792631</data>
    </cornerRatio>
    <edgeRatio idx="1" type="struct" size="1 1">
      <data idx="1" type="double" size="1 1">0.1966666666666667</data>
    </edgeRatio>
    <gridEdgeRatio idx="1" type="struct" size="1 1">
      <data idx="1" type="double" size="1 9">0.2913675895332497 0.2993050017090122 0.275229007633588 0.1227830314078463 0.1556340435228438 0.1313740458015268 0.1678815226194607 0.1659146129816035 0.1629844961240309</data>
    </gridEdgeRatio>
    <medianHue idx="1" type="struct" size="1 1">
      <data idx="1" type="double" size="1 1">0</data>
    </medianHue>
    <avgSat idx="1" type="struct" size="1 1">
      <data idx="1" type="double" size="1 1">0.06310625535561266</data>
    </avgSat>
    <avgInt idx="1" type="struct" size="1 1">
      <data idx="1" type="double" size="1 1">139.0362682090831</data>
    </avgInt>
    <medHueCells idx="1" type="struct" size="1 1">
      <data idx="1" type="double" size="1 9">0 0 0 0 0 0 0 0 0</data>
    </medHueCells>
    <avgSatCells idx="1" type="struct" size="1 1">
      <data idx="1" type="double" size="1 9">0.1305305533401694 0.009494512171964604 0.01496393998997262 0.0634992974060993 0 0 0.3006870229007633 0.02919847328244275 0.01577519379844961</data>
    </avgSatCells>
    <avgIntCells idx="1" type="struct" size="1 1">
      <data idx="1" type="double" size="1 9">82.08146291443546 120.7935893053815 199.5664699757029 111.5798868254149 131.5170331548365 207.8352038258321 93.82183206106875 101.1918320610687 206.2143410852713</data>
    </avgIntCells>
    <cornerRatioGrid idx="1" type="struct" size="1 1">
      <data idx="1" type="double" size="1 9">107 128 113 11 9 8 5 1 1</data>
    </cornerRatioGrid>
    <avgR idx="1" type="struct" size="1 1">
      <data idx="1" type="double" size="1 1">139.0352485004285</data>
    </avgR>
    <avgG idx="1" type="struct" size="1 1">
      <data idx="1" type="double" size="1 1">139.0335089974292</data>
    </avgG>
    <avgB idx="1" type="struct" size="1 1">
      <data idx="1" type="double" size="1 1">139.0285004284491</data>
    </avgB>
    <avgRCells idx="1" type="struct" size="1 1">
      <data idx="1" type="double" size="1 9">82.08089324370515 120.7935893053815 199.5664699757029 111.5727089742129 131.5170331548365 207.8352038258321 93.82041984732832 101.1918320610687 206.2143410852713</data>
    </avgRCells>
    <avgGCells idx="1" type="struct" size="1 1">
      <data idx="1" type="double" size="1 9">82.07922220956289 120.790968820022 199.5623818890046 111.575253503475 131.5170331548365 207.8352038258321 93.81786259541994 101.1891984732824 206.2097286821706</data>
    </avgGCells>
    <avgBCells idx="1" type="struct" size="1 1">
      <data idx="1" type="double" size="1 9">82.07291785348069 120.784892332232 199.5525473408153 111.5793171546846 131.5170331548365 207.8352038258321 93.80767175572522 101.1830916030534 206.199031007752</data>
    </avgBCells>
  </features>
</root>
