<?xml version="1.0"?>
<!-- Written on 15-Jun-2010 21:47:23 using the XML Toolbox for Matlab -->
<root xml_tb_version="3.1" idx="1" type="struct" size="1 1">
  <filename idx="1" type="char" size="1 36">cc5d8bac2f07c2298c1e3e1104ea1516.jpg</filename>
  <features idx="1" type="struct" size="1 1">
    <numFaces idx="1" type="struct" size="1 1">
      <data idx="1" type="double" size="1 1">0</data>
    </numFaces>
    <cornerRatio idx="1" type="struct" size="1 1">
      <data idx="1" type="double" size="1 1">3.277361695336457e-05</data>
    </cornerRatio>
    <edgeRatio idx="1" type="struct" size="1 1">
      <data idx="1" type="double" size="1 1">0.03397056644209615</data>
    </edgeRatio>
    <gridEdgeRatio idx="1" type="struct" size="1 1">
      <data idx="1" type="double" size="1 9">0.04887519574267638 0.03397965549288957 0.02187867628254312 0.06653341311571422 0.04747476033457675 0.02107309089049152 0.006333154574938073 0.02348119206312725 0.03656253206114701</data>
    </gridEdgeRatio>
    <medianHue idx="1" type="struct" size="1 1">
      <data idx="1" type="double" size="1 1">150</data>
    </medianHue>
    <avgSat idx="1" type="struct" size="1 1">
      <data idx="1" type="double" size="1 1">98.59327656372895</data>
    </avgSat>
    <avgInt idx="1" type="struct" size="1 1">
      <data idx="1" type="double" size="1 1">82.92020621729759</data>
    </avgInt>
    <medHueCells idx="1" type="struct" size="1 1">
      <data idx="1" type="double" size="1 9">150 150 150 150 162 160 150 150 150</data>
    </medHueCells>
    <avgSatCells idx="1" type="struct" size="1 1">
      <data idx="1" type="double" size="1 9">97.23295606452193 115.8418144550396 49.49630991598355 150.2548283193502 110.4699351980343 84.09490793942646 78.35068538693673 136.4020510459823 66.11981891864164</data>
    </avgSatCells>
    <avgIntCells idx="1" type="struct" size="1 1">
      <data idx="1" type="double" size="1 9">78.59328809502588 66.64077558659143 108.6771623381598 49.70021770404979 98.3217691318574 91.95121172655068 89.111579970334 66.72575571582017 96.0967605417052</data>
    </avgIntCells>
    <cornerRatioGrid idx="1" type="struct" size="1 1">
      <data idx="1" type="double" size="1 9">0 0 0 1 10 0 0 0 12</data>
    </cornerRatioGrid>
    <avgR idx="1" type="struct" size="1 1">
      <data idx="1" type="double" size="1 1">82.74770727175317</data>
    </avgR>
    <avgG idx="1" type="struct" size="1 1">
      <data idx="1" type="double" size="1 1">60.78801597072606</data>
    </avgG>
    <avgB idx="1" type="struct" size="1 1">
      <data idx="1" type="double" size="1 1">73.24910941258281</data>
    </avgB>
    <avgRCells idx="1" type="struct" size="1 1">
      <data idx="1" type="double" size="1 9">78.57396208639408 66.01604135103821 108.5687836768048 49.67155970310772 98.0178364546069 91.6307489976761 89.10017390414814 66.71117845634492 95.97406894429055</data>
    </avgRCells>
    <avgGCells idx="1" type="struct" size="1 1">
      <data idx="1" type="double" size="1 9">58.63871312717227 47.35746750353285 87.22805740698176 29.98355124957033 68.61956535577427 68.44615541765621 68.07003478082963 43.56016316300957 74.71427105776134</data>
    </avgGCells>
    <avgBCells idx="1" type="struct" size="1 1">
      <data idx="1" type="double" size="1 9">73.29373496123347 60.19853081594457 101.3913404325953 38.19947292703728 73.6945268438006 81.66545366327023 84.76552350263412 55.83206741343154 89.67003949933313</data>
    </avgBCells>
  </features>
</root>
