<?xml version="1.0"?>
<!-- Written on 15-Jun-2010 21:47:23 using the XML Toolbox for Matlab -->
<root xml_tb_version="3.1" idx="1" type="struct" size="1 1">
  <filename idx="1" type="char" size="1 36">cd6ca7f043970337d87ca416f3aba379.jpg</filename>
  <features idx="1" type="struct" size="1 1">
    <numFaces idx="1" type="struct" size="1 1">
      <data idx="1" type="double" size="1 1">0</data>
    </numFaces>
    <cornerRatio idx="1" type="struct" size="1 1">
      <data idx="1" type="double" size="1 1">0.0002054154995331466</data>
    </cornerRatio>
    <edgeRatio idx="1" type="struct" size="1 1">
      <data idx="1" type="double" size="1 1">0.03327108621226268</data>
    </edgeRatio>
    <gridEdgeRatio idx="1" type="struct" size="1 1">
      <data idx="1" type="double" size="1 9">0 0.007548007548007548 0.05777555777555781 0.02508602508602508 0.1384448884448885 0.01221001221001221 0.04580749678788885 0.01237361041282608 0.0009496676163342829</data>
    </gridEdgeRatio>
    <medianHue idx="1" type="struct" size="1 1">
      <data idx="1" type="double" size="1 1">0</data>
    </medianHue>
    <avgSat idx="1" type="struct" size="1 1">
      <data idx="1" type="double" size="1 1">0.1288048552754438</data>
    </avgSat>
    <avgInt idx="1" type="struct" size="1 1">
      <data idx="1" type="double" size="1 1">140.8195455960163</data>
    </avgInt>
    <medHueCells idx="1" type="struct" size="1 1">
      <data idx="1" type="double" size="1 9">0 0 0 0 0 0 0 0 0</data>
    </medHueCells>
    <avgSatCells idx="1" type="struct" size="1 1">
      <data idx="1" type="double" size="1 9">0.1427461427461422 0.2243034743034743 0.5430422881403273 0.02550227550227553 0 0.0835707502374167 0.03224553224553226 0.01245976245976246 0.09331880900508334</data>
    </avgSatCells>
    <avgIntCells idx="1" type="struct" size="1 1">
      <data idx="1" type="double" size="1 9">141.9786324786325 85.38270063270069 49.96469470979273 197.355588855589 147.57881007881 146.6485391877549 178.8555888555889 186.3258685758684 132.8021618903972</data>
    </avgIntCells>
    <cornerRatioGrid idx="1" type="struct" size="1 1">
      <data idx="1" type="double" size="1 9">0 2 16 0 24 4 9 11 0</data>
    </cornerRatioGrid>
    <avgR idx="1" type="struct" size="1 1">
      <data idx="1" type="double" size="1 1">140.7835823218175</data>
    </avgR>
    <avgG idx="1" type="struct" size="1 1">
      <data idx="1" type="double" size="1 1">140.7942545907251</data>
    </avgG>
    <avgB idx="1" type="struct" size="1 1">
      <data idx="1" type="double" size="1 1">140.819004046063</data>
    </avgB>
    <avgRCells idx="1" type="struct" size="1 1">
      <data idx="1" type="double" size="1 9">141.9271284271285 85.35062160062165 49.87584492486453 197.3352203352203 147.57881007881 146.6120887101279 178.8260628260627 186.3139083139082 132.7500139657002</data>
    </avgRCells>
    <avgGCells idx="1" type="struct" size="1 1">
      <data idx="1" type="double" size="1 9">141.9379509379509 85.3630813630814 49.91103848946984 197.3417138417139 147.57881007881 146.6199653650635 178.8341658341658 186.3173215673214 132.7615217026982</data>
    </avgGCells>
    <avgBCells idx="1" type="struct" size="1 1">
      <data idx="1" type="double" size="1 9">141.9780774780775 85.38106338106344 49.96206915814757 197.355588855589 147.57881007881 146.6485391877549 178.8555333555334 186.3258685758684 132.8021618903972</data>
    </avgBCells>
  </features>
</root>
