<?xml version="1.0"?>
<!-- Written on 15-Jun-2010 21:44:30 using the XML Toolbox for Matlab -->
<root xml_tb_version="3.1" idx="1" type="struct" size="1 1">
  <filename idx="1" type="char" size="1 32">Celebrating_Spring_by_woekan.jpg</filename>
  <features idx="1" type="struct" size="1 1">
    <numFaces idx="1" type="struct" size="1 1">
      <data idx="1" type="double" size="1 1">1</data>
    </numFaces>
    <cornerRatio idx="1" type="struct" size="1 1">
      <data idx="1" type="double" size="1 1">4.545454545454545e-05</data>
    </cornerRatio>
    <edgeRatio idx="1" type="struct" size="1 1">
      <data idx="1" type="double" size="1 1">0.07106397306397307</data>
    </edgeRatio>
    <gridEdgeRatio idx="1" type="struct" size="1 1">
      <data idx="1" type="double" size="1 9">0.03205002931405117 0.09757820838532166 0.1005580693815985 0.00299153650726838 0.07396160610934882 0.1510105580693818 0.01732105104198136 0.04895801872546055 0.1164242424242424</data>
    </gridEdgeRatio>
    <medianHue idx="1" type="struct" size="1 1">
      <data idx="1" type="double" size="1 1">19</data>
    </medianHue>
    <avgSat idx="1" type="struct" size="1 1">
      <data idx="1" type="double" size="1 1">98.0564343434343</data>
    </avgSat>
    <avgInt idx="1" type="struct" size="1 1">
      <data idx="1" type="double" size="1 1">124.9064478114478</data>
    </avgInt>
    <medHueCells idx="1" type="struct" size="1 1">
      <data idx="1" type="double" size="1 9">95 21 21 25 17 16 97 11 10</data>
    </medHueCells>
    <avgSatCells idx="1" type="struct" size="1 1">
      <data idx="1" type="double" size="1 9">29.46057635934518 142.0138753175688 111.9199335548172 57.12618571578903 144.73572255378 113.0561612805799 60.24321266968326 136.5928054298643 88.29712121212123</data>
    </avgSatCells>
    <avgIntCells idx="1" type="struct" size="1 1">
      <data idx="1" type="double" size="1 9">160.8438538205981 101.7300401377009 77.9987768045909 115.5994197321147 116.8555944739254 103.6319691935971 148.3602262443437 139.2855505279036 159.8411363636363</data>
    </avgIntCells>
    <cornerRatioGrid idx="1" type="struct" size="1 1">
      <data idx="1" type="double" size="1 9">0 0 0 0 2 4 15 5 1</data>
    </cornerRatioGrid>
    <avgR idx="1" type="struct" size="1 1">
      <data idx="1" type="double" size="1 1">119.4750690235691</data>
    </avgR>
    <avgG idx="1" type="struct" size="1 1">
      <data idx="1" type="double" size="1 1">106.243409090909</data>
    </avgG>
    <avgB idx="1" type="struct" size="1 1">
      <data idx="1" type="double" size="1 1">87.5796481481481</data>
    </avgB>
    <avgRCells idx="1" type="struct" size="1 1">
      <data idx="1" type="double" size="1 9">148.6314998271223 101.164910329069 73.3190727876775 106.8014461598593 116.7760857473579 102.9586831772878 126.8934389140271 139.1279034690799 159.7713181818181</data>
    </avgRCells>
    <avgGCells idx="1" type="struct" size="1 1">
      <data idx="1" type="double" size="1 9">154.2664722418484 85.87985748861266 68.77509815765633 106.3422678552638 88.22603388403655 86.94726668680153 136.0748567119155 101.3828205128205 128.018590909091</data>
    </avgGCells>
    <avgBCells idx="1" type="struct" size="1 1">
      <data idx="1" type="double" size="1 9">153.989732565656 46.25312307391649 46.79092419208702 98.86169780971424 55.74868086769591 60.51425551192994 137.3004524886878 76.77592760181005 111.3938636363636</data>
    </avgBCells>
  </features>
</root>
