<?xml version="1.0"?>
<!-- Written on 15-Jun-2010 21:44:30 using the XML Toolbox for Matlab -->
<root xml_tb_version="3.1" idx="1" type="struct" size="1 1">
  <filename idx="1" type="char" size="1 36">Character_Concepts_by_WarrenLouw.jpg</filename>
  <features idx="1" type="struct" size="1 1">
    <numFaces idx="1" type="struct" size="1 1">
      <data idx="1" type="double" size="1 1">1</data>
    </numFaces>
    <cornerRatio idx="1" type="struct" size="1 1">
      <data idx="1" type="double" size="1 1">0.0005560572613552747</data>
    </cornerRatio>
    <edgeRatio idx="1" type="struct" size="1 1">
      <data idx="1" type="double" size="1 1">0.07914408990567931</data>
    </edgeRatio>
    <gridEdgeRatio idx="1" type="struct" size="1 1">
      <data idx="1" type="double" size="1 9">0.1228843639080889 0.07595740706146081 0.08505850585058503 0.09121987670465155 0.07352886232019425 0.07052580258025798 0.06474873902484583 0.05594993461610308 0.07103210321032104</data>
    </gridEdgeRatio>
    <medianHue idx="1" type="struct" size="1 1">
      <data idx="1" type="double" size="1 1">0</data>
    </medianHue>
    <avgSat idx="1" type="struct" size="1 1">
      <data idx="1" type="double" size="1 1">41.34319394273865</data>
    </avgSat>
    <avgInt idx="1" type="struct" size="1 1">
      <data idx="1" type="double" size="1 1">213.1325025921467</data>
    </avgInt>
    <medHueCells idx="1" type="struct" size="1 1">
      <data idx="1" type="double" size="1 9">0 0 0 0 0 0 0 0 0</data>
    </medHueCells>
    <avgSatCells idx="1" type="struct" size="1 1">
      <data idx="1" type="double" size="1 9">56.20739772090419 40.56857836727067 24.12196898935178 23.48328040351206 33.3458994956099 18.59301326359049 76.13293204320435 58.46585283528352 40.91366636663668</data>
    </avgSatCells>
    <avgIntCells idx="1" type="struct" size="1 1">
      <data idx="1" type="double" size="1 9">224.444106108724 216.3753222492061 226.4587147393985 191.3300579114515 213.9735475434336 222.4974406874649 194.5057755775577 204.6060606060605 224.4793166816683</data>
    </avgIntCells>
    <cornerRatioGrid idx="1" type="struct" size="1 1">
      <data idx="1" type="double" size="1 9">38 21 35 39 29 24 27 27 26</data>
    </cornerRatioGrid>
    <avgR idx="1" type="struct" size="1 1">
      <data idx="1" type="double" size="1 1">212.6880184293261</data>
    </avgR>
    <avgG idx="1" type="struct" size="1 1">
      <data idx="1" type="double" size="1 1">201.7496341728541</data>
    </avgG>
    <avgB idx="1" type="struct" size="1 1">
      <data idx="1" type="double" size="1 1">190.1268374974917</data>
    </avgB>
    <avgRCells idx="1" type="struct" size="1 1">
      <data idx="1" type="double" size="1 9">224.380011208668 214.0435643564356 225.9641883056231 191.1622267887166 213.9082570521204 221.8027834858957 194.4773852385238 204.5852085208521 224.3715871587159</data>
    </avgRCells>
    <avgGCells idx="1" type="struct" size="1 1">
      <data idx="1" type="double" size="1 9">209.6145899495611 202.964524565664 218.8144218195405 187.0187745189613 205.1676816738277 217.3547730244723 174.6389701470148 189.7641951695169 210.9750412541253</data>
    </avgGCells>
    <avgBCells idx="1" type="struct" size="1 1">
      <data idx="1" type="double" size="1 9">182.1393237436951 193.6709321875583 210.8495609938354 180.1083130954604 196.7206986736409 211.6268260788343 161.0589558955895 178.6926755175518 196.9301305130513</data>
    </avgBCells>
  </features>
</root>
