<?xml version="1.0"?>
<!-- Written on 15-Jun-2010 21:47:23 using the XML Toolbox for Matlab -->
<root xml_tb_version="3.1" idx="1" type="struct" size="1 1">
  <filename idx="1" type="char" size="1 33">characters_sheet_by_Mentosik8.jpg</filename>
  <features idx="1" type="struct" size="1 1">
    <numFaces idx="1" type="struct" size="1 1">
      <data idx="1" type="double" size="1 1">0</data>
    </numFaces>
    <cornerRatio idx="1" type="struct" size="1 1">
      <data idx="1" type="double" size="1 1">7.555555555555556e-05</data>
    </cornerRatio>
    <edgeRatio idx="1" type="struct" size="1 1">
      <data idx="1" type="double" size="1 1">0.02600839506172839</data>
    </edgeRatio>
    <gridEdgeRatio idx="1" type="struct" size="1 1">
      <data idx="1" type="double" size="1 9">0.02776708224349526 0.02866550712322581 0.0302882483370288 0.03172811804329258 0.02530637173546475 0.0166607538802661 0.02473275670880464 0.02793080505655353 0.02111999999999995</data>
    </gridEdgeRatio>
    <medianHue idx="1" type="struct" size="1 1">
      <data idx="1" type="double" size="1 1">0</data>
    </medianHue>
    <avgSat idx="1" type="struct" size="1 1">
      <data idx="1" type="double" size="1 1">20.26615111111108</data>
    </avgSat>
    <avgInt idx="1" type="struct" size="1 1">
      <data idx="1" type="double" size="1 1">229.8636987654325</data>
    </avgInt>
    <medHueCells idx="1" type="struct" size="1 1">
      <data idx="1" type="double" size="1 9">0 0 22 0 21 23 0 0 0</data>
    </medHueCells>
    <avgSatCells idx="1" type="struct" size="1 1">
      <data idx="1" type="double" size="1 9">0.0004469995707033826 33.19025363906336 29.29008649367931 8.964098410717371 38.03405163066328 35.10278997560435 12.40972505543237 15.68169844789357 9.56959555555554</data>
    </avgSatCells>
    <avgIntCells idx="1" type="struct" size="1 1">
      <data idx="1" type="double" size="1 9">244.9625228478741 229.6669897455641 202.6741051230873 247.0967200853281 236.666697646835 195.0005455755158 248.5279201773835 227.7316895787139 236.6106933333332</data>
    </avgIntCells>
    <cornerRatioGrid idx="1" type="struct" size="1 1">
      <data idx="1" type="double" size="1 9">2 3 3 41 5 13 28 9 49</data>
    </cornerRatioGrid>
    <avgR idx="1" type="struct" size="1 1">
      <data idx="1" type="double" size="1 1">228.3687817283949</data>
    </avgR>
    <avgG idx="1" type="struct" size="1 1">
      <data idx="1" type="double" size="1 1">225.9088548148145</data>
    </avgG>
    <avgB idx="1" type="struct" size="1 1">
      <data idx="1" type="double" size="1 1">218.0047565432099</data>
    </avgB>
    <avgRCells idx="1" type="struct" size="1 1">
      <data idx="1" type="double" size="1 9">244.9623192639112 229.633323154135 199.34168108228 243.702647919239 235.4637819704272 189.5534752716788 248.5149889135255 227.7274456762748 236.6057688888889</data>
    </avgRCells>
    <avgGCells idx="1" type="struct" size="1 1">
      <data idx="1" type="double" size="1 9">244.9625228478741 222.8617664891942 198.1041117764472 247.0903470221418 229.9270284265174 190.2417431803061 245.0108913525499 223.0214545454546 232.1330888888889</data>
    </avgGCells>
    <avgBCells idx="1" type="struct" size="1 1">
      <data idx="1" type="double" size="1 9">244.9620935512567 205.2208045107129 190.0644089598581 239.9432133515673 206.2125018256172 184.1461831891772 237.8317472283815 221.5767538802661 232.3187155555557</data>
    </avgBCells>
  </features>
</root>
