<?xml version="1.0"?>
<!-- Written on 15-Jun-2010 21:44:30 using the XML Toolbox for Matlab -->
<root xml_tb_version="3.1" idx="1" type="struct" size="1 1">
  <filename idx="1" type="char" size="1 40">Charming_Warrior_by_Red_Priest_Usada.jpg</filename>
  <features idx="1" type="struct" size="1 1">
    <numFaces idx="1" type="struct" size="1 1">
      <data idx="1" type="double" size="1 1">1</data>
    </numFaces>
    <cornerRatio idx="1" type="struct" size="1 1">
      <data idx="1" type="double" size="1 1">0.0007936507936507937</data>
    </cornerRatio>
    <edgeRatio idx="1" type="struct" size="1 1">
      <data idx="1" type="double" size="1 1">0.1355044091710758</data>
    </edgeRatio>
    <gridEdgeRatio idx="1" type="struct" size="1 1">
      <data idx="1" type="double" size="1 9">0.2033506006833461 0.1420541323550251 0.1782312925170068 0.1718127568452709 0.2174741383382407 0.03401360544217687 0.1128278041074249 0.09548183254344385 0.06344444444444443</data>
    </gridEdgeRatio>
    <medianHue idx="1" type="struct" size="1 1">
      <data idx="1" type="double" size="1 1">22</data>
    </medianHue>
    <avgSat idx="1" type="struct" size="1 1">
      <data idx="1" type="double" size="1 1">107.7681340388007</data>
    </avgSat>
    <avgInt idx="1" type="struct" size="1 1">
      <data idx="1" type="double" size="1 1">176.6464744268075</data>
    </avgInt>
    <medHueCells idx="1" type="struct" size="1 1">
      <data idx="1" type="double" size="1 9">22 25 24 23 20 23 21 22 22</data>
    </medHueCells>
    <avgSatCells idx="1" type="struct" size="1 1">
      <data idx="1" type="double" size="1 9">136.257624663444 141.602777471619 99.81962085308055 104.1426839445136 155.5599659901434 74.81753554502372 132.6116437272584 57.55943679797498 67.10044444444448</data>
    </avgSatCells>
    <avgIntCells idx="1" type="struct" size="1 1">
      <data idx="1" type="double" size="1 9">121.7655681692935 147.075971091622 208.491579778831 163.0041882508542 127.3273291240887 210.8573775671407 161.5203607024205 228.3008068343615 221.8845873015873</data>
    </avgIntCells>
    <cornerRatioGrid idx="1" type="struct" size="1 1">
      <data idx="1" type="double" size="1 9">42 48 28 60 134 9 68 38 23</data>
    </cornerRatioGrid>
    <avgR idx="1" type="struct" size="1 1">
      <data idx="1" type="double" size="1 1">175.3439029982364</data>
    </avgR>
    <avgG idx="1" type="struct" size="1 1">
      <data idx="1" type="double" size="1 1">159.4518430335098</data>
    </avgG>
    <avgB idx="1" type="struct" size="1 1">
      <data idx="1" type="double" size="1 1">117.3544885361553</data>
    </avgB>
    <avgRCells idx="1" type="struct" size="1 1">
      <data idx="1" type="double" size="1 9">120.4214073152682 142.4987010124229 207.2281832543444 161.3833351702854 125.2109870731055 210.470868878357 161.5090333807942 228.2853345989558 221.515634920635</data>
    </avgRCells>
    <avgGCells idx="1" type="struct" size="1 1">
      <data idx="1" type="double" size="1 9">108.9484183842169 134.5582497520115 191.6778515007899 148.0543212986726 98.32548692352508 196.2741232227488 135.4685018193324 214.0568897326372 208.0488888888889</data>
    </avgGCells>
    <avgBCells idx="1" type="struct" size="1 1">
      <data idx="1" type="double" size="1 9">70.29905055817105 76.75429453165596 132.6239336492891 115.3038213852719 62.17483585520613 155.5833333333333 88.78917892738498 182.6319569688339 172.5315238095237</data>
    </avgBCells>
  </features>
</root>
