<?xml version="1.0"?>
<!-- Written on 15-Jun-2010 21:44:31 using the XML Toolbox for Matlab -->
<root xml_tb_version="3.1" idx="1" type="struct" size="1 1">
  <filename idx="1" type="char" size="1 15">Chasmoshoes.jpg</filename>
  <features idx="1" type="struct" size="1 1">
    <numFaces idx="1" type="struct" size="1 1">
      <data idx="1" type="double" size="1 1">0</data>
    </numFaces>
    <cornerRatio idx="1" type="struct" size="1 1">
      <data idx="1" type="double" size="1 1">7.959183673469388e-05</data>
    </cornerRatio>
    <edgeRatio idx="1" type="struct" size="1 1">
      <data idx="1" type="double" size="1 1">0.03432040816326531</data>
    </edgeRatio>
    <gridEdgeRatio idx="1" type="struct" size="1 1">
      <data idx="1" type="double" size="1 9">0.04437869822485202 0.05891591789027675 0.01194389655928116 0.05077069179633276 0.05897070640660378 0.00809043757761706 0.02134925852874568 0.02586017970633352 0.02889181094309293</data>
    </gridEdgeRatio>
    <medianHue idx="1" type="struct" size="1 1">
      <data idx="1" type="double" size="1 1">3</data>
    </medianHue>
    <avgSat idx="1" type="struct" size="1 1">
      <data idx="1" type="double" size="1 1">117.0469428571429</data>
    </avgSat>
    <avgInt idx="1" type="struct" size="1 1">
      <data idx="1" type="double" size="1 1">78.77713469387749</data>
    </avgInt>
    <medHueCells idx="1" type="struct" size="1 1">
      <data idx="1" type="double" size="1 9">2 3 3 2 2 3 3 3 3</data>
    </medHueCells>
    <avgSatCells idx="1" type="struct" size="1 1">
      <data idx="1" type="double" size="1 9">115.4997077945796 119.4336511067281 119.7711848929797 111.2010555920812 106.1443494776828 117.4408649280445 122.1794506538096 117.8710095697276 123.5768682884068</data>
    </avgSatCells>
    <avgIntCells idx="1" type="struct" size="1 1">
      <data idx="1" type="double" size="1 9">93.02973190152676 75.91673971802179 67.86193293885599 89.34279348381916 89.3513952808824 65.52682811016139 93.9707246694426 85.93209876543219 48.66427423478706</data>
    </avgIntCells>
    <cornerRatioGrid idx="1" type="struct" size="1 1">
      <data idx="1" type="double" size="1 9">14 6 0 9 1 0 3 6 0</data>
    </cornerRatioGrid>
    <avgR idx="1" type="struct" size="1 1">
      <data idx="1" type="double" size="1 1">78.75014897959183</data>
    </avgR>
    <avgG idx="1" type="struct" size="1 1">
      <data idx="1" type="double" size="1 1">47.9752857142857</data>
    </avgG>
    <avgB idx="1" type="struct" size="1 1">
      <data idx="1" type="double" size="1 1">44.85836530612247</data>
    </avgB>
    <avgRCells idx="1" type="struct" size="1 1">
      <data idx="1" type="double" size="1 9">92.97149170867121 75.87037037037038 67.8407115201987 89.29720943823513 89.34076630871496 65.50264811162243 93.95090948937094 85.92612681715254 48.65426619913797</data>
    </avgRCells>
    <avgGCells idx="1" type="struct" size="1 1">
      <data idx="1" type="double" size="1 9">58.11412447950911 46.01415370005111 41.79896267075756 54.40278690919717 58.29914529914528 43.41140696909928 53.43646358389949 49.1476185258237 27.68514865950764</data>
    </avgGCells>
    <avgBCells idx="1" type="struct" size="1 1">
      <data idx="1" type="double" size="1 9">54.68418072905254 42.84688435970491 38.97751844546716 51.48433048433046 54.89056907005624 40.17948717948717 49.45918255533642 46.03826064723498 25.66681276937686</data>
    </avgBCells>
  </features>
</root>
