<?xml version="1.0"?>
<!-- Written on 15-Jun-2010 21:44:31 using the XML Toolbox for Matlab -->
<root xml_tb_version="3.1" idx="1" type="struct" size="1 1">
  <filename idx="1" type="char" size="1 25">Cherubim_by_Mentosik8.jpg</filename>
  <features idx="1" type="struct" size="1 1">
    <numFaces idx="1" type="struct" size="1 1">
      <data idx="1" type="double" size="1 1">0</data>
    </numFaces>
    <cornerRatio idx="1" type="struct" size="1 1">
      <data idx="1" type="double" size="1 1">0.0001415770609318997</data>
    </cornerRatio>
    <edgeRatio idx="1" type="struct" size="1 1">
      <data idx="1" type="double" size="1 1">0.04105913978494623</data>
    </edgeRatio>
    <gridEdgeRatio idx="1" type="struct" size="1 1">
      <data idx="1" type="double" size="1 9">0.04322272756389726 0.04924412273396959 0.007518796992481203 0.04654570495163668 0.07225674204086857 0.08849914485785274 0.01652222757181832 0.004252928903867752 0.04200824642250786</data>
    </gridEdgeRatio>
    <medianHue idx="1" type="struct" size="1 1">
      <data idx="1" type="double" size="1 1">9</data>
    </medianHue>
    <avgSat idx="1" type="struct" size="1 1">
      <data idx="1" type="double" size="1 1">129.0135017921146</data>
    </avgSat>
    <avgInt idx="1" type="struct" size="1 1">
      <data idx="1" type="double" size="1 1">114.2184686379929</data>
    </avgInt>
    <medHueCells idx="1" type="struct" size="1 1">
      <data idx="1" type="double" size="1 9">39 3 13 35 3 2 42 8 3</data>
    </medHueCells>
    <avgSatCells idx="1" type="struct" size="1 1">
      <data idx="1" type="double" size="1 9">44.64503395041957 197.1928608032798 142.6844487241214 46.95403081160717 185.9010233168919 204.9295137217141 34.31501500532447 140.478226144761 164.4385641523163</data>
    </avgSatCells>
    <avgIntCells idx="1" type="struct" size="1 1">
      <data idx="1" type="double" size="1 9">195.7600570110818 64.459916084812 107.1571336864067 193.8826868874511 63.70851482928703 49.70592200288882 169.631877440382 102.9705782697086 80.16555097420971</data>
    </avgIntCells>
    <cornerRatioGrid idx="1" type="struct" size="1 1">
      <data idx="1" type="double" size="1 9">52 33 0 12 39 20 0 0 2</data>
    </cornerRatioGrid>
    <avgR idx="1" type="struct" size="1 1">
      <data idx="1" type="double" size="1 1">112.6429498207887</data>
    </avgR>
    <avgG idx="1" type="struct" size="1 1">
      <data idx="1" type="double" size="1 1">89.42078225806459</data>
    </avgG>
    <avgB idx="1" type="struct" size="1 1">
      <data idx="1" type="double" size="1 1">79.77568458781359</data>
    </avgB>
    <avgRCells idx="1" type="struct" size="1 1">
      <data idx="1" type="double" size="1 9">192.8236579975658 64.44481455384025 106.9560664419837 191.85237973224 63.66151271539297 49.70592200288882 161.4369937719836 102.3019135822388 80.0865146737812</data>
    </avgRCells>
    <avgGCells idx="1" type="struct" size="1 1">
      <data idx="1" type="double" size="1 9">188.4640638011658 23.80420056370508 77.24517733911094 186.2010361283711 28.29600121709053 12.24953458513882 168.1634370260416 73.2269353641615 46.54506427358719</data>
    </avgGCells>
    <avgBCells idx="1" type="struct" size="1 1">
      <data idx="1" type="double" size="1 9">179.4133463583372 17.49963166997629 61.32121649815444 177.5824738966114 21.71979693805648 9.713657518857318 149.8604666171868 61.30981154603245 38.93206403104534</data>
    </avgBCells>
  </features>
</root>
