<?xml version="1.0"?>
<!-- Written on 15-Jun-2010 21:47:23 using the XML Toolbox for Matlab -->
<root xml_tb_version="3.1" idx="1" type="struct" size="1 1">
  <filename idx="1" type="char" size="1 43">chibi_Itach_and_a_crow_by_Kitsunebaka91.jpg</filename>
  <features idx="1" type="struct" size="1 1">
    <numFaces idx="1" type="struct" size="1 1">
      <data idx="1" type="double" size="1 1">0</data>
    </numFaces>
    <cornerRatio idx="1" type="struct" size="1 1">
      <data idx="1" type="double" size="1 1">0.000479951397326853</data>
    </cornerRatio>
    <edgeRatio idx="1" type="struct" size="1 1">
      <data idx="1" type="double" size="1 1">0.04353432563791008</data>
    </edgeRatio>
    <gridEdgeRatio idx="1" type="struct" size="1 1">
      <data idx="1" type="double" size="1 9">0.007706919945725916 0.05502035278154684 0.01034859876965142 0.05417910447761195 0.1118046132971507 0.02940533151059471 0.04944369063772052 0.069674355495251 0.004716336295283666</data>
    </gridEdgeRatio>
    <medianHue idx="1" type="struct" size="1 1">
      <data idx="1" type="double" size="1 1">0</data>
    </medianHue>
    <avgSat idx="1" type="struct" size="1 1">
      <data idx="1" type="double" size="1 1">9.789207168894288</data>
    </avgSat>
    <avgInt idx="1" type="struct" size="1 1">
      <data idx="1" type="double" size="1 1">236.3630498177397</data>
    </avgInt>
    <medHueCells idx="1" type="struct" size="1 1">
      <data idx="1" type="double" size="1 9">0 0 0 0 6 0 0 0 0</data>
    </medHueCells>
    <avgSatCells idx="1" type="struct" size="1 1">
      <data idx="1" type="double" size="1 9">1.099620081411126 4.381696065128902 3.959063772048846 4.929715061058343 8.557123473541385 5.161207598371779 23.96887218045113 36.50511278195489 0.08348598769651402</data>
    </avgSatCells>
    <avgIntCells idx="1" type="struct" size="1 1">
      <data idx="1" type="double" size="1 9">252.1732971506105 240.7279240162822 241.1337313432836 240.0089145183175 222.8211261872457 237.7407055630936 227.2359125085441 210.4892276144908 254.2295283663704</data>
    </avgIntCells>
    <cornerRatioGrid idx="1" type="struct" size="1 1">
      <data idx="1" type="double" size="1 9">9 40 12 46 94 28 36 44 7</data>
    </cornerRatioGrid>
    <avgR idx="1" type="struct" size="1 1">
      <data idx="1" type="double" size="1 1">236.2787302551638</data>
    </avgR>
    <avgG idx="1" type="struct" size="1 1">
      <data idx="1" type="double" size="1 1">235.3575956865125</data>
    </avgG>
    <avgB idx="1" type="struct" size="1 1">
      <data idx="1" type="double" size="1 1">235.0021415552856</data>
    </avgB>
    <avgRCells idx="1" type="struct" size="1 1">
      <data idx="1" type="double" size="1 9">252.1443147896877 240.6313975576662 241.0328086838533 239.8876933514248 222.6212754409769 237.6198371777475 227.206165413534 210.433082706767 254.2241285030759</data>
    </avgRCells>
    <avgGCells idx="1" type="struct" size="1 1">
      <data idx="1" type="double" size="1 9">251.9588195386702 239.8932835820895 240.3950610583445 238.9107327001358 221.0488466757124 236.713473541384 225.9591934381407 208.3853725222146 254.2024060150376</data>
    </avgGCells>
    <avgBCells idx="1" type="struct" size="1 1">
      <data idx="1" type="double" size="1 9">251.8627137042062 239.3941112618725 240.0745454545454 238.4432971506107 220.049986431479 236.2369470827681 225.880792891319 208.1228024606971 254.2001230348599</data>
    </avgBCells>
  </features>
</root>
