<?xml version="1.0"?>
<!-- Written on 15-Jun-2010 21:44:32 using the XML Toolbox for Matlab -->
<root xml_tb_version="3.1" idx="1" type="struct" size="1 1">
  <filename idx="1" type="char" size="1 49">Chibi_Commissions__Sample_by_Red_Priest_Usada.jpg</filename>
  <features idx="1" type="struct" size="1 1">
    <numFaces idx="1" type="struct" size="1 1">
      <data idx="1" type="double" size="1 1">1</data>
    </numFaces>
    <cornerRatio idx="1" type="struct" size="1 1">
      <data idx="1" type="double" size="1 1">0.0008652610635975517</data>
    </cornerRatio>
    <edgeRatio idx="1" type="struct" size="1 1">
      <data idx="1" type="double" size="1 1">0.09876583721347942</data>
    </edgeRatio>
    <gridEdgeRatio idx="1" type="struct" size="1 1">
      <data idx="1" type="double" size="1 9">0.05712739641311068 0.06853741496598645 0.1371985157699444 0.07478354978354977 0.0710420531849104 0.08727581941867657 0.1770253555967842 0.1402133580705009 0.07580395794681512</data>
    </gridEdgeRatio>
    <medianHue idx="1" type="struct" size="1 1">
      <data idx="1" type="double" size="1 1">167</data>
    </medianHue>
    <avgSat idx="1" type="struct" size="1 1">
      <data idx="1" type="double" size="1 1">108.0726301173024</data>
    </avgSat>
    <avgInt idx="1" type="struct" size="1 1">
      <data idx="1" type="double" size="1 1">154.7614124652861</data>
    </avgInt>
    <medHueCells idx="1" type="struct" size="1 1">
      <data idx="1" type="double" size="1 9">30 168 172 164 170 170 30 165 18</data>
    </medHueCells>
    <avgSatCells idx="1" type="struct" size="1 1">
      <data idx="1" type="double" size="1 9">84.45814780457637 99.72920531849101 78.41592455163884 136.1882189239332 166.5054885590599 141.2811842918986 82.49799010513296 104.4842918985776 80.30726654298084</data>
    </avgSatCells>
    <avgIntCells idx="1" type="struct" size="1 1">
      <data idx="1" type="double" size="1 9">191.6322356215214 153.2438157081014 169.7981756338899 131.206648113791 65.39154298082872 145.4468614718614 157.4570810142239 179.429081632653 198.4908317872603</data>
    </avgIntCells>
    <cornerRatioGrid idx="1" type="struct" size="1 1">
      <data idx="1" type="double" size="1 9">17 54 103 44 61 52 95 45 30</data>
    </cornerRatioGrid>
    <avgR idx="1" type="struct" size="1 1">
      <data idx="1" type="double" size="1 1">154.707344874753</data>
    </avgR>
    <avgG idx="1" type="struct" size="1 1">
      <data idx="1" type="double" size="1 1">114.7025177197176</data>
    </avgG>
    <avgB idx="1" type="struct" size="1 1">
      <data idx="1" type="double" size="1 1">121.0275380991198</data>
    </avgB>
    <avgRCells idx="1" type="struct" size="1 1">
      <data idx="1" type="double" size="1 9">191.5961193568337 153.1135745207174 169.7425943104515 131.1612399505257 65.36700680272108 145.4188775510202 157.3227891156462 179.4055658627087 198.48231292517</data>
    </avgRCells>
    <avgGCells idx="1" type="struct" size="1 1">
      <data idx="1" type="double" size="1 9">159.7356833642548 109.4555967841682 118.4 97.51137909709338 34.38042671614098 79.50466914038344 131.4945269016697 138.8839981447124 161.992192331478</data>
    </avgGCells>
    <avgBCells idx="1" type="struct" size="1 1">
      <data idx="1" type="double" size="1 9">164.3886209029066 115.3352040816326 123.6450834879407 105.9943413729128 42.35541125541124 95.22374768089055 133.8181972789116 145.8920531849103 161.767501546073</data>
    </avgBCells>
  </features>
</root>
