<?xml version="1.0"?>
<!-- Written on 15-Jun-2010 21:44:31 using the XML Toolbox for Matlab -->
<root xml_tb_version="3.1" idx="1" type="struct" size="1 1">
  <filename idx="1" type="char" size="1 49">Chibi_Commission__Louchan_by_Red_Priest_Usada.jpg</filename>
  <features idx="1" type="struct" size="1 1">
    <numFaces idx="1" type="struct" size="1 1">
      <data idx="1" type="double" size="1 1">0</data>
    </numFaces>
    <cornerRatio idx="1" type="struct" size="1 1">
      <data idx="1" type="double" size="1 1">0.0005113788487282464</data>
    </cornerRatio>
    <edgeRatio idx="1" type="struct" size="1 1">
      <data idx="1" type="double" size="1 1">0.0813239625167336</data>
    </edgeRatio>
    <gridEdgeRatio idx="1" type="struct" size="1 1">
      <data idx="1" type="double" size="1 9">0.07706924161667349 0.0783360022945099 0.0338489208633094 0.06213102607614903 0.1332727837663424 0.05593525179856118 0.05563580336077807 0.1119577254562088 0.125048309178744</data>
    </gridEdgeRatio>
    <medianHue idx="1" type="struct" size="1 1">
      <data idx="1" type="double" size="1 1">11</data>
    </medianHue>
    <avgSat idx="1" type="struct" size="1 1">
      <data idx="1" type="double" size="1 1">114.6124819277109</data>
    </avgSat>
    <avgInt idx="1" type="struct" size="1 1">
      <data idx="1" type="double" size="1 1">179.5536425702812</data>
    </avgInt>
    <medHueCells idx="1" type="struct" size="1 1">
      <data idx="1" type="double" size="1 9">6 2 164 10 8 9 15 13 11</data>
    </medHueCells>
    <avgSatCells idx="1" type="struct" size="1 1">
      <data idx="1" type="double" size="1 9">109.1645593823945 153.5718826931811 113.083020366893 115.9020292071991 149.9829106814216 117.5813833116664 77.89513189448441 123.93654676259 70.55500000000002</data>
    </avgSatCells>
    <avgIntCells idx="1" type="struct" size="1 1">
      <data idx="1" type="double" size="1 9">185.5126915079231 88.62201534453513 116.1371154123936 180.0409665622984 169.7117880446474 191.0535413356445 243.473273381295 232.2875779376499 209.4476328502415</data>
    </avgIntCells>
    <cornerRatioGrid idx="1" type="struct" size="1 1">
      <data idx="1" type="double" size="1 9">24 23 0 22 51 16 29 34 183</data>
    </cornerRatioGrid>
    <avgR idx="1" type="struct" size="1 1">
      <data idx="1" type="double" size="1 1">179.3940414993305</data>
    </avgR>
    <avgG idx="1" type="struct" size="1 1">
      <data idx="1" type="double" size="1 1">132.2512597054885</data>
    </avgG>
    <avgB idx="1" type="struct" size="1 1">
      <data idx="1" type="double" size="1 1">112.9781191432396</data>
    </avgB>
    <avgRCells idx="1" type="struct" size="1 1">
      <data idx="1" type="double" size="1 9">185.3522550730179 88.49029613518495 115.7942245654582 179.9249623556969 169.5213317717918 190.9021739130434 243.3907673860912 232.2159712230217 209.2577777777778</data>
    </avgRCells>
    <avgGCells idx="1" type="struct" size="1 1">
      <data idx="1" type="double" size="1 9">135.5207103420255 49.32229498792993 83.53225961769948 134.0014340686919 100.2570926647387 125.6635851509461 208.4328297362111 167.9439808153478 185.558224637681</data>
    </avgGCells>
    <avgBCells idx="1" type="struct" size="1 1">
      <data idx="1" type="double" size="1 9">118.8944764454218 47.07562322235233 87.16016659444368 108.6612490738307 75.89126174143745 113.8518103904858 172.7775419664269 125.0064148681055 167.4325241545894</data>
    </avgBCells>
  </features>
</root>
