<?xml version="1.0"?>
<!-- Written on 15-Jun-2010 21:44:32 using the XML Toolbox for Matlab -->
<root xml_tb_version="3.1" idx="1" type="struct" size="1 1">
  <filename idx="1" type="char" size="1 25">Chickies_by_miss_mosh.jpg</filename>
  <features idx="1" type="struct" size="1 1">
    <numFaces idx="1" type="struct" size="1 1">
      <data idx="1" type="double" size="1 1">0</data>
    </numFaces>
    <cornerRatio idx="1" type="struct" size="1 1">
      <data idx="1" type="double" size="1 1">0.0003940308517773307</data>
    </cornerRatio>
    <edgeRatio idx="1" type="struct" size="1 1">
      <data idx="1" type="double" size="1 1">0.05395372233400402</data>
    </edgeRatio>
    <gridEdgeRatio idx="1" type="struct" size="1 1">
      <data idx="1" type="double" size="1 9">0.01499475183685708 0.07705802968960883 0.06222162032021182 0.04486429749587637 0.07554355975408608 0.05818887685084862 0.03318338581496474 0.09001349527665324 0.03053147947514141</data>
    </gridEdgeRatio>
    <medianHue idx="1" type="struct" size="1 1">
      <data idx="1" type="double" size="1 1">110</data>
    </medianHue>
    <avgSat idx="1" type="struct" size="1 1">
      <data idx="1" type="double" size="1 1">40.17423373574782</data>
    </avgSat>
    <avgInt idx="1" type="struct" size="1 1">
      <data idx="1" type="double" size="1 1">115.7011099932931</data>
    </avgInt>
    <medHueCells idx="1" type="struct" size="1 1">
      <data idx="1" type="double" size="1 9">120 108 110 75 30 75 120 115 115</data>
    </medHueCells>
    <avgSatCells idx="1" type="struct" size="1 1">
      <data idx="1" type="double" size="1 9">21.70074973759183 35.8360473834158 57.39829059829064 32.04532913480281 43.92964462438146 75.34074074074074 14.99100156494523 41.26883953292408 39.26981762369084</data>
    </avgSatCells>
    <avgIntCells idx="1" type="struct" size="1 1">
      <data idx="1" type="double" size="1 9">89.1679112310691 137.3308292097767 47.43037936722153 186.3840455840455 165.044684360474 96.95967911231075 146.91686228482 111.6604369808594 61.70800228722764</data>
    </avgIntCells>
    <cornerRatioGrid idx="1" type="struct" size="1 1">
      <data idx="1" type="double" size="1 9">5 36 34 23 31 36 12 46 12</data>
    </cornerRatioGrid>
    <avgR idx="1" type="struct" size="1 1">
      <data idx="1" type="double" size="1 1">112.2203319919517</data>
    </avgR>
    <avgG idx="1" type="struct" size="1 1">
      <data idx="1" type="double" size="1 1">104.913957075788</data>
    </avgG>
    <avgB idx="1" type="struct" size="1 1">
      <data idx="1" type="double" size="1 1">104.8647468142187</data>
    </avgB>
    <avgRCells idx="1" type="struct" size="1 1">
      <data idx="1" type="double" size="1 9">84.69022342180233 133.8579547158494 44.31139601139601 184.0201829359723 161.7532163742691 92.66762633078417 143.9064343324906 107.8123119056217 58.27950824605754</data>
    </avgRCells>
    <avgGCells idx="1" type="struct" size="1 1">
      <data idx="1" type="double" size="1 9">83.51676413255367 123.9202279202279 38.82283700704755 169.1102714050081 150.5347728295098 85.66330784225521 141.6571265198026 97.9041170097508 54.2461478271337</data>
    </avgGCells>
    <avgBCells idx="1" type="struct" size="1 1">
      <data idx="1" type="double" size="1 9">88.00182935972414 121.2993402309191 38.07399910031487 166.5402159244265 147.5116359274252 83.96141850352377 144.2990700613941 98.989827856025 56.18370049355966</data>
    </avgBCells>
  </features>
</root>
