<?xml version="1.0"?>
<!-- Written on 15-Jun-2010 21:44:32 using the XML Toolbox for Matlab -->
<root xml_tb_version="3.1" idx="1" type="struct" size="1 1">
  <filename idx="1" type="char" size="1 46">Children__s_Wild_Party_design_1_by_Skarbog.jpg</filename>
  <features idx="1" type="struct" size="1 1">
    <numFaces idx="1" type="struct" size="1 1">
      <data idx="1" type="double" size="1 1">0</data>
    </numFaces>
    <cornerRatio idx="1" type="struct" size="1 1">
      <data idx="1" type="double" size="1 1">0.00236254295532646</data>
    </cornerRatio>
    <edgeRatio idx="1" type="struct" size="1 1">
      <data idx="1" type="double" size="1 1">0.1727290410425987</data>
    </edgeRatio>
    <gridEdgeRatio idx="1" type="struct" size="1 1">
      <data idx="1" type="double" size="1 9">0.1426507764535932 0.1855543517515344 0.2185265438786561 0.184543156374142 0.160382809678584 0.1761646803900322 0.1744591258893568 0.1246551473791199 0.1870553216204443</data>
    </gridEdgeRatio>
    <medianHue idx="1" type="struct" size="1 1">
      <data idx="1" type="double" size="1 1">0</data>
    </medianHue>
    <avgSat idx="1" type="struct" size="1 1">
      <data idx="1" type="double" size="1 1">0</data>
    </avgSat>
    <avgInt idx="1" type="struct" size="1 1">
      <data idx="1" type="double" size="1 1">220.4398625429555</data>
    </avgInt>
    <medHueCells idx="1" type="struct" size="1 1">
      <data idx="1" type="double" size="1 9">0 0 0 0 0 0 0 0 0</data>
    </medHueCells>
    <avgSatCells idx="1" type="struct" size="1 1">
      <data idx="1" type="double" size="1 9">0 0 0 0 0 0 0 0 0</data>
    </avgSatCells>
    <avgIntCells idx="1" type="struct" size="1 1">
      <data idx="1" type="double" size="1 9">228.2839653304442 222.9389671361502 221.5099825758677 217.8705669916937 222.6256771397617 227.0949615217076 207.8238714337306 220.7739256049116 214.8253593727313</data>
    </avgIntCells>
    <cornerRatioGrid idx="1" type="struct" size="1 1">
      <data idx="1" type="double" size="1 9">43 70 85 49 64 62 78 56 76</data>
    </cornerRatioGrid>
    <avgR idx="1" type="struct" size="1 1">
      <data idx="1" type="double" size="1 1">220.4398625429555</data>
    </avgR>
    <avgG idx="1" type="struct" size="1 1">
      <data idx="1" type="double" size="1 1">220.4398625429555</data>
    </avgG>
    <avgB idx="1" type="struct" size="1 1">
      <data idx="1" type="double" size="1 1">220.4398625429555</data>
    </avgB>
    <avgRCells idx="1" type="struct" size="1 1">
      <data idx="1" type="double" size="1 9">228.2839653304442 222.9389671361502 221.5099825758677 217.8705669916937 222.6256771397617 227.0949615217076 207.8238714337306 220.7739256049116 214.8253593727313</data>
    </avgRCells>
    <avgGCells idx="1" type="struct" size="1 1">
      <data idx="1" type="double" size="1 9">228.2839653304442 222.9389671361502 221.5099825758677 217.8705669916937 222.6256771397617 227.0949615217076 207.8238714337306 220.7739256049116 214.8253593727313</data>
    </avgGCells>
    <avgBCells idx="1" type="struct" size="1 1">
      <data idx="1" type="double" size="1 9">228.2839653304442 222.9389671361502 221.5099825758677 217.8705669916937 222.6256771397617 227.0949615217076 207.8238714337306 220.7739256049116 214.8253593727313</data>
    </avgBCells>
  </features>
</root>
