<?xml version="1.0"?>
<!-- Written on 15-Jun-2010 21:44:32 using the XML Toolbox for Matlab -->
<root xml_tb_version="3.1" idx="1" type="struct" size="1 1">
  <filename idx="1" type="char" size="1 25">Chillily_by_miss_mosh.jpg</filename>
  <features idx="1" type="struct" size="1 1">
    <numFaces idx="1" type="struct" size="1 1">
      <data idx="1" type="double" size="1 1">0</data>
    </numFaces>
    <cornerRatio idx="1" type="struct" size="1 1">
      <data idx="1" type="double" size="1 1">0.000553843896713615</data>
    </cornerRatio>
    <edgeRatio idx="1" type="struct" size="1 1">
      <data idx="1" type="double" size="1 1">0.09451657863849765</data>
    </edgeRatio>
    <gridEdgeRatio idx="1" type="struct" size="1 1">
      <data idx="1" type="double" size="1 9">0.08264165740801255 0.07358996144042873 0.199091746742135 0.1052872361283575 0.02757989673877523 0.1558509938133474 0.006274099732043653 0.0064048101431279 0.1920165854942739</data>
    </gridEdgeRatio>
    <medianHue idx="1" type="struct" size="1 1">
      <data idx="1" type="double" size="1 1">13</data>
    </medianHue>
    <avgSat idx="1" type="struct" size="1 1">
      <data idx="1" type="double" size="1 1">49.73620158450708</data>
    </avgSat>
    <avgInt idx="1" type="struct" size="1 1">
      <data idx="1" type="double" size="1 1">193.6267568955398</data>
    </avgInt>
    <medHueCells idx="1" type="struct" size="1 1">
      <data idx="1" type="double" size="1 9">17 14 14 11 9 7 108 96 96</data>
    </medHueCells>
    <avgSatCells idx="1" type="struct" size="1 1">
      <data idx="1" type="double" size="1 9">56.56908045225801 89.34118685053268 66.17060976406769 50.12401150251617 55.23789294817333 44.34448728841253 19.61902724759774 31.2065618007108 35.25947742529946</data>
    </avgSatCells>
    <avgIntCells idx="1" type="struct" size="1 1">
      <data idx="1" type="double" size="1 9">190.8746487157702 156.6743350107836 149.6143716096987 198.9884648062218 220.825730344422 227.3530814979414 210.7742859023299 206.1843490851653 181.1573318415164</data>
    </avgIntCells>
    <cornerRatioGrid idx="1" type="struct" size="1 1">
      <data idx="1" type="double" size="1 9">4 11 49 12 3 32 0 0 40</data>
    </cornerRatioGrid>
    <avgR idx="1" type="struct" size="1 1">
      <data idx="1" type="double" size="1 1">191.3456426056337</data>
    </avgR>
    <avgG idx="1" type="struct" size="1 1">
      <data idx="1" type="double" size="1 1">174.2621332159623</data>
    </avgG>
    <avgB idx="1" type="struct" size="1 1">
      <data idx="1" type="double" size="1 1">163.9800139377935</data>
    </avgB>
    <avgRCells idx="1" type="struct" size="1 1">
      <data idx="1" type="double" size="1 9">183.7245931638455 156.6639435331024 147.9757205411411 195.5774785961702 220.825730344422 227.3530814979414 206.3484599183888 204.6459128603396 178.9054561010924</data>
    </avgRCells>
    <avgGCells idx="1" type="struct" size="1 1">
      <data idx="1" type="double" size="1 9">171.3977191033266 132.6805437553101 125.1074112803085 178.5916606757729 192.033396510032 201.3022678256323 202.9322429906542 195.1020797683295 168.9778860076346</data>
    </avgGCells>
    <avgBCells idx="1" type="struct" size="1 1">
      <data idx="1" type="double" size="1 9">157.9428468727534 111.8300111103849 111.0577740016992 165.2270113064506 178.223089994118 191.5236585844062 201.3524417533237 191.8051862577333 166.5379097011979</data>
    </avgBCells>
  </features>
</root>
