<?xml version="1.0"?>
<!-- Written on 15-Jun-2010 21:47:24 using the XML Toolbox for Matlab -->
<root xml_tb_version="3.1" idx="1" type="struct" size="1 1">
  <filename idx="1" type="char" size="1 21">choke_by_Udodelig.jpg</filename>
  <features idx="1" type="struct" size="1 1">
    <numFaces idx="1" type="struct" size="1 1">
      <data idx="1" type="double" size="1 1">0</data>
    </numFaces>
    <cornerRatio idx="1" type="struct" size="1 1">
      <data idx="1" type="double" size="1 1">5.405405405405405e-05</data>
    </cornerRatio>
    <edgeRatio idx="1" type="struct" size="1 1">
      <data idx="1" type="double" size="1 1">0.007039039039039039</data>
    </edgeRatio>
    <gridEdgeRatio idx="1" type="struct" size="1 1">
      <data idx="1" type="double" size="1 9">0.0121704931972789 0.0281143707482993 0.006864006864006863 0.009088010204081625 0.002178996598639456 0.0008043758043758043 0 0.003711273666092943 0</data>
    </gridEdgeRatio>
    <medianHue idx="1" type="struct" size="1 1">
      <data idx="1" type="double" size="1 1">75</data>
    </medianHue>
    <avgSat idx="1" type="struct" size="1 1">
      <data idx="1" type="double" size="1 1">5.107327327327329</data>
    </avgSat>
    <avgInt idx="1" type="struct" size="1 1">
      <data idx="1" type="double" size="1 1">166.5809429429428</data>
    </avgInt>
    <medHueCells idx="1" type="struct" size="1 1">
      <data idx="1" type="double" size="1 9">90 90 75 0 75 75 0 0 0</data>
    </medHueCells>
    <avgSatCells idx="1" type="struct" size="1 1">
      <data idx="1" type="double" size="1 9">17.77226828231292 11.49011479591837 4.852033132530122 2.123883928571428 4.886213860544219 2.66507099827883 0.8363899613899615 0.7874302874302879 0.2232171930967112</data>
    </avgSatCells>
    <avgIntCells idx="1" type="struct" size="1 1">
      <data idx="1" type="double" size="1 9">96.32722151360545 117.835831207483 148.5894470740103 178.8130314625851 149.6757546768708 175.3002366609295 217.6425353925353 199.5078828828829 217.4270053185716</data>
    </avgIntCells>
    <cornerRatioGrid idx="1" type="struct" size="1 1">
      <data idx="1" type="double" size="1 9">1 4 0 2 1 0 1 0 0</data>
    </cornerRatioGrid>
    <avgR idx="1" type="struct" size="1 1">
      <data idx="1" type="double" size="1 1">164.4852912912913</data>
    </avgR>
    <avgG idx="1" type="struct" size="1 1">
      <data idx="1" type="double" size="1 1">166.2815135135134</data>
    </avgG>
    <avgB idx="1" type="struct" size="1 1">
      <data idx="1" type="double" size="1 1">166.2075315315315</data>
    </avgB>
    <avgRCells idx="1" type="struct" size="1 1">
      <data idx="1" type="double" size="1 9">91.89976615646258 113.8789328231292 145.6462456970739 177.4562606292516 146.9034332482993 173.6814759036145 216.8096310596311 198.8463642213642 217.2046021925541</data>
    </avgRCells>
    <avgGCells idx="1" type="struct" size="1 1">
      <data idx="1" type="double" size="1 9">96.054049744898 117.243037840136 147.8576807228916 178.6119260204082 149.2042410714286 174.9348106712565 217.6404976404976 199.4556520806522 217.4237490502551</data>
    </avgGCells>
    <avgBCells idx="1" type="struct" size="1 1">
      <data idx="1" type="double" size="1 9">95.95158375850345 117.4312818877551 148.0638984509466 178.4625850340136 149.0817920918368 174.9942986230637 217.2260296010296 199.234984984985 217.3179203299686</data>
    </avgBCells>
  </features>
</root>
