<?xml version="1.0"?>
<!-- Written on 15-Jun-2010 21:44:32 using the XML Toolbox for Matlab -->
<root xml_tb_version="3.1" idx="1" type="struct" size="1 1">
  <filename idx="1" type="char" size="1 46">Chrome_OS_in_all_it__s_glory_by_fediaFedia.png</filename>
  <features idx="1" type="struct" size="1 1">
    <numFaces idx="1" type="struct" size="1 1">
      <data idx="1" type="double" size="1 1">0</data>
    </numFaces>
    <cornerRatio idx="1" type="struct" size="1 1">
      <data idx="1" type="double" size="1 1">0.0002751888302302172</data>
    </cornerRatio>
    <edgeRatio idx="1" type="struct" size="1 1">
      <data idx="1" type="double" size="1 1">0.02781062456484473</data>
    </edgeRatio>
    <gridEdgeRatio idx="1" type="struct" size="1 1">
      <data idx="1" type="double" size="1 9">0.006791894142685301 0.07331359304154711 0.07372073655963768 0.01539742759322657 0.03049875080966036 0.002007957805126307 0.02170456130562152 0.01984470172501983 0.006816385362905149</data>
    </gridEdgeRatio>
    <medianHue idx="1" type="struct" size="1 1">
      <data idx="1" type="double" size="1 1">108</data>
    </medianHue>
    <avgSat idx="1" type="struct" size="1 1">
      <data idx="1" type="double" size="1 1">79.34456745178225</data>
    </avgSat>
    <avgInt idx="1" type="struct" size="1 1">
      <data idx="1" type="double" size="1 1">228.5101742276321</data>
    </avgInt>
    <medHueCells idx="1" type="struct" size="1 1">
      <data idx="1" type="double" size="1 9">109 109 110 108 0 0 0 0 0</data>
    </medHueCells>
    <avgSatCells idx="1" type="struct" size="1 1">
      <data idx="1" type="double" size="1 9">143.3869158878495 147.8245674100112 152.5313339842838 84.03471823817873 74.49937077819916 73.00409169107728 38.20824465624133 0 0</data>
    </avgSatCells>
    <avgIntCells idx="1" type="struct" size="1 1">
      <data idx="1" type="double" size="1 9">217.7726658647189 213.0290089756637 206.1754591528343 221.0149162579814 231.6098454705282 230.720788580461 228.7639122790784 254.5233644859813 253.2570790905272</data>
    </avgIntCells>
    <cornerRatioGrid idx="1" type="struct" size="1 1">
      <data idx="1" type="double" size="1 9">0 122 67 18 51 0 3 4 1</data>
    </cornerRatioGrid>
    <avgR idx="1" type="struct" size="1 1">
      <data idx="1" type="double" size="1 1">165.6744847192614</data>
    </avgR>
    <avgG idx="1" type="struct" size="1 1">
      <data idx="1" type="double" size="1 1">186.8409367179494</data>
    </avgG>
    <avgB idx="1" type="struct" size="1 1">
      <data idx="1" type="double" size="1 1">226.1186012131069</data>
    </avgB>
    <avgRCells idx="1" type="struct" size="1 1">
      <data idx="1" type="double" size="1 9">94.07122235587978 89.91234385120778 84.09327195796689 156.6100860553344 169.5755436291293 172.2704979774018 217.4264828351994 254.5233644859813 253.2570790905272</data>
    </avgRCells>
    <avgGCells idx="1" type="struct" size="1 1">
      <data idx="1" type="double" size="1 9">139.3777736652174 132.4049967613586 123.7403915004418 178.7859350421026 190.4702415101323 191.2425256893094 218.3088368649945 254.5233644859813 253.2570790905272</data>
    </avgGCells>
    <avgBCells idx="1" type="struct" size="1 1">
      <data idx="1" type="double" size="1 9">217.7726658647189 213.0290089756637 206.1754591528343 214.1104839455913 231.6098362172664 230.720788580461 214.2501526788197 254.5233644859813 253.2570790905272</data>
    </avgBCells>
  </features>
</root>
