<?xml version="1.0"?>
<!-- Written on 15-Jun-2010 21:47:24 using the XML Toolbox for Matlab -->
<root xml_tb_version="3.1" idx="1" type="struct" size="1 1">
  <filename idx="1" type="char" size="1 25">church_ii_by_Udodelig.jpg</filename>
  <features idx="1" type="struct" size="1 1">
    <numFaces idx="1" type="struct" size="1 1">
      <data idx="1" type="double" size="1 1">0</data>
    </numFaces>
    <cornerRatio idx="1" type="struct" size="1 1">
      <data idx="1" type="double" size="1 1">0.001303303303303303</data>
    </cornerRatio>
    <edgeRatio idx="1" type="struct" size="1 1">
      <data idx="1" type="double" size="1 1">0.1798438438438438</data>
    </edgeRatio>
    <gridEdgeRatio idx="1" type="struct" size="1 1">
      <data idx="1" type="double" size="1 9">0.121173469387755 0.1415284863945579 0.1160982410982411 0.115858843537415 0.2323554421768708 0.1231231231231231 0.2439759036144578 0.2851226333907058 0.2404754151742104</data>
    </gridEdgeRatio>
    <medianHue idx="1" type="struct" size="1 1">
      <data idx="1" type="double" size="1 1">45</data>
    </medianHue>
    <avgSat idx="1" type="struct" size="1 1">
      <data idx="1" type="double" size="1 1">70.62704504504507</data>
    </avgSat>
    <avgInt idx="1" type="struct" size="1 1">
      <data idx="1" type="double" size="1 1">182.8704264264265</data>
    </avgInt>
    <medHueCells idx="1" type="struct" size="1 1">
      <data idx="1" type="double" size="1 9">46 41 49 45 44 49 46 43 48</data>
    </medHueCells>
    <avgSatCells idx="1" type="struct" size="1 1">
      <data idx="1" type="double" size="1 9">75.93085671768709 74.33811649659867 67.89742900172118 73.00387967687075 67.89625850340136 57.34358864027537 76.53319390819392 74.89044401544402 67.82258764788882</data>
    </avgSatCells>
    <avgIntCells idx="1" type="struct" size="1 1">
      <data idx="1" type="double" size="1 9">173.6112351190476 181.3743622448979 184.4577237521515 181.0644664115646 185.9313350340135 204.3481604991394 174.1265015015016 177.3716752466752 183.6018669271681</data>
    </avgIntCells>
    <cornerRatioGrid idx="1" type="struct" size="1 1">
      <data idx="1" type="double" size="1 9">5 3 0 21 37 16 44 48 43</data>
    </cornerRatioGrid>
    <avgR idx="1" type="struct" size="1 1">
      <data idx="1" type="double" size="1 1">158.0555675675676</data>
    </avgR>
    <avgG idx="1" type="struct" size="1 1">
      <data idx="1" type="double" size="1 1">182.8443783783786</data>
    </avgG>
    <avgB idx="1" type="struct" size="1 1">
      <data idx="1" type="double" size="1 1">134.0125045045046</data>
    </avgB>
    <avgRCells idx="1" type="struct" size="1 1">
      <data idx="1" type="double" size="1 9">147.4861819727891 161.8128188775509 156.5806798623063 155.1442920918367 164.2434098639455 178.7388123924268 147.0524989274989 154.7022737022738 156.6314446977098</data>
    </avgRCells>
    <avgGCells idx="1" type="struct" size="1 1">
      <data idx="1" type="double" size="1 9">173.6065582482993 181.3711203231292 184.3425666953528 181.063988095238 185.9173575680271 204.3403076592082 174.1265015015016 177.3701201201201 183.5146532074243</data>
    </avgGCells>
    <avgBCells idx="1" type="struct" size="1 1">
      <data idx="1" type="double" size="1 9">122.2649340986395 129.377019557823 140.3197611876076 129.9417517006802 138.101456207483 160.2880271084338 122.0699806949808 125.9902938652939 137.8024530554651</data>
    </avgBCells>
  </features>
</root>
