<?xml version="1.0"?>
<!-- Written on 15-Jun-2010 21:47:24 using the XML Toolbox for Matlab -->
<root xml_tb_version="3.1" idx="1" type="struct" size="1 1">
  <filename idx="1" type="char" size="1 24">church_i_by_Udodelig.jpg</filename>
  <features idx="1" type="struct" size="1 1">
    <numFaces idx="1" type="struct" size="1 1">
      <data idx="1" type="double" size="1 1">0</data>
    </numFaces>
    <cornerRatio idx="1" type="struct" size="1 1">
      <data idx="1" type="double" size="1 1">0.0005645645645645645</data>
    </cornerRatio>
    <edgeRatio idx="1" type="struct" size="1 1">
      <data idx="1" type="double" size="1 1">0.08412612612612613</data>
    </edgeRatio>
    <gridEdgeRatio idx="1" type="struct" size="1 1">
      <data idx="1" type="double" size="1 9">0.117984693877551 0.1025191326530612 0.1325075075075074 0.06180909863945576 0.06962159863945584 0.1264478764478764 0.04448149741824437 0.04168459552495694 0.05828720286551604</data>
    </gridEdgeRatio>
    <medianHue idx="1" type="struct" size="1 1">
      <data idx="1" type="double" size="1 1">40</data>
    </medianHue>
    <avgSat idx="1" type="struct" size="1 1">
      <data idx="1" type="double" size="1 1">70.50644444444441</data>
    </avgSat>
    <avgInt idx="1" type="struct" size="1 1">
      <data idx="1" type="double" size="1 1">119.8518258258258</data>
    </avgInt>
    <medHueCells idx="1" type="struct" size="1 1">
      <data idx="1" type="double" size="1 9">45 50 9 49 46 8 50 43 11</data>
    </medHueCells>
    <avgSatCells idx="1" type="struct" size="1 1">
      <data idx="1" type="double" size="1 9">67.03539540816327 50.73054846938776 93.59477194492254 79.5583014455782 63.04969175170066 80.20971385542167 72.10435435435437 59.51147576147577 68.461738847281</data>
    </avgSatCells>
    <avgIntCells idx="1" type="struct" size="1 1">
      <data idx="1" type="double" size="1 9">164.1198448129252 164.1281356292517 79.12166523235803 120.9163477891156 127.1116071428571 68.31637263339071 157.2834084084084 133.2636207636207 61.79111038749592</data>
    </avgIntCells>
    <cornerRatioGrid idx="1" type="struct" size="1 1">
      <data idx="1" type="double" size="1 9">23 5 17 16 7 17 3 3 3</data>
    </cornerRatioGrid>
    <avgR idx="1" type="struct" size="1 1">
      <data idx="1" type="double" size="1 1">106.593963963964</data>
    </avgR>
    <avgG idx="1" type="struct" size="1 1">
      <data idx="1" type="double" size="1 1">114.1963063063062</data>
    </avgG>
    <avgB idx="1" type="struct" size="1 1">
      <data idx="1" type="double" size="1 1">89.89033033033031</data>
    </avgB>
    <avgRCells idx="1" type="struct" size="1 1">
      <data idx="1" type="double" size="1 9">143.9753401360544 144.4266050170068 77.45508820998278 98.06191539115652 110.413743622449 68.23020654044753 133.4435328185328 119.4870227370227 61.75892760230109</data>
    </avgRCells>
    <avgGCells idx="1" type="struct" size="1 1">
      <data idx="1" type="double" size="1 9">162.6367453231293 164.0686118197279 60.17039586919105 120.5601615646259 126.7752976190477 52.36945998278827 154.9130737880738 132.1053196053197 51.39373711060458</data>
    </avgGCells>
    <avgBCells idx="1" type="struct" size="1 1">
      <data idx="1" type="double" size="1 9">125.9422831632653 137.3404549319728 48.63747848537007 84.76737882653059 98.30899234693871 44.6756131669535 117.7678571428572 105.2453346203346 44.38879843699119</data>
    </avgBCells>
  </features>
</root>
