<?xml version="1.0"?>
<!-- Written on 15-Jun-2010 21:47:24 using the XML Toolbox for Matlab -->
<root xml_tb_version="3.1" idx="1" type="struct" size="1 1">
  <filename idx="1" type="char" size="1 26">church_iii_by_Udodelig.jpg</filename>
  <features idx="1" type="struct" size="1 1">
    <numFaces idx="1" type="struct" size="1 1">
      <data idx="1" type="double" size="1 1">0</data>
    </numFaces>
    <cornerRatio idx="1" type="struct" size="1 1">
      <data idx="1" type="double" size="1 1">0.0002462462462462463</data>
    </cornerRatio>
    <edgeRatio idx="1" type="struct" size="1 1">
      <data idx="1" type="double" size="1 1">0.06327327327327327</data>
    </edgeRatio>
    <gridEdgeRatio idx="1" type="struct" size="1 1">
      <data idx="1" type="double" size="1 9">0.07020620748299318 0.109375 0.02171814671814672 0.05474064625850343 0.07897534013605438 0.04547404547404549 0.0730421686746988 0.06777108433734938 0.04732443286660154</data>
    </gridEdgeRatio>
    <medianHue idx="1" type="struct" size="1 1">
      <data idx="1" type="double" size="1 1">19</data>
    </medianHue>
    <avgSat idx="1" type="struct" size="1 1">
      <data idx="1" type="double" size="1 1">68.92250450450443</data>
    </avgSat>
    <avgInt idx="1" type="struct" size="1 1">
      <data idx="1" type="double" size="1 1">203.8298978978979</data>
    </avgInt>
    <medHueCells idx="1" type="struct" size="1 1">
      <data idx="1" type="double" size="1 9">21 16 22 19 20 17 19 18 17</data>
    </medHueCells>
    <avgSatCells idx="1" type="struct" size="1 1">
      <data idx="1" type="double" size="1 9">63.21859056122448 81.49580144557827 58.42437607573147 77.5294961734694 70.29591836734694 72.41103700516352 63.75091162591163 63.25037537537538 69.97172473678499</data>
    </avgSatCells>
    <avgIntCells idx="1" type="struct" size="1 1">
      <data idx="1" type="double" size="1 9">205.8416772959183 218.6447172619049 201.8484294320137 196.3945578231294 232.1750637755102 219.9906411359724 187.5047726297727 182.9345774345775 189.4349289048085</data>
    </avgIntCells>
    <cornerRatioGrid idx="1" type="struct" size="1 1">
      <data idx="1" type="double" size="1 9">5 15 1 0 3 4 5 3 5</data>
    </cornerRatioGrid>
    <avgR idx="1" type="struct" size="1 1">
      <data idx="1" type="double" size="1 1">202.8218498498497</data>
    </avgR>
    <avgG idx="1" type="struct" size="1 1">
      <data idx="1" type="double" size="1 1">182.7907507507507</data>
    </avgG>
    <avgB idx="1" type="struct" size="1 1">
      <data idx="1" type="double" size="1 1">150.095897897898</data>
    </avgB>
    <avgRCells idx="1" type="struct" size="1 1">
      <data idx="1" type="double" size="1 9">205.6100659013605 217.748299319728 196.138285283993 196.1390837585034 232.0012223639455 219.4832723752152 187.3463642213643 182.3298477048478 188.8985672419408</data>
    </avgRCells>
    <avgGCells idx="1" type="struct" size="1 1">
      <data idx="1" type="double" size="1 9">190.1599170918368 187.2427721088435 190.1285499139416 175.6623618197279 208.8807397959184 192.781626506024 170.2933826683827 164.6355105105104 165.4469228264409</data>
    </avgGCells>
    <avgBCells idx="1" type="struct" size="1 1">
      <data idx="1" type="double" size="1 9">156.0566007653062 149.3718643707483 156.2780765920826 136.1263286564626 168.5406568877552 160.6753442340791 143.7579365079365 139.3098455598456 140.881906002388</data>
    </avgBCells>
  </features>
</root>
