<?xml version="1.0"?>
<!-- Written on 15-Jun-2010 21:44:33 using the XML Toolbox for Matlab -->
<root xml_tb_version="3.1" idx="1" type="struct" size="1 1">
  <filename idx="1" type="char" size="1 24">Cinched_by_miss_mosh.jpg</filename>
  <features idx="1" type="struct" size="1 1">
    <numFaces idx="1" type="struct" size="1 1">
      <data idx="1" type="double" size="1 1">0</data>
    </numFaces>
    <cornerRatio idx="1" type="struct" size="1 1">
      <data idx="1" type="double" size="1 1">0.0002305605786618445</data>
    </cornerRatio>
    <edgeRatio idx="1" type="struct" size="1 1">
      <data idx="1" type="double" size="1 1">0.04637432188065099</data>
    </edgeRatio>
    <gridEdgeRatio idx="1" type="struct" size="1 1">
      <data idx="1" type="double" size="1 9">0.02035094796288826 0.07710770471964501 0.01787010891488504 0.05268253327954822 0.0973376361436062 0.02694634933440904 0.03663889453363138 0.06429587482219064 0.02560455192034141</data>
    </gridEdgeRatio>
    <medianHue idx="1" type="struct" size="1 1">
      <data idx="1" type="double" size="1 1">120</data>
    </medianHue>
    <avgSat idx="1" type="struct" size="1 1">
      <data idx="1" type="double" size="1 1">16.67171338155516</data>
    </avgSat>
    <avgInt idx="1" type="struct" size="1 1">
      <data idx="1" type="double" size="1 1">225.3460736889692</data>
    </avgInt>
    <medHueCells idx="1" type="struct" size="1 1">
      <data idx="1" type="double" size="1 9">120 120 120 125 156 120 120 120 120</data>
    </medHueCells>
    <avgSatCells idx="1" type="struct" size="1 1">
      <data idx="1" type="double" size="1 9">8.505082694634934 17.50471964501816 16.48723836618574 22.65647438483258 20.34572408229124 13.04568177199756 9.507805566760782 15.73691004437272 26.39063198536882</data>
    </avgSatCells>
    <avgIntCells idx="1" type="struct" size="1 1">
      <data idx="1" type="double" size="1 9">239.5485881403791 225.1318676885843 222.3247104247104 218.8165590964099 219.7340459862849 230.8641536273115 234.3334610730133 222.3924969745866 214.3950823003455</data>
    </avgIntCells>
    <cornerRatioGrid idx="1" type="struct" size="1 1">
      <data idx="1" type="double" size="1 9">0 9 0 16 32 0 16 24 5</data>
    </cornerRatioGrid>
    <avgR idx="1" type="struct" size="1 1">
      <data idx="1" type="double" size="1 1">218.0671586799276</data>
    </avgR>
    <avgG idx="1" type="struct" size="1 1">
      <data idx="1" type="double" size="1 1">211.5088856238699</data>
    </avgG>
    <avgB idx="1" type="struct" size="1 1">
      <data idx="1" type="double" size="1 1">219.6959018987343</data>
    </avgB>
    <avgRCells idx="1" type="struct" size="1 1">
      <data idx="1" type="double" size="1 9">231.8738805970149 219.583945139169 211.478520625889 213.7902178297701 215.4056474384832 220.770432838854 226.035235982251 215.6494352561518 207.4410282462914</data>
    </avgRCells>
    <avgGCells idx="1" type="struct" size="1 1">
      <data idx="1" type="double" size="1 9">231.2646430012103 211.0444332392096 209.0691526112578 200.8918515530456 203.3138765631303 219.2768542979068 225.2099031867689 209.1516135538523 193.7047957732167</data>
    </avgGCells>
    <avgBCells idx="1" type="struct" size="1 1">
      <data idx="1" type="double" size="1 9">239.3385437676483 218.1333602258976 220.2962812436497 208.2534691407827 210.3698265429607 230.2678317415159 234.303267446551 215.9187172246875 199.7612273928064</data>
    </avgBCells>
  </features>
</root>
