<?xml version="1.0"?>
<!-- Written on 15-Jun-2010 21:44:33 using the XML Toolbox for Matlab -->
<root xml_tb_version="3.1" idx="1" type="struct" size="1 1">
  <filename idx="1" type="char" size="1 29">City_on_a_Hill_by_One_Vox.jpg</filename>
  <features idx="1" type="struct" size="1 1">
    <numFaces idx="1" type="struct" size="1 1">
      <data idx="1" type="double" size="1 1">0</data>
    </numFaces>
    <cornerRatio idx="1" type="struct" size="1 1">
      <data idx="1" type="double" size="1 1">0.0001486988847583643</data>
    </cornerRatio>
    <edgeRatio idx="1" type="struct" size="1 1">
      <data idx="1" type="double" size="1 1">0.02977695167286245</data>
    </edgeRatio>
    <gridEdgeRatio idx="1" type="struct" size="1 1">
      <data idx="1" type="double" size="1 9">0.001430348258706467 0.06019900497512435 0.01996268656716423 0.01063432835820896 0.1162313432835821 0.02715588723051411 0.01969507101086049 0.005409356725146201 0.0079156223893066</data>
    </gridEdgeRatio>
    <medianHue idx="1" type="struct" size="1 1">
      <data idx="1" type="double" size="1 1">19</data>
    </medianHue>
    <avgSat idx="1" type="struct" size="1 1">
      <data idx="1" type="double" size="1 1">57.01517890334573</data>
    </avgSat>
    <avgInt idx="1" type="struct" size="1 1">
      <data idx="1" type="double" size="1 1">123.2748187732342</data>
    </avgInt>
    <medHueCells idx="1" type="struct" size="1 1">
      <data idx="1" type="double" size="1 9">67 16 13 45 6 7 35 15 12</data>
    </medHueCells>
    <avgSatCells idx="1" type="struct" size="1 1">
      <data idx="1" type="double" size="1 9">20.60505804311775 69.90831260364841 41.8578529657477 32.89894278606965 113.820895522388 55.70565998329156 29.66869817578771 86.77860696517415 62.14413116123644</data>
    </avgSatCells>
    <avgIntCells idx="1" type="struct" size="1 1">
      <data idx="1" type="double" size="1 9">202.5901948590383 137.5689469320067 82.4886591478697 174.6794983416251 68.93656716417911 64.25553467000836 155.8311981757877 127.1959991708126 94.38061821219718</data>
    </avgIntCells>
    <cornerRatioGrid idx="1" type="struct" size="1 1">
      <data idx="1" type="double" size="1 9">1 28 3 1 19 4 2 2 4</data>
    </cornerRatioGrid>
    <avgR idx="1" type="struct" size="1 1">
      <data idx="1" type="double" size="1 1">121.0562314126395</data>
    </avgR>
    <avgG idx="1" type="struct" size="1 1">
      <data idx="1" type="double" size="1 1">110.9324605018587</data>
    </avgG>
    <avgB idx="1" type="struct" size="1 1">
      <data idx="1" type="double" size="1 1">101.644909386617</data>
    </avgB>
    <avgRCells idx="1" type="struct" size="1 1">
      <data idx="1" type="double" size="1 9">191.7866708126037 137.4338723051409 82.46599832915624 169.6781301824212 68.9334991708126 64.25160818713451 151.9684701492538 127.1947139303483 94.36679197994985</data>
    </avgRCells>
    <avgGCells idx="1" type="struct" size="1 1">
      <data idx="1" type="double" size="1 9">201.5889303482588 119.8934701492538 71.66787802840433 169.7521973466004 45.8753109452736 52.35415622389308 152.3387230514096 105.3411484245439 77.94218880534669</data>
    </avgGCells>
    <avgBCells idx="1" type="struct" size="1 1">
      <data idx="1" type="double" size="1 9">192.6161276948589 100.1349709784411 69.53168337510442 161.13521973466 41.44952321724708 50.94500835421889 142.5979477611941 84.90582504145934 69.97098997493734</data>
    </avgBCells>
  </features>
</root>
