<?xml version="1.0"?>
<!-- Written on 15-Jun-2010 21:44:33 using the XML Toolbox for Matlab -->
<root xml_tb_version="3.1" idx="1" type="struct" size="1 1">
  <filename idx="1" type="char" size="1 27">City_Shift_by_wirestyle.jpg</filename>
  <features idx="1" type="struct" size="1 1">
    <numFaces idx="1" type="struct" size="1 1">
      <data idx="1" type="double" size="1 1">1</data>
    </numFaces>
    <cornerRatio idx="1" type="struct" size="1 1">
      <data idx="1" type="double" size="1 1">0.0005369283065512979</data>
    </cornerRatio>
    <edgeRatio idx="1" type="struct" size="1 1">
      <data idx="1" type="double" size="1 1">0.1267042645241038</data>
    </edgeRatio>
    <gridEdgeRatio idx="1" type="struct" size="1 1">
      <data idx="1" type="double" size="1 9">0.1326340229694433 0.1357505148085184 0.06915709606534268 0.1040258717193914 0.1283289799190123 0.07638514587393054 0.1696531751667293 0.2310541191540314 0.09343107361151706</data>
    </gridEdgeRatio>
    <medianHue idx="1" type="struct" size="1 1">
      <data idx="1" type="double" size="1 1">153</data>
    </medianHue>
    <avgSat idx="1" type="struct" size="1 1">
      <data idx="1" type="double" size="1 1">144.942629017305</data>
    </avgSat>
    <avgInt idx="1" type="struct" size="1 1">
      <data idx="1" type="double" size="1 1">137.1881891223733</data>
    </avgInt>
    <medHueCells idx="1" type="struct" size="1 1">
      <data idx="1" type="double" size="1 9">156 153 151 154 146 153 25 22 162</data>
    </medHueCells>
    <avgSatCells idx="1" type="struct" size="1 1">
      <data idx="1" type="double" size="1 9">158.3519631825533 146.0367137941041 140.1464224552022 140.2732423953453 142.0416407534862 133.1883449591356 141.1078472020675 141.6357297842641 161.4948693315513</data>
    </avgSatCells>
    <avgIntCells idx="1" type="struct" size="1 1">
      <data idx="1" type="double" size="1 9">130.2574526307062 126.2281811020355 133.2161703075618 130.0441145984493 139.2025443288141 135.8683290867828 143.3156639993368 186.0981176665697 110.4987747657436</data>
    </avgIntCells>
    <cornerRatioGrid idx="1" type="struct" size="1 1">
      <data idx="1" type="double" size="1 9">72 76 53 71 47 72 102 152 50</data>
    </cornerRatioGrid>
    <avgR idx="1" type="struct" size="1 1">
      <data idx="1" type="double" size="1 1">137.0728955500619</data>
    </avgR>
    <avgG idx="1" type="struct" size="1 1">
      <data idx="1" type="double" size="1 1">83.3314779048207</data>
    </avgG>
    <avgB idx="1" type="struct" size="1 1">
      <data idx="1" type="double" size="1 1">80.05982540173066</data>
    </avgB>
    <avgRCells idx="1" type="struct" size="1 1">
      <data idx="1" type="double" size="1 9">130.1164434678053 126.1339884185358 132.9153056820238 129.8980540929005 139.1512776925523 135.8022012447265 143.2315118095001 186.053546996144 110.3907940353368</data>
    </avgRCells>
    <avgGCells idx="1" type="struct" size="1 1">
      <data idx="1" type="double" size="1 9">66.03966444158819 80.67160053623012 83.86290603288631 78.20472794615586 86.461372085631 86.09024267992146 86.96150337907869 131.5447157842365 50.15663506119209</data>
    </avgGCells>
    <avgBCells idx="1" type="struct" size="1 1">
      <data idx="1" type="double" size="1 9">78.71805077601341 78.75220780297694 80.87357114016403 78.76913083737588 76.66469726495025 77.78721300976011 79.81082687231364 96.19361637436592 72.95573841248634</data>
    </avgBCells>
  </features>
</root>
