<?xml version="1.0"?>
<!-- Written on 15-Jun-2010 21:44:33 using the XML Toolbox for Matlab -->
<root xml_tb_version="3.1" idx="1" type="struct" size="1 1">
  <filename idx="1" type="char" size="1 40">City_of_the_Forgotten_City_by_LALAax.jpg</filename>
  <features idx="1" type="struct" size="1 1">
    <numFaces idx="1" type="struct" size="1 1">
      <data idx="1" type="double" size="1 1">0</data>
    </numFaces>
    <cornerRatio idx="1" type="struct" size="1 1">
      <data idx="1" type="double" size="1 1">0.0003561253561253561</data>
    </cornerRatio>
    <edgeRatio idx="1" type="struct" size="1 1">
      <data idx="1" type="double" size="1 1">0.04958640896140896</data>
    </edgeRatio>
    <gridEdgeRatio idx="1" type="struct" size="1 1">
      <data idx="1" type="double" size="1 9">0.01309051568698158 0.02762351244139935 0.07272200492539482 0.007825459790840242 0.116516408222142 0.04664638562943655 0.01932924630364234 0.04388748647673997 0.09763870780819965</data>
    </gridEdgeRatio>
    <medianHue idx="1" type="struct" size="1 1">
      <data idx="1" type="double" size="1 1">96</data>
    </medianHue>
    <avgSat idx="1" type="struct" size="1 1">
      <data idx="1" type="double" size="1 1">193.5978252072002</data>
    </avgSat>
    <avgInt idx="1" type="struct" size="1 1">
      <data idx="1" type="double" size="1 1">67.78427301864801</data>
    </avgInt>
    <medHueCells idx="1" type="struct" size="1 1">
      <data idx="1" type="double" size="1 9">96 94 98 94 105 100 95 94 97</data>
    </medHueCells>
    <avgSatCells idx="1" type="struct" size="1 1">
      <data idx="1" type="double" size="1 9">203.008618824378 207.153840605842 206.1376126938333 191.8928236566894 169.4772448611611 196.9033898305085 177.2780312907432 193.8279371287844 196.8986310299871</data>
    </avgSatCells>
    <avgIntCells idx="1" type="struct" size="1 1">
      <data idx="1" type="double" size="1 9">70.44489722322399 61.52495492246665 43.20576992426975 102.0450775333574 71.21507392715472 51.21215290299315 89.02422859626257 67.20856873822976 54.24750108648414</data>
    </avgIntCells>
    <cornerRatioGrid idx="1" type="struct" size="1 1">
      <data idx="1" type="double" size="1 9">0 8 18 0 32 3 0 1 26</data>
    </cornerRatioGrid>
    <avgR idx="1" type="struct" size="1 1">
      <data idx="1" type="double" size="1 1">19.30544224294225</data>
    </avgR>
    <avgG idx="1" type="struct" size="1 1">
      <data idx="1" type="double" size="1 1">57.02231044418546</data>
    </avgG>
    <avgB idx="1" type="struct" size="1 1">
      <data idx="1" type="double" size="1 1">67.60393599456098</data>
    </avgB>
    <avgRCells idx="1" type="struct" size="1 1">
      <data idx="1" type="double" size="1 9">15.19314821492967 11.81305445366029 8.485575189325642 27.89340064911649 35.01976199062388 13.1588171655247 30.2496378386209 17.31276256699984 14.50409242358395</data>
    </avgRCells>
    <avgGCells idx="1" type="struct" size="1 1">
      <data idx="1" type="double" size="1 9">58.84691669671837 53.7726649837721 33.57374684457268 90.19462675802384 57.08157230436351 39.51821132347637 77.98754164855863 59.7279443720122 42.63986672461253</data>
    </avgGCells>
    <avgBCells idx="1" type="struct" size="1 1">
      <data idx="1" type="double" size="1 9">70.42232239451859 61.49877389109266 43.17861521817526 102.024450054093 70.30616660656334 51.16177425171293 88.74025785890191 66.99518325365786 54.18691148775895</data>
    </avgBCells>
  </features>
</root>
