<?xml version="1.0"?>
<!-- Written on 15-Jun-2010 21:44:26 using the XML Toolbox for Matlab -->
<root xml_tb_version="3.1" idx="1" type="struct" size="1 1">
  <filename idx="1" type="char" size="1 29">CJ_interviewed_by_iakobos.jpg</filename>
  <features idx="1" type="struct" size="1 1">
    <numFaces idx="1" type="struct" size="1 1">
      <data idx="1" type="double" size="1 1">0</data>
    </numFaces>
    <cornerRatio idx="1" type="struct" size="1 1">
      <data idx="1" type="double" size="1 1">0.0001148600143575018</data>
    </cornerRatio>
    <edgeRatio idx="1" type="struct" size="1 1">
      <data idx="1" type="double" size="1 1">0.03771476429767887</data>
    </edgeRatio>
    <gridEdgeRatio idx="1" type="struct" size="1 1">
      <data idx="1" type="double" size="1 9">0.04084073820915927 0.03048103212576889 0.02427497314715362 0.05361414900888586 0.03774350649350654 0.0164983888292159 0.05799299384825701 0.04957706766917292 0.02859291084854995</data>
    </gridEdgeRatio>
    <medianHue idx="1" type="struct" size="1 1">
      <data idx="1" type="double" size="1 1">16</data>
    </medianHue>
    <avgSat idx="1" type="struct" size="1 1">
      <data idx="1" type="double" size="1 1">81.64804737975587</data>
    </avgSat>
    <avgInt idx="1" type="struct" size="1 1">
      <data idx="1" type="double" size="1 1">143.1049485522852</data>
    </avgInt>
    <medHueCells idx="1" type="struct" size="1 1">
      <data idx="1" type="double" size="1 9">96 13 71 16 12 14 14 15 43</data>
    </medHueCells>
    <avgSatCells idx="1" type="struct" size="1 1">
      <data idx="1" type="double" size="1 9">78.10180280246072 77.65084586466168 78.05690362269311 78.92808014354064 97.9568737183868 114.0878759398496 78.6730827067669 61.48749731471538 70.04747583243824</data>
    </avgSatCells>
    <avgIntCells idx="1" type="struct" size="1 1">
      <data idx="1" type="double" size="1 9">119.6941857484621 159.5438525290498 122.6049213943951 141.9713559466849 199.8663277511961 133.7398325358853 159.1731041890441 165.5484640171858 86.43233082706764</data>
    </avgIntCells>
    <cornerRatioGrid idx="1" type="struct" size="1 1">
      <data idx="1" type="double" size="1 9">12 7 1 2 1 2 1 12 10</data>
    </cornerRatioGrid>
    <avgR idx="1" type="struct" size="1 1">
      <data idx="1" type="double" size="1 1">139.2591074419719</data>
    </avgR>
    <avgG idx="1" type="struct" size="1 1">
      <data idx="1" type="double" size="1 1">119.6056329265375</data>
    </avgG>
    <avgB idx="1" type="struct" size="1 1">
      <data idx="1" type="double" size="1 1">102.3893802345059</data>
    </avgB>
    <avgRCells idx="1" type="struct" size="1 1">
      <data idx="1" type="double" size="1 9">112.1279477101845 157.4259868421053 113.2204160970609 139.0395377648667 199.8295668147641 131.3600051264525 156.4315145005371 163.3469172932331 81.25172932330824</data>
    </avgRCells>
    <avgGCells idx="1" type="struct" size="1 1">
      <data idx="1" type="double" size="1 9">105.2077708475735 132.895228127136 112.4353212576897 116.0190319548872 154.2165712576897 94.2580741626794 135.8159613319012 146.4759828141784 79.50659505907622</data>
    </avgGCells>
    <avgBCells idx="1" type="struct" size="1 1">
      <data idx="1" type="double" size="1 9">100.438995215311 112.8823479152426 97.95407552973339 102.3902084757348 125.0116199589883 66.45296479835952 121.1378302900108 128.5270032223415 66.94137486573577</data>
    </avgBCells>
  </features>
</root>
