<?xml version="1.0"?>
<!-- Written on 15-Jun-2010 21:47:24 using the XML Toolbox for Matlab -->
<root xml_tb_version="3.1" idx="1" type="struct" size="1 1">
  <filename idx="1" type="char" size="1 23">classic_by_Udodelig.jpg</filename>
  <features idx="1" type="struct" size="1 1">
    <numFaces idx="1" type="struct" size="1 1">
      <data idx="1" type="double" size="1 1">0</data>
    </numFaces>
    <cornerRatio idx="1" type="struct" size="1 1">
      <data idx="1" type="double" size="1 1">0.0002582582582582582</data>
    </cornerRatio>
    <edgeRatio idx="1" type="struct" size="1 1">
      <data idx="1" type="double" size="1 1">0.0323003003003003</data>
    </edgeRatio>
    <gridEdgeRatio idx="1" type="struct" size="1 1">
      <data idx="1" type="double" size="1 9">0.04565263605442182 0.04203869047619054 0.007185757185757184 0.03523596938775507 0.02774234693877549 0.05737880737880739 0.05120481927710845 0.005432444061962133 0.01910344079018778</data>
    </gridEdgeRatio>
    <medianHue idx="1" type="struct" size="1 1">
      <data idx="1" type="double" size="1 1">0</data>
    </medianHue>
    <avgSat idx="1" type="struct" size="1 1">
      <data idx="1" type="double" size="1 1">0.01075675675675676</data>
    </avgSat>
    <avgInt idx="1" type="struct" size="1 1">
      <data idx="1" type="double" size="1 1">144.6751891891893</data>
    </avgInt>
    <medHueCells idx="1" type="struct" size="1 1">
      <data idx="1" type="double" size="1 9">0 0 0 0 0 0 0 0 0</data>
    </medHueCells>
    <avgSatCells idx="1" type="struct" size="1 1">
      <data idx="1" type="double" size="1 9">0.00467687074829932 0.001062925170068027 0.003657487091222031 0 0.00116921768707483 0.007099827882960414 0.07014157014157014 0.003485628485628486 0.005318571583631824</data>
    </avgSatCells>
    <avgIntCells idx="1" type="struct" size="1 1">
      <data idx="1" type="double" size="1 9">122.649075255102 177.4919217687075 193.0519040447506 115.233949829932 194.7387329931973 212.4019470740104 25.16806091806093 95.74646074646076 166.6818083143386</data>
    </avgIntCells>
    <cornerRatioGrid idx="1" type="struct" size="1 1">
      <data idx="1" type="double" size="1 9">4 3 0 8 8 5 15 0 0</data>
    </cornerRatioGrid>
    <avgR idx="1" type="struct" size="1 1">
      <data idx="1" type="double" size="1 1">144.6720660660662</data>
    </avgR>
    <avgG idx="1" type="struct" size="1 1">
      <data idx="1" type="double" size="1 1">144.6720660660662</data>
    </avgG>
    <avgB idx="1" type="struct" size="1 1">
      <data idx="1" type="double" size="1 1">144.6751891891893</data>
    </avgB>
    <avgRCells idx="1" type="struct" size="1 1">
      <data idx="1" type="double" size="1 9">122.6446109693877 177.4908588435374 193.0482465576593 115.233949829932 194.7375637755102 212.3948472461273 25.16334191334192 95.74549549549549 166.6764897427549</data>
    </avgRCells>
    <avgGCells idx="1" type="struct" size="1 1">
      <data idx="1" type="double" size="1 9">122.6446109693877 177.4908588435374 193.0482465576593 115.233949829932 194.7375637755102 212.3948472461273 25.16334191334192 95.74549549549549 166.6764897427549</data>
    </avgGCells>
    <avgBCells idx="1" type="struct" size="1 1">
      <data idx="1" type="double" size="1 9">122.649075255102 177.4919217687075 193.0519040447506 115.233949829932 194.7387329931973 212.4019470740104 25.16806091806093 95.74646074646076 166.6818083143386</data>
    </avgBCells>
  </features>
</root>
