<?xml version="1.0"?>
<!-- Written on 15-Jun-2010 21:44:34 using the XML Toolbox for Matlab -->
<root xml_tb_version="3.1" idx="1" type="struct" size="1 1">
  <filename idx="1" type="char" size="1 35">Close_up_of_Karma_by_Knuxtiger4.jpg</filename>
  <features idx="1" type="struct" size="1 1">
    <numFaces idx="1" type="struct" size="1 1">
      <data idx="1" type="double" size="1 1">0</data>
    </numFaces>
    <cornerRatio idx="1" type="struct" size="1 1">
      <data idx="1" type="double" size="1 1">0.0002701822916666667</data>
    </cornerRatio>
    <edgeRatio idx="1" type="struct" size="1 1">
      <data idx="1" type="double" size="1 1">0.010517578125</data>
    </edgeRatio>
    <gridEdgeRatio idx="1" type="struct" size="1 1">
      <data idx="1" type="double" size="1 9">0.0265571486619841 0.01590526499100245 0.01033261740291403 0.01895280664073836 0.007227027340802229 0.003802171010622862 0.00569509345794392 0.004001168224299062 0.002073598130841122</data>
    </gridEdgeRatio>
    <medianHue idx="1" type="struct" size="1 1">
      <data idx="1" type="double" size="1 1">14</data>
    </medianHue>
    <avgSat idx="1" type="struct" size="1 1">
      <data idx="1" type="double" size="1 1">192.8038802083334</data>
    </avgSat>
    <avgInt idx="1" type="struct" size="1 1">
      <data idx="1" type="double" size="1 1">77.83482421875001</data>
    </avgInt>
    <medHueCells idx="1" type="struct" size="1 1">
      <data idx="1" type="double" size="1 9">16 18 19 17 16 12 7 7 8</data>
    </medHueCells>
    <avgSatCells idx="1" type="struct" size="1 1">
      <data idx="1" type="double" size="1 9">198.0275439716724 202.5993498577814 216.8721378504674 196.0157020955477 176.9996226853195 200.794480140187 181.36843327335 177.6728391478493 184.9945969626168</data>
    </avgSatCells>
    <avgIntCells idx="1" type="struct" size="1 1">
      <data idx="1" type="double" size="1 9">65.90392987751783 92.891130202589 97.09188084112152 105.270534625878 106.6275323619898 93.43639018691587 42.22876879317351 57.67751204504561 39.4583820093458</data>
    </avgIntCells>
    <cornerRatioGrid idx="1" type="struct" size="1 1">
      <data idx="1" type="double" size="1 9">31 12 4 15 6 7 1 3 4</data>
    </cornerRatioGrid>
    <avgR idx="1" type="struct" size="1 1">
      <data idx="1" type="double" size="1 1">77.81935221354168</data>
    </avgR>
    <avgG idx="1" type="struct" size="1 1">
      <data idx="1" type="double" size="1 1">48.19260091145829</data>
    </avgG>
    <avgB idx="1" type="struct" size="1 1">
      <data idx="1" type="double" size="1 1">19.16058919270833</data>
    </avgB>
    <avgRCells idx="1" type="struct" size="1 1">
      <data idx="1" type="double" size="1 9">65.76737098740347 92.88996923434148 97.09188084112152 105.270534625878 106.6275323619898 93.43639018691587 42.22876879317351 57.67751204504561 39.45814836448599</data>
    </avgRCells>
    <avgGCells idx="1" type="struct" size="1 1">
      <data idx="1" type="double" size="1 9">43.46859580890462 65.1103500319266 64.84322429906541 72.00168340395892 69.81769896093343 50.04783878504674 20.02255180820805 29.87476055029893 18.53040303738316</data>
    </avgGCells>
    <avgBCells idx="1" type="struct" size="1 1">
      <data idx="1" type="double" size="1 9">15.09383525860567 21.81517385499507 14.76702686915888 27.85084460440006 32.92682997620011 19.91425233644859 11.77355314332153 17.0183142741046 11.26983060747663</data>
    </avgBCells>
  </features>
</root>
