<?xml version="1.0"?>
<!-- Written on 15-Jun-2010 21:44:34 using the XML Toolbox for Matlab -->
<root xml_tb_version="3.1" idx="1" type="struct" size="1 1">
  <filename idx="1" type="char" size="1 27">Cloud_eater_by_Craniata.jpg</filename>
  <features idx="1" type="struct" size="1 1">
    <numFaces idx="1" type="struct" size="1 1">
      <data idx="1" type="double" size="1 1">0</data>
    </numFaces>
    <cornerRatio idx="1" type="struct" size="1 1">
      <data idx="1" type="double" size="1 1">0.000714859437751004</data>
    </cornerRatio>
    <edgeRatio idx="1" type="struct" size="1 1">
      <data idx="1" type="double" size="1 1">0.1302008032128514</data>
    </edgeRatio>
    <gridEdgeRatio idx="1" type="struct" size="1 1">
      <data idx="1" type="double" size="1 9">0.04446716074623051 0.0902280858676207 0.1846554487179486 0.08538046256069513 0.1456283542039356 0.125088141025641 0.06614097586358723 0.1678261217627987 0.2627550200803214</data>
    </gridEdgeRatio>
    <medianHue idx="1" type="struct" size="1 1">
      <data idx="1" type="double" size="1 1">104</data>
    </medianHue>
    <avgSat idx="1" type="struct" size="1 1">
      <data idx="1" type="double" size="1 1">86.54263275323514</data>
    </avgSat>
    <avgInt idx="1" type="struct" size="1 1">
      <data idx="1" type="double" size="1 1">124.5125024542616</data>
    </avgInt>
    <medHueCells idx="1" type="struct" size="1 1">
      <data idx="1" type="double" size="1 9">111 111 107 104 88 104 102 104 102</data>
    </medHueCells>
    <avgSatCells idx="1" type="struct" size="1 1">
      <data idx="1" type="double" size="1 9">94.92268559928446 73.75667646307178 103.8996917904175 79.82911928188093 46.51867173524152 102.4197894568306 102.2226121794871 72.92126602564106 102.3749638554217</data>
    </avgSatCells>
    <avgIntCells idx="1" type="struct" size="1 1">
      <data idx="1" type="double" size="1 9">76.76540537950427 109.9747875670841 84.87469078973704 152.3637154996166 186.0500974316382 107.9478845615018 139.4567467948718 148.796233974359 114.7191646586346</data>
    </avgIntCells>
    <cornerRatioGrid idx="1" type="struct" size="1 1">
      <data idx="1" type="double" size="1 9">66 110 87 112 206 132 25 38 25</data>
    </cornerRatioGrid>
    <avgR idx="1" type="struct" size="1 1">
      <data idx="1" type="double" size="1 1">96.36532976349828</data>
    </avgR>
    <avgG idx="1" type="struct" size="1 1">
      <data idx="1" type="double" size="1 1">110.2626791610889</data>
    </avgG>
    <avgB idx="1" type="struct" size="1 1">
      <data idx="1" type="double" size="1 1">123.9090031236057</data>
    </avgB>
    <avgRCells idx="1" type="struct" size="1 1">
      <data idx="1" type="double" size="1 9">55.78749520828011 94.07988595706618 55.3850458311652 125.1188346537184 168.6427373498595 71.64394988592242 101.0746153846154 122.9732532051283 72.8348915662651</data>
    </avgRCells>
    <avgGCells idx="1" type="struct" size="1 1">
      <data idx="1" type="double" size="1 9">63.32919914387937 99.51342480194226 68.60236961133572 138.7609251213902 176.8319623690264 90.71078733538805 121.6677644230769 136.1712019230769 97.10967871485946</data>
    </avgGCells>
    <avgBCells idx="1" type="struct" size="1 1">
      <data idx="1" type="double" size="1 9">76.41036289292097 109.3425201252237 84.70817756074133 151.4622652057245 184.423795681063 107.7032221910899 138.9334695512819 147.9380368589744 114.5871164658634</data>
    </avgBCells>
  </features>
</root>
