<?xml version="1.0"?>
<!-- Written on 15-Jun-2010 21:44:34 using the XML Toolbox for Matlab -->
<root xml_tb_version="3.1" idx="1" type="struct" size="1 1">
  <filename idx="1" type="char" size="1 32">Commander_Duke_by_Knuxtiger4.jpg</filename>
  <features idx="1" type="struct" size="1 1">
    <numFaces idx="1" type="struct" size="1 1">
      <data idx="1" type="double" size="1 1">1</data>
    </numFaces>
    <cornerRatio idx="1" type="struct" size="1 1">
      <data idx="1" type="double" size="1 1">0.001214219759926131</data>
    </cornerRatio>
    <edgeRatio idx="1" type="struct" size="1 1">
      <data idx="1" type="double" size="1 1">0.1005701754385965</data>
    </edgeRatio>
    <gridEdgeRatio idx="1" type="struct" size="1 1">
      <data idx="1" type="double" size="1 9">0.01323958718802681 0.1002220303441469 0.04407024793388428 0.09917355371900831 0.2303153653221496 0.002933884297520661 0.1402985074626866 0.2500829187396352 0.02581249999999998</data>
    </gridEdgeRatio>
    <medianHue idx="1" type="struct" size="1 1">
      <data idx="1" type="double" size="1 1">0</data>
    </medianHue>
    <avgSat idx="1" type="struct" size="1 1">
      <data idx="1" type="double" size="1 1">15.37262003693439</data>
    </avgSat>
    <avgInt idx="1" type="struct" size="1 1">
      <data idx="1" type="double" size="1 1">213.9985572483839</data>
    </avgInt>
    <medHueCells idx="1" type="struct" size="1 1">
      <data idx="1" type="double" size="1 9">0 0 0 3 80 13 0 0 0</data>
    </medHueCells>
    <avgSatCells idx="1" type="struct" size="1 1">
      <data idx="1" type="double" size="1 9">3.454401545989063 17.98400559187534 14.93134328358209 34.16644052464949 40.4606307306443 24.47651326699834 1.899772727272727 0.7307644628099176 0.4045416666666666</data>
    </avgSatCells>
    <avgIntCells idx="1" type="struct" size="1 1">
      <data idx="1" type="double" size="1 9">248.7436371859711 205.6945026931459 210.4784825870647 208.2731384400312 139.0424119074051 167.880907960199 241.9145454545456 253.1830371900825 250.7663958333334</data>
    </avgIntCells>
    <cornerRatioGrid idx="1" type="struct" size="1 1">
      <data idx="1" type="double" size="1 9">8 46 35 59 125 0 89 145 19</data>
    </cornerRatioGrid>
    <avgR idx="1" type="struct" size="1 1">
      <data idx="1" type="double" size="1 1">212.1214219759925</data>
    </avgR>
    <avgG idx="1" type="struct" size="1 1">
      <data idx="1" type="double" size="1 1">210.232684672207</data>
    </avgG>
    <avgB idx="1" type="struct" size="1 1">
      <data idx="1" type="double" size="1 1">208.7637765466295</data>
    </avgB>
    <avgRCells idx="1" type="struct" size="1 1">
      <data idx="1" type="double" size="1 9">248.7041445664241 201.0137124295875 209.6176409618575 208.0938283787673 130.3236297849595 166.0045605306799 241.7407024793389 252.8330991735536 250.7087291666667</data>
    </avgRCells>
    <avgGCells idx="1" type="struct" size="1 1">
      <data idx="1" type="double" size="1 9">247.8626290037415 202.8903827967601 206.4931384742952 197.7438838863534 130.1071296410509 161.9952529021559 241.4971900826446 252.9220041322313 250.5374583333333</data>
    </avgGCells>
    <avgBCells idx="1" type="struct" size="1 1">
      <data idx="1" type="double" size="1 9">247.3861066567986 201.9584309855681 204.6259535655058 191.5261913572632 128.1124542576374 160.3015132669983 241.244214876033 253.1215495867767 250.5835000000001</data>
    </avgBCells>
  </features>
</root>
