<?xml version="1.0"?>
<!-- Written on 15-Jun-2010 21:44:35 using the XML Toolbox for Matlab -->
<root xml_tb_version="3.1" idx="1" type="struct" size="1 1">
  <filename idx="1" type="char" size="1 48">Compatible_with_Windows_7_icon_by_fediaFedia.png</filename>
  <features idx="1" type="struct" size="1 1">
    <numFaces idx="1" type="struct" size="1 1">
      <data idx="1" type="double" size="1 1">0</data>
    </numFaces>
    <cornerRatio idx="1" type="struct" size="1 1">
      <data idx="1" type="double" size="1 1">0.0007781982421875</data>
    </cornerRatio>
    <edgeRatio idx="1" type="struct" size="1 1">
      <data idx="1" type="double" size="1 1">0.055633544921875</data>
    </edgeRatio>
    <gridEdgeRatio idx="1" type="struct" size="1 1">
      <data idx="1" type="double" size="1 9">0.04651162790697676 0.09532179556517041 0.05246078961600866 0.0325851811790157 0.04975662520281237 0.03285559762033531 0.050027041644132 0.08531638723634406 0.0558409951325041</data>
    </gridEdgeRatio>
    <medianHue idx="1" type="struct" size="1 1">
      <data idx="1" type="double" size="1 1">39</data>
    </medianHue>
    <avgSat idx="1" type="struct" size="1 1">
      <data idx="1" type="double" size="1 1">131.4828186035156</data>
    </avgSat>
    <avgInt idx="1" type="struct" size="1 1">
      <data idx="1" type="double" size="1 1">116.5025939941406</data>
    </avgInt>
    <medHueCells idx="1" type="struct" size="1 1">
      <data idx="1" type="double" size="1 9">0 105 107 0 40 107 0 104 107</data>
    </medHueCells>
    <avgSatCells idx="1" type="struct" size="1 1">
      <data idx="1" type="double" size="1 9">57.60776095186587 165.0275824770146 133.5170362358031 96.78231476473773 167.7856949702541 204.066792861006 58.11060032449974 169.4048134126557 137.2138994050839</data>
    </avgSatCells>
    <avgIntCells idx="1" type="struct" size="1 1">
      <data idx="1" type="double" size="1 9">71.99553812871821 127.5244726879394 89.12263385613844 120.5628718226068 210.5282585181179 147.4998647917793 72.39994591671176 123.4375338020551 89.91049215792322</data>
    </avgIntCells>
    <cornerRatioGrid idx="1" type="struct" size="1 1">
      <data idx="1" type="double" size="1 9">6 12 7 0 2 1 7 9 7</data>
    </cornerRatioGrid>
    <avgR idx="1" type="struct" size="1 1">
      <data idx="1" type="double" size="1 1">44.88650512695312</data>
    </avgR>
    <avgG idx="1" type="struct" size="1 1">
      <data idx="1" type="double" size="1 1">73.64305114746094</data>
    </avgG>
    <avgB idx="1" type="struct" size="1 1">
      <data idx="1" type="double" size="1 1">96.25593566894531</data>
    </avgB>
    <avgRCells idx="1" type="struct" size="1 1">
      <data idx="1" type="double" size="1 9">26.11533261222282 19.36114115738237 14.29056246619795 70.45254191454839 158.7218766901028 52.05530016224986 26.21660356949701 26.0438074634938 13.98999459167117</data>
    </avgRCells>
    <avgGCells idx="1" type="struct" size="1 1">
      <data idx="1" type="double" size="1 9">50.63764196863171 64.99215792320172 44.59031909140076 81.76270957274201 170.5331260140617 83.82193077339102 52.50946457544619 72.58991346673872 44.32301243915631</data>
    </avgGCells>
    <avgBCells idx="1" type="struct" size="1 1">
      <data idx="1" type="double" size="1 9">70.97295835586803 121.2399945916711 89.07801514332073 90.5734180638183 117.7577068685776 119.6461600865332 71.16387236343972 97.48499188750671 88.56124932395886</data>
    </avgBCells>
  </features>
</root>
