<?xml version="1.0"?>
<!-- Written on 15-Jun-2010 21:47:25 using the XML Toolbox for Matlab -->
<root xml_tb_version="3.1" idx="1" type="struct" size="1 1">
  <filename idx="1" type="char" size="1 25">concept1_by_Mentosik8.jpg</filename>
  <features idx="1" type="struct" size="1 1">
    <numFaces idx="1" type="struct" size="1 1">
      <data idx="1" type="double" size="1 1">1</data>
    </numFaces>
    <cornerRatio idx="1" type="struct" size="1 1">
      <data idx="1" type="double" size="1 1">0.0001242023701002735</data>
    </cornerRatio>
    <edgeRatio idx="1" type="struct" size="1 1">
      <data idx="1" type="double" size="1 1">0.02871809480401094</data>
    </edgeRatio>
    <gridEdgeRatio idx="1" type="struct" size="1 1">
      <data idx="1" type="double" size="1 9">0 0.03311440074830212 0 0.02582455569563627 0.0647240636056774 0.03480772776628219 0.02192803107748928 0.04395829073809047 0.03416417756720572</data>
    </gridEdgeRatio>
    <medianHue idx="1" type="struct" size="1 1">
      <data idx="1" type="double" size="1 1">24</data>
    </medianHue>
    <avgSat idx="1" type="struct" size="1 1">
      <data idx="1" type="double" size="1 1">16.18876823154057</data>
    </avgSat>
    <avgInt idx="1" type="struct" size="1 1">
      <data idx="1" type="double" size="1 1">129.4155811303554</data>
    </avgInt>
    <medHueCells idx="1" type="struct" size="1 1">
      <data idx="1" type="double" size="1 9">24 73 20 0 20 13 66 74 20</data>
    </medHueCells>
    <avgSatCells idx="1" type="struct" size="1 1">
      <data idx="1" type="double" size="1 9">5.180131359551019 16.65431697100328 32.81021263545288 7.22209117898247 17.82438285412177 24.60227969740339 5.515119542726024 18.10934010776259 17.80415078792872</data>
    </avgSatCells>
    <avgIntCells idx="1" type="struct" size="1 1">
      <data idx="1" type="double" size="1 9">233.1203078612387 132.341280653951 62.52991208341854 211.4782219691732 64.01268860059379 50.08375587814352 224.958708078097 127.7921267747024 57.36864764651354</data>
    </avgIntCells>
    <cornerRatioGrid idx="1" type="struct" size="1 1">
      <data idx="1" type="double" size="1 9">0 37 0 16 20 12 2 20 2</data>
    </cornerRatioGrid>
    <avgR idx="1" type="struct" size="1 1">
      <data idx="1" type="double" size="1 1">126.5726412944392</data>
    </avgR>
    <avgG idx="1" type="struct" size="1 1">
      <data idx="1" type="double" size="1 1">127.6556939380128</data>
    </avgG>
    <avgB idx="1" type="struct" size="1 1">
      <data idx="1" type="double" size="1 1">124.8625489972652</data>
    </avgB>
    <avgRCells idx="1" type="struct" size="1 1">
      <data idx="1" type="double" size="1 9">231.269673431209 124.818709585587 61.73724187282765 211.320661677986 62.57147504981896 49.73972602739725 221.1428878736351 119.2084571100777 56.3230301781852</data>
    </avgRCells>
    <avgGCells idx="1" type="struct" size="1 1">
      <data idx="1" type="double" size="1 9">232.1743970881289 131.8772011875229 56.39374361071356 209.8702468583513 62.27519419252508 47.24244530770805 224.8015918542951 127.3696707709327 55.84410340920797</data>
    </avgGCells>
    <avgBCells idx="1" type="struct" size="1 1">
      <data idx="1" type="double" size="1 9">229.0671336776608 127.1787892960267 52.51057043549378 208.8417381756068 60.91234901785349 45.85606215497851 221.6222163037021 122.7114687263117 54.03694510248225</data>
    </avgBCells>
  </features>
</root>
