<?xml version="1.0"?>
<!-- Written on 15-Jun-2010 21:44:35 using the XML Toolbox for Matlab -->
<root xml_tb_version="3.1" idx="1" type="struct" size="1 1">
  <filename idx="1" type="char" size="1 34">Concentric_Circles_by_catluvr2.jpg</filename>
  <features idx="1" type="struct" size="1 1">
    <numFaces idx="1" type="struct" size="1 1">
      <data idx="1" type="double" size="1 1">0</data>
    </numFaces>
    <cornerRatio idx="1" type="struct" size="1 1">
      <data idx="1" type="double" size="1 1">0.0002174536576905888</data>
    </cornerRatio>
    <edgeRatio idx="1" type="struct" size="1 1">
      <data idx="1" type="double" size="1 1">0.0930861743498069</data>
    </edgeRatio>
    <gridEdgeRatio idx="1" type="struct" size="1 1">
      <data idx="1" type="double" size="1 9">0.0694439477918827 0.0948328267477204 0.112738325504283 0.07948030275940166 0.1112104416234579 0.09933082643535923 0.1043447166100483 0.0959413552655105 0.07092999507430596</data>
    </gridEdgeRatio>
    <medianHue idx="1" type="struct" size="1 1">
      <data idx="1" type="double" size="1 1">60</data>
    </medianHue>
    <avgSat idx="1" type="struct" size="1 1">
      <data idx="1" type="double" size="1 1">137.0645050261145</data>
    </avgSat>
    <avgInt idx="1" type="struct" size="1 1">
      <data idx="1" type="double" size="1 1">231.0411414315922</data>
    </avgInt>
    <medHueCells idx="1" type="struct" size="1 1">
      <data idx="1" type="double" size="1 9">149 111 19 30 60 30 60 18 149</data>
    </medHueCells>
    <avgSatCells idx="1" type="struct" size="1 1">
      <data idx="1" type="double" size="1 9">113.0558555337028 157.7819893915012 160.2661064425771 153.0941295667203 127.5890935097442 160.80611478634 118.9952304864425 124.7628098081383 116.9555846558622</data>
    </avgSatCells>
    <avgIntCells idx="1" type="struct" size="1 1">
      <data idx="1" type="double" size="1 9">196.4606472376184 245.6391441683056 247.4774658799688 242.5853149770547 234.0695631444068 244.939042851183 229.7188389778585 236.4303374701153 201.9237118108532</data>
    </avgIntCells>
    <cornerRatioGrid idx="1" type="struct" size="1 1">
      <data idx="1" type="double" size="1 9">6 23 13 35 35 8 22 10 11</data>
    </cornerRatioGrid>
    <avgR idx="1" type="struct" size="1 1">
      <data idx="1" type="double" size="1 1">203.4938252499715</data>
    </avgR>
    <avgG idx="1" type="struct" size="1 1">
      <data idx="1" type="double" size="1 1">168.4620236530882</data>
    </avgG>
    <avgB idx="1" type="struct" size="1 1">
      <data idx="1" type="double" size="1 1">144.8614500023345</data>
    </avgB>
    <avgRCells idx="1" type="struct" size="1 1">
      <data idx="1" type="double" size="1 9">193.6576315632635 133.3198045175517 247.26902675964 221.0876929495203 162.0287740628166 241.417796054592 210.3103787978903 221.4009875415983 201.0925910352367</data>
    </avgRCells>
    <avgGCells idx="1" type="struct" size="1 1">
      <data idx="1" type="double" size="1 9">117.9402228976697 151.8186781095417 154.1800226473568 212.5659336074854 186.17530246141 235.6773705226773 139.1538738782032 194.9867847231398 123.5724617658013</data>
    </avgGCells>
    <avgBCells idx="1" type="struct" size="1 1">
      <data idx="1" type="double" size="1 9">190.2499195422851 208.6620656773348 93.43144406698845 117.1757434888849 171.7408784790512 98.81348113713568 121.6683806480292 121.4630392734001 180.1853983204583</data>
    </avgBCells>
  </features>
</root>
