<?xml version="1.0"?>
<!-- Written on 15-Jun-2010 21:44:35 using the XML Toolbox for Matlab -->
<root xml_tb_version="3.1" idx="1" type="struct" size="1 1">
  <filename idx="1" type="char" size="1 46">Connection_Timed_Out_Timed_Out_by_catluvr2.jpg</filename>
  <features idx="1" type="struct" size="1 1">
    <numFaces idx="1" type="struct" size="1 1">
      <data idx="1" type="double" size="1 1">0</data>
    </numFaces>
    <cornerRatio idx="1" type="struct" size="1 1">
      <data idx="1" type="double" size="1 1">0.0002517006802721088</data>
    </cornerRatio>
    <edgeRatio idx="1" type="struct" size="1 1">
      <data idx="1" type="double" size="1 1">0.02719727891156462</data>
    </edgeRatio>
    <gridEdgeRatio idx="1" type="struct" size="1 1">
      <data idx="1" type="double" size="1 9">0.05861531351727423 0.0767758022659984 0.05902523402523386 0.001711433083982105 0.0228174149742777 0.003505291005291005 0.003310415075120985 0.00596384008148715 0.01248469387755097</data>
    </gridEdgeRatio>
    <medianHue idx="1" type="struct" size="1 1">
      <data idx="1" type="double" size="1 1">126</data>
    </medianHue>
    <avgSat idx="1" type="struct" size="1 1">
      <data idx="1" type="double" size="1 1">5.811705215419499</data>
    </avgSat>
    <avgInt idx="1" type="struct" size="1 1">
      <data idx="1" type="double" size="1 1">226.4321859410429</data>
    </avgInt>
    <medHueCells idx="1" type="struct" size="1 1">
      <data idx="1" type="double" size="1 9">126 126 126 20 126 126 126 126 126</data>
    </medHueCells>
    <avgSatCells idx="1" type="struct" size="1 1">
      <data idx="1" type="double" size="1 9">7.191076171468319 4.868915398327155 5.766931499872686 5.174388429290391 3.470786294315756 5.812951362363137 8.941961741961752 4.860704110704111 6.189913265306125</data>
    </avgSatCells>
    <avgIntCells idx="1" type="struct" size="1 1">
      <data idx="1" type="double" size="1 9">217.8933172854741 228.6414217590687 226.8494830659559 226.4954878092134 235.5604206976754 226.7066717596139 221.6504527879526 227.6997049247049 226.5541020408162</data>
    </avgIntCells>
    <cornerRatioGrid idx="1" type="struct" size="1 1">
      <data idx="1" type="double" size="1 9">112 169 60 0 66 0 2 6 29</data>
    </cornerRatioGrid>
    <avgR idx="1" type="struct" size="1 1">
      <data idx="1" type="double" size="1 1">222.9740759637185</data>
    </avgR>
    <avgG idx="1" type="struct" size="1 1">
      <data idx="1" type="double" size="1 1">221.9251598639459</data>
    </avgG>
    <avgB idx="1" type="struct" size="1 1">
      <data idx="1" type="double" size="1 1">225.3242749433105</data>
    </avgB>
    <avgRCells idx="1" type="struct" size="1 1">
      <data idx="1" type="double" size="1 9">214.2295148569659 224.7463981189474 223.12687038452 224.533479592303 232.9487941252656 222.9433409727539 217.919586894587 223.825641025641 222.6624795918366</data>
    </avgRCells>
    <avgGCells idx="1" type="struct" size="1 1">
      <data idx="1" type="double" size="1 9">213.355556571243 223.7733138321373 221.9299210593346 224.24370400841 232.3903844884238 221.7748714031071 215.7608974358974 222.8627085877086 221.4065510204084</data>
    </avgGCells>
    <avgBCells idx="1" type="struct" size="1 1">
      <data idx="1" type="double" size="1 9">216.1894510718043 228.6414217590687 225.8781156098838 224.4092864288945 235.5512998258094 225.7505423987787 218.413782051282 227.6970594220594 225.5588112244901</data>
    </avgBCells>
  </features>
</root>
