<?xml version="1.0"?>
<!-- Written on 15-Jun-2010 21:47:26 using the XML Toolbox for Matlab -->
<root xml_tb_version="3.1" idx="1" type="struct" size="1 1">
  <filename idx="1" type="char" size="1 32">cookie_time_by_Kitsunebaka91.jpg</filename>
  <features idx="1" type="struct" size="1 1">
    <numFaces idx="1" type="struct" size="1 1">
      <data idx="1" type="double" size="1 1">1</data>
    </numFaces>
    <cornerRatio idx="1" type="struct" size="1 1">
      <data idx="1" type="double" size="1 1">0.0008286918375394322</data>
    </cornerRatio>
    <edgeRatio idx="1" type="struct" size="1 1">
      <data idx="1" type="double" size="1 1">0.05882633822949527</data>
    </edgeRatio>
    <gridEdgeRatio idx="1" type="struct" size="1 1">
      <data idx="1" type="double" size="1 9">0.03598422156018977 0.04408032660267024 0.01713008937437934 0.0916087388282026 0.09349828974953091 0.02376420611276619 0.05854849387619992 0.09628434293280372 0.06959616021185036</data>
    </gridEdgeRatio>
    <medianHue idx="1" type="struct" size="1 1">
      <data idx="1" type="double" size="1 1">0</data>
    </medianHue>
    <avgSat idx="1" type="struct" size="1 1">
      <data idx="1" type="double" size="1 1">6.628066775926653</data>
    </avgSat>
    <avgInt idx="1" type="struct" size="1 1">
      <data idx="1" type="double" size="1 1">238.2456624605679</data>
    </avgInt>
    <medHueCells idx="1" type="struct" size="1 1">
      <data idx="1" type="double" size="1 9">0 5 0 11 5 6 0 0 0</data>
    </medHueCells>
    <avgSatCells idx="1" type="struct" size="1 1">
      <data idx="1" type="double" size="1 9">4.226290963257197 10.78100518592078 6.896585015999114 4.969463753723937 7.459850491007389 11.75452388833719 2.405729339070947 3.434886351097867 7.892736952444003</data>
    </avgSatCells>
    <avgIntCells idx="1" type="struct" size="1 1">
      <data idx="1" type="double" size="1 9">244.8910956636873 228.6814244731327 238.2391730111443 243.2245945051307 229.4659604987312 226.4375206885137 250.1603359814633 247.7423728346018 235.0570175438596</data>
    </avgIntCells>
    <cornerRatioGrid idx="1" type="struct" size="1 1">
      <data idx="1" type="double" size="1 9">42 47 21 97 83 26 67 95 60</data>
    </cornerRatioGrid>
    <avgR idx="1" type="struct" size="1 1">
      <data idx="1" type="double" size="1 1">237.8242880643728</data>
    </avgR>
    <avgG idx="1" type="struct" size="1 1">
      <data idx="1" type="double" size="1 1">237.414516894223</data>
    </avgG>
    <avgB idx="1" type="struct" size="1 1">
      <data idx="1" type="double" size="1 1">236.7280196421527</data>
    </avgB>
    <avgRCells idx="1" type="struct" size="1 1">
      <data idx="1" type="double" size="1 9">244.6145178197066 228.2543445878847 237.9629123910405 242.5018481738934 228.9678224649674 225.9844836146971 249.6625289639192 247.3369607194087 234.8232097539446</data>
    </avgRCells>
    <avgGCells idx="1" type="struct" size="1 1">
      <data idx="1" type="double" size="1 9">244.2134916694253 227.3647109125012 237.4088050314463 242.5111442127333 228.3108793997575 225.2110780094891 249.8573458016112 247.3480497627714 234.1778936334546</data>
    </avgGCells>
    <avgBCells idx="1" type="struct" size="1 1">
      <data idx="1" type="double" size="1 9">243.6936031115525 226.2609373275958 236.7381110007723 241.7265943947921 227.3600904777667 224.1677562617236 249.5682169259628 247.041004634227 233.6551362683438</data>
    </avgBCells>
  </features>
</root>
