<?xml version="1.0"?>
<!-- Written on 15-Jun-2010 21:47:26 using the XML Toolbox for Matlab -->
<root xml_tb_version="3.1" idx="1" type="struct" size="1 1">
  <filename idx="1" type="char" size="1 25">cookie_day_by_iakobos.jpg</filename>
  <features idx="1" type="struct" size="1 1">
    <numFaces idx="1" type="struct" size="1 1">
      <data idx="1" type="double" size="1 1">0</data>
    </numFaces>
    <cornerRatio idx="1" type="struct" size="1 1">
      <data idx="1" type="double" size="1 1">0.000225643532095145</data>
    </cornerRatio>
    <edgeRatio idx="1" type="struct" size="1 1">
      <data idx="1" type="double" size="1 1">0.03934587813620072</data>
    </edgeRatio>
    <gridEdgeRatio idx="1" type="struct" size="1 1">
      <data idx="1" type="double" size="1 9">0.02432515203220054 0.04819092619328871 0.03609649122807027 0.0300637295649766 0.04731592072450449 0.05780701754385966 0.043169203091977 0.03336234194572239 0.03348240469208215</data>
    </gridEdgeRatio>
    <medianHue idx="1" type="struct" size="1 1">
      <data idx="1" type="double" size="1 1">30</data>
    </medianHue>
    <avgSat idx="1" type="struct" size="1 1">
      <data idx="1" type="double" size="1 1">62.87415281850766</data>
    </avgSat>
    <avgInt idx="1" type="struct" size="1 1">
      <data idx="1" type="double" size="1 1">220.9587797328119</data>
    </avgInt>
    <medHueCells idx="1" type="struct" size="1 1">
      <data idx="1" type="double" size="1 9">30 30 30 30 25 30 32 25 0</data>
    </medHueCells>
    <avgSatCells idx="1" type="struct" size="1 1">
      <data idx="1" type="double" size="1 9">78.30526024120975 87.00350002187508 36.18576725342068 80.9526038704409 124.8011841740679 26.95170431692032 47.72130847953215 69.92577485380116 14.00348973607039</data>
    </avgSatCells>
    <avgIntCells idx="1" type="struct" size="1 1">
      <data idx="1" type="double" size="1 9">204.1359029327274 198.5976287351795 231.74198667554 211.5115938224615 201.1200653337416 239.064720895708 224.9924269005848 230.6053435672514 246.9653225806454</data>
    </avgIntCells>
    <cornerRatioGrid idx="1" type="struct" size="1 1">
      <data idx="1" type="double" size="1 9">3 3 2 27 62 31 58 58 33</data>
    </cornerRatioGrid>
    <avgR idx="1" type="struct" size="1 1">
      <data idx="1" type="double" size="1 1">218.429674975562</data>
    </avgR>
    <avgG idx="1" type="struct" size="1 1">
      <data idx="1" type="double" size="1 1">216.0672776148581</data>
    </avgG>
    <avgB idx="1" type="struct" size="1 1">
      <data idx="1" type="double" size="1 1">171.882258064516</data>
    </avgB>
    <avgRCells idx="1" type="struct" size="1 1">
      <data idx="1" type="double" size="1 9">202.901809802977 196.3744950489275 230.2135716427407 210.1082454682011 199.280526753292 235.9022458516467 221.7632602339178 227.4176388888889 241.9971847507331</data>
    </avgRCells>
    <avgGCells idx="1" type="struct" size="1 1">
      <data idx="1" type="double" size="1 9">204.1110892359752 198.5401992095782 231.1988869468558 201.6309154015547 181.4438611074652 238.2587153816341 224.0204020467838 218.5596491228071 246.9191862170088</data>
    </avgGCells>
    <avgBCells idx="1" type="struct" size="1 1">
      <data idx="1" type="double" size="1 9">146.8006737542105 135.4092546411749 203.5302579328804 148.6872074200465 105.1509384433652 216.4365552394674 185.496571637427 170.5119736842106 234.9658651026392</data>
    </avgBCells>
  </features>
</root>
