<?xml version="1.0"?>
<!-- Written on 15-Jun-2010 21:47:26 using the XML Toolbox for Matlab -->
<root xml_tb_version="3.1" idx="1" type="struct" size="1 1">
  <filename idx="1" type="char" size="1 41">cookie_time__colored_by_Kitsunebaka91.jpg</filename>
  <features idx="1" type="struct" size="1 1">
    <numFaces idx="1" type="struct" size="1 1">
      <data idx="1" type="double" size="1 1">0</data>
    </numFaces>
    <cornerRatio idx="1" type="struct" size="1 1">
      <data idx="1" type="double" size="1 1">0.0005240885416666666</data>
    </cornerRatio>
    <edgeRatio idx="1" type="struct" size="1 1">
      <data idx="1" type="double" size="1 1">0.07230143229166666</data>
    </edgeRatio>
    <gridEdgeRatio idx="1" type="struct" size="1 1">
      <data idx="1" type="double" size="1 9">0.04019376800209484 0.06802246079543824 0.01242326379796922 0.1035756888074248 0.1416455733030753 0.02106426929679091 0.064312865497076 0.1144736842105262 0.08624269005847952</data>
    </gridEdgeRatio>
    <medianHue idx="1" type="struct" size="1 1">
      <data idx="1" type="double" size="1 1">0</data>
    </medianHue>
    <avgSat idx="1" type="struct" size="1 1">
      <data idx="1" type="double" size="1 1">71.3966455078126</data>
    </avgSat>
    <avgInt idx="1" type="struct" size="1 1">
      <data idx="1" type="double" size="1 1">214.2271630859373</data>
    </avgInt>
    <medHueCells idx="1" type="struct" size="1 1">
      <data idx="1" type="double" size="1 9">19 16 0 11 15 13 0 0 0</data>
    </medHueCells>
    <avgSatCells idx="1" type="struct" size="1 1">
      <data idx="1" type="double" size="1 9">106.3567251461989 105.0134561112566 43.37694444444445 83.6262692386023 164.8347589537691 65.24929824561406 17.31919350615347 26.55632655436269 31.69763157894735</data>
    </avgSatCells>
    <avgIntCells idx="1" type="struct" size="1 1">
      <data idx="1" type="double" size="1 9">244.9529981670595 210.5301271420674 223.0504678362573 194.6502138430654 200.2252771231563 173.2061111111111 234.5695790055569 241.1225597160397 205.3205555555555</data>
    </avgIntCells>
    <cornerRatioGrid idx="1" type="struct" size="1 1">
      <data idx="1" type="double" size="1 9">21 36 15 55 46 16 50 56 27</data>
    </cornerRatioGrid>
    <avgR idx="1" type="struct" size="1 1">
      <data idx="1" type="double" size="1 1">211.7281575520835</data>
    </avgR>
    <avgG idx="1" type="struct" size="1 1">
      <data idx="1" type="double" size="1 1">197.1072037760417</data>
    </avgG>
    <avgB idx="1" type="struct" size="1 1">
      <data idx="1" type="double" size="1 1">167.3209505208334</data>
    </avgB>
    <avgRCells idx="1" type="struct" size="1 1">
      <data idx="1" type="double" size="1 9">244.9006284367636 209.3200372406971 219.9618274853803 194.5917052166069 198.3773384539292 163.9944444444444 234.5563556486572 240.8785313200081 198.5469298245614</data>
    </avgRCells>
    <avgGCells idx="1" type="struct" size="1 1">
      <data idx="1" type="double" size="1 9">228.1134532018271 183.7115300689536 212.067192982456 178.4635157545604 141.8616420819878 159.2926461988304 233.3799860347385 231.9208489715166 204.2441520467837</data>
    </avgGCells>
    <avgBCells idx="1" type="struct" size="1 1">
      <data idx="1" type="double" size="1 9">145.6716126967503 128.3556486572984 201.0264619883041 150.986718454511 66.14637339617703 157.5533333333333 232.4372436065287 224.1333100578976 198.0119152046783</data>
    </avgBCells>
  </features>
</root>
