<?xml version="1.0"?>
<!-- Written on 15-Jun-2010 21:44:35 using the XML Toolbox for Matlab -->
<root xml_tb_version="3.1" idx="1" type="struct" size="1 1">
  <filename idx="1" type="char" size="1 29">Corn_painting_by_Craniata.jpg</filename>
  <features idx="1" type="struct" size="1 1">
    <numFaces idx="1" type="struct" size="1 1">
      <data idx="1" type="double" size="1 1">4</data>
    </numFaces>
    <cornerRatio idx="1" type="struct" size="1 1">
      <data idx="1" type="double" size="1 1">0.0005574043261231281</data>
    </cornerRatio>
    <edgeRatio idx="1" type="struct" size="1 1">
      <data idx="1" type="double" size="1 1">0.1572739877981142</data>
    </edgeRatio>
    <gridEdgeRatio idx="1" type="struct" size="1 1">
      <data idx="1" type="double" size="1 9">0.1677327647476902 0.1788730764780749 0.1632255389718076 0.1900381811870879 0.1823771507908959 0.15363184079602 0.1304734219269104 0.1359800664451828 0.1133583333333333</data>
    </gridEdgeRatio>
    <medianHue idx="1" type="struct" size="1 1">
      <data idx="1" type="double" size="1 1">100</data>
    </medianHue>
    <avgSat idx="1" type="struct" size="1 1">
      <data idx="1" type="double" size="1 1">78.98669994453685</data>
    </avgSat>
    <avgInt idx="1" type="struct" size="1 1">
      <data idx="1" type="double" size="1 1">175.0747855426141</data>
    </avgInt>
    <medHueCells idx="1" type="struct" size="1 1">
      <data idx="1" type="double" size="1 9">102 101 88 101 87 85 100 99 102</data>
    </medHueCells>
    <avgSatCells idx="1" type="struct" size="1 1">
      <data idx="1" type="double" size="1 9">105.2239549759508 108.5744202575163 56.47968438538206 63.14746863688202 38.82834994462896 45.89925249169436 99.0435655058043 77.41854892205639 115.8782666666666</data>
    </avgSatCells>
    <avgIntCells idx="1" type="struct" size="1 1">
      <data idx="1" type="double" size="1 9">151.9715376605344 163.6750797507479 173.9738538205981 180.2536900216525 193.8145650485115 178.6864202657809 174.5437479270315 197.7232587064677 161.2640833333333</data>
    </avgIntCells>
    <cornerRatioGrid idx="1" type="struct" size="1 1">
      <data idx="1" type="double" size="1 9">41 98 55 67 130 72 41 74 25</data>
    </cornerRatioGrid>
    <avgR idx="1" type="struct" size="1 1">
      <data idx="1" type="double" size="1 1">125.0025392863744</data>
    </avgR>
    <avgG idx="1" type="struct" size="1 1">
      <data idx="1" type="double" size="1 1">157.8739249399152</data>
    </avgG>
    <avgB idx="1" type="struct" size="1 1">
      <data idx="1" type="double" size="1 1">172.8880430763544</data>
    </avgB>
    <avgRCells idx="1" type="struct" size="1 1">
      <data idx="1" type="double" size="1 9">93.23321102130544 98.17537726649145 139.181303986711 139.9179600337185 166.8394241417499 149.5148671096345 109.0480348258707 139.1813432835822 90.34217500000005</data>
    </avgRCells>
    <avgGCells idx="1" type="struct" size="1 1">
      <data idx="1" type="double" size="1 9">127.9143319945125 138.7056329647442 165.5054152823919 165.0301565263383 187.8156146179402 173.5928322259136 151.0554063018243 178.5053731343283 133.0639416666667</data>
    </avgGCells>
    <avgBCells idx="1" type="struct" size="1 1">
      <data idx="1" type="double" size="1 9">151.4806201550388 162.5665195616602 169.2436046511626 178.7803259450256 189.2495248012429 172.8975166112957 174.1228772802654 196.6246434494196 161.2353666666666</data>
    </avgBCells>
  </features>
</root>
