<?xml version="1.0"?>
<!-- Written on 15-Jun-2010 21:44:35 using the XML Toolbox for Matlab -->
<root xml_tb_version="3.1" idx="1" type="struct" size="1 1">
  <filename idx="1" type="char" size="1 37">Cosplay_Yukimura_Sanada_by_LALAax.jpg</filename>
  <features idx="1" type="struct" size="1 1">
    <numFaces idx="1" type="struct" size="1 1">
      <data idx="1" type="double" size="1 1">2</data>
    </numFaces>
    <cornerRatio idx="1" type="struct" size="1 1">
      <data idx="1" type="double" size="1 1">0.0009648148148148148</data>
    </cornerRatio>
    <edgeRatio idx="1" type="struct" size="1 1">
      <data idx="1" type="double" size="1 1">0.1627305555555555</data>
    </edgeRatio>
    <gridEdgeRatio idx="1" type="struct" size="1 1">
      <data idx="1" type="double" size="1 9">0.1927987340618556 0.2381836107405908 0.2352701579384873 0.1751352515720667 0.2402631295515368 0.2331255195344973 0.01640365448504978 0.06186046511627904 0.07088333333333334</data>
    </gridEdgeRatio>
    <medianHue idx="1" type="struct" size="1 1">
      <data idx="1" type="double" size="1 1">30</data>
    </medianHue>
    <avgSat idx="1" type="struct" size="1 1">
      <data idx="1" type="double" size="1 1">48.64733148148147</data>
    </avgSat>
    <avgInt idx="1" type="struct" size="1 1">
      <data idx="1" type="double" size="1 1">146.9918296296297</data>
    </avgInt>
    <medHueCells idx="1" type="struct" size="1 1">
      <data idx="1" type="double" size="1 9">21 25 34 22 22 34 30 30 38</data>
    </medHueCells>
    <avgSatCells idx="1" type="struct" size="1 1">
      <data idx="1" type="double" size="1 9">74.53411322192862 60.13801874052409 16.99313122923588 44.42156237313692 92.48568777392066 44.31088870431891 27.31344970906067 36.37079800498753 41.44810000000004</data>
    </avgSatCells>
    <avgIntCells idx="1" type="struct" size="1 1">
      <data idx="1" type="double" size="1 9">94.94623905352893 133.2799479706051 190.0982059800665 122.1601560881848 133.7580881682837 192.0327076411961 146.1076142975894 120.9554945968412 189.8830916666665</data>
    </avgIntCells>
    <cornerRatioGrid idx="1" type="struct" size="1 1">
      <data idx="1" type="double" size="1 9">91 130 183 175 164 184 1 62 52</data>
    </cornerRatioGrid>
    <avgR idx="1" type="struct" size="1 1">
      <data idx="1" type="double" size="1 1">145.8114537037038</data>
    </avgR>
    <avgG idx="1" type="struct" size="1 1">
      <data idx="1" type="double" size="1 1">132.0103333333334</data>
    </avgG>
    <avgB idx="1" type="struct" size="1 1">
      <data idx="1" type="double" size="1 1">124.4465185185186</data>
    </avgB>
    <avgRCells idx="1" type="struct" size="1 1">
      <data idx="1" type="double" size="1 9">94.49042675702773 132.0346558852038 188.8198421926912 121.2983156726125 133.3451669828749 191.1451661129568 143.8340814630092 119.426093100582 188.2185583333335</data>
    </avgRCells>
    <avgGCells idx="1" type="struct" size="1 1">
      <data idx="1" type="double" size="1 9">82.90073818775315 118.9310776215607 189.428289036545 115.1197587426782 86.08258423708178 170.2175747508306 140.6902826267662 115.6463175394848 169.1094416666667</data>
    </avgGCells>
    <avgBCells idx="1" type="struct" size="1 1">
      <data idx="1" type="double" size="1 9">70.74194911392618 106.7438960737691 177.4861794019932 106.6891409350378 82.78120313833355 164.7310132890365 137.5210723192021 108.7387032418954 164.6526500000001</data>
    </avgBCells>
  </features>
</root>
