<?xml version="1.0"?>
<!-- Written on 15-Jun-2010 21:44:36 using the XML Toolbox for Matlab -->
<root xml_tb_version="3.1" idx="1" type="struct" size="1 1">
  <filename idx="1" type="char" size="1 41">Cotton_Candy_Head_by_hybridinsurgency.jpg</filename>
  <features idx="1" type="struct" size="1 1">
    <numFaces idx="1" type="struct" size="1 1">
      <data idx="1" type="double" size="1 1">0</data>
    </numFaces>
    <cornerRatio idx="1" type="struct" size="1 1">
      <data idx="1" type="double" size="1 1">0.001065870430691278</data>
    </cornerRatio>
    <edgeRatio idx="1" type="struct" size="1 1">
      <data idx="1" type="double" size="1 1">0.1150054288816504</data>
    </edgeRatio>
    <gridEdgeRatio idx="1" type="struct" size="1 1">
      <data idx="1" type="double" size="1 9">0.1389028441779433 0.09935175431488522 0.112821138211382 0.1187180941576857 0.1333198282148934 0.0695203252032518 0.1360748723766307 0.09781217081273788 0.1276260162601625</data>
    </gridEdgeRatio>
    <medianHue idx="1" type="struct" size="1 1">
      <data idx="1" type="double" size="1 1">8</data>
    </medianHue>
    <avgSat idx="1" type="struct" size="1 1">
      <data idx="1" type="double" size="1 1">26.99245837857402</data>
    </avgSat>
    <avgInt idx="1" type="struct" size="1 1">
      <data idx="1" type="double" size="1 1">220.0090092290987</data>
    </avgInt>
    <medHueCells idx="1" type="struct" size="1 1">
      <data idx="1" type="double" size="1 9">0 29 35 0 16 0 16 0 20</data>
    </medHueCells>
    <avgSatCells idx="1" type="struct" size="1 1">
      <data idx="1" type="double" size="1 9">6.819771493396003 16.22614861032332 19.79125678632203 11.81274613078356 42.917996920833 42.97972611619802 58.74162601626015 18.41830081300812 25.1251544715447</data>
    </avgSatCells>
    <avgIntCells idx="1" type="struct" size="1 1">
      <data idx="1" type="double" size="1 9">218.8111984442105 223.0689571347541 216.1390973178835 219.892926018961 217.1781703265538 221.5928774005348 208.7557886178862 233.5699430894308 221.259349593496</data>
    </avgIntCells>
    <cornerRatioGrid idx="1" type="struct" size="1 1">
      <data idx="1" type="double" size="1 9">142 143 151 26 148 25 161 115 267</data>
    </cornerRatioGrid>
    <avgR idx="1" type="struct" size="1 1">
      <data idx="1" type="double" size="1 1">215.7624773796597</data>
    </avgR>
    <avgG idx="1" type="struct" size="1 1">
      <data idx="1" type="double" size="1 1">213.8508921462175</data>
    </avgG>
    <avgB idx="1" type="struct" size="1 1">
      <data idx="1" type="double" size="1 1">202.5472511762576</data>
    </avgB>
    <avgRCells idx="1" type="struct" size="1 1">
      <data idx="1" type="double" size="1 9">217.3447694676282 220.0338870431894 212.2967911838588 217.8440401912325 208.8218701888016 215.2665100072926 198.0841463414635 231.6880975609757 220.6827804878048</data>
    </avgRCells>
    <avgGCells idx="1" type="struct" size="1 1">
      <data idx="1" type="double" size="1 9">218.0686249088405 220.4598006644516 208.5398022850661 217.881119844421 207.6066445182722 205.2999108662184 199.4623414634147 229.0511138211382 218.5039512195122</data>
    </avgGCells>
    <avgBCells idx="1" type="struct" size="1 1">
      <data idx="1" type="double" size="1 9">215.4449639413339 212.8277935337492 203.4591362126245 214.2604164978526 190.9337573940523 191.9048618426384 174.1477560975609 219.9588292682928 200.2651707317073</data>
    </avgBCells>
  </features>
</root>
