<?xml version="1.0"?>
<!-- Written on 15-Jun-2010 21:47:26 using the XML Toolbox for Matlab -->
<root xml_tb_version="3.1" idx="1" type="struct" size="1 1">
  <filename idx="1" type="char" size="1 26">counterfeit_by_iakobos.jpg</filename>
  <features idx="1" type="struct" size="1 1">
    <numFaces idx="1" type="struct" size="1 1">
      <data idx="1" type="double" size="1 1">0</data>
    </numFaces>
    <cornerRatio idx="1" type="struct" size="1 1">
      <data idx="1" type="double" size="1 1">0.0002827004219409283</data>
    </cornerRatio>
    <edgeRatio idx="1" type="struct" size="1 1">
      <data idx="1" type="double" size="1 1">0.03734177215189873</data>
    </edgeRatio>
    <gridEdgeRatio idx="1" type="struct" size="1 1">
      <data idx="1" type="double" size="1 9">0.03205775633112633 0.01271836307185876 0.02879699248120298 0.08394119627426777 0.04754423371862493 0.08458646616541357 0.0175078804451027 0.01462154874482546 0.0159923664122137</data>
    </gridEdgeRatio>
    <medianHue idx="1" type="struct" size="1 1">
      <data idx="1" type="double" size="1 1">26</data>
    </medianHue>
    <avgSat idx="1" type="struct" size="1 1">
      <data idx="1" type="double" size="1 1">98.15484810126581</data>
    </avgSat>
    <avgInt idx="1" type="struct" size="1 1">
      <data idx="1" type="double" size="1 1">64.57866666666666</data>
    </avgInt>
    <medHueCells idx="1" type="struct" size="1 1">
      <data idx="1" type="double" size="1 9">26 23 26 26 26 26 28 31 20</data>
    </medHueCells>
    <avgSatCells idx="1" type="struct" size="1 1">
      <data idx="1" type="double" size="1 9">120.2512998915198 128.0183668125537 88.71649386654515 107.5345079115699 129.6706318033891 76.38976871368348 104.331917293233 82.62785714285714 44.54534351145036</data>
    </avgSatCells>
    <avgIntCells idx="1" type="struct" size="1 1">
      <data idx="1" type="double" size="1 9">84.34014139827175 86.14439082781584 37.81117314192398 73.968840010474 91.91067220289531 48.58717861076296 69.00503759398492 56.57864661654136 31.59874045801526</data>
    </avgIntCells>
    <cornerRatioGrid idx="1" type="struct" size="1 1">
      <data idx="1" type="double" size="1 9">6 0 5 26 4 16 9 0 1</data>
    </cornerRatioGrid>
    <avgR idx="1" type="struct" size="1 1">
      <data idx="1" type="double" size="1 1">62.93160337552737</data>
    </avgR>
    <avgG idx="1" type="struct" size="1 1">
      <data idx="1" type="double" size="1 1">57.87168354430378</data>
    </avgG>
    <avgB idx="1" type="struct" size="1 1">
      <data idx="1" type="double" size="1 1">36.33659493670886</data>
    </avgB>
    <avgRCells idx="1" type="struct" size="1 1">
      <data idx="1" type="double" size="1 9">81.95664534470507 84.85336475517146 37.7021381641411 73.12247035499196 89.74488459955859 48.11013634119478 66.11451127819547 51.98639097744362 31.49656488549618</data>
    </avgRCells>
    <avgGCells idx="1" type="struct" size="1 1">
      <data idx="1" type="double" size="1 9">72.58680282796537 72.20914225863167 33.75796589571228 65.41974338832158 79.06804324243441 45.95848999278417 67.26808270676696 53.71296992481204 29.68110687022901</data>
    </avgGCells>
    <avgBCells idx="1" type="struct" size="1 1">
      <data idx="1" type="double" size="1 9">49.2866868664198 39.73119365578125 24.32581367969312 39.70362473347549 39.42520480305241 33.42155634043522 39.81447368421054 36.9766917293233 23.73618320610688</data>
    </avgBCells>
  </features>
</root>
