<?xml version="1.0"?>
<!-- Written on 15-Jun-2010 21:44:36 using the XML Toolbox for Matlab -->
<root xml_tb_version="3.1" idx="1" type="struct" size="1 1">
  <filename idx="1" type="char" size="1 47">Courier_for_rainmeter_concept_by_fediaFedia.png</filename>
  <features idx="1" type="struct" size="1 1">
    <numFaces idx="1" type="struct" size="1 1">
      <data idx="1" type="double" size="1 1">0</data>
    </numFaces>
    <cornerRatio idx="1" type="struct" size="1 1">
      <data idx="1" type="double" size="1 1">0.001150636802810716</data>
    </cornerRatio>
    <edgeRatio idx="1" type="struct" size="1 1">
      <data idx="1" type="double" size="1 1">0.09004391743522178</data>
    </edgeRatio>
    <gridEdgeRatio idx="1" type="struct" size="1 1">
      <data idx="1" type="double" size="1 9">0.0607777994918897 0.07127222982216143 0.1146862745098043 0.0149110807113543 0.01999218291967947 0.1113529411764709 0.1213415598797658 0.1247626957759847 0.1733730158730159</data>
    </gridEdgeRatio>
    <medianHue idx="1" type="struct" size="1 1">
      <data idx="1" type="double" size="1 1">23</data>
    </medianHue>
    <avgSat idx="1" type="struct" size="1 1">
      <data idx="1" type="double" size="1 1">118.1240799297322</data>
    </avgSat>
    <avgInt idx="1" type="struct" size="1 1">
      <data idx="1" type="double" size="1 1">121.9509332454984</data>
    </avgInt>
    <medHueCells idx="1" type="struct" size="1 1">
      <data idx="1" type="double" size="1 9">20 23 20 23 26 22 24 25 20</data>
    </medHueCells>
    <avgSatCells idx="1" type="struct" size="1 1">
      <data idx="1" type="double" size="1 9">124.0710377174125 106.6739300371311 149.4606272741653 107.9874340433848 101.0542505374243 144.4377471918999 94.676725490196 101.2711764705883 133.5110515873016</data>
    </avgSatCells>
    <avgIntCells idx="1" type="struct" size="1 1">
      <data idx="1" type="double" size="1 9">130.0615399648232 132.5759429353137 181.7073445657334 113.9964823138558 156.3746140316591 179.0597413383958 63.69619607843133 64.92543137254907 76.75601190476186</data>
    </avgIntCells>
    <cornerRatioGrid idx="1" type="struct" size="1 1">
      <data idx="1" type="double" size="1 9">25 26 125 8 6 100 40 38 156</data>
    </cornerRatioGrid>
    <avgR idx="1" type="struct" size="1 1">
      <data idx="1" type="double" size="1 1">118.5661440491876</data>
    </avgR>
    <avgG idx="1" type="struct" size="1 1">
      <data idx="1" type="double" size="1 1">104.9457487922706</data>
    </avgG>
    <avgB idx="1" type="struct" size="1 1">
      <data idx="1" type="double" size="1 1">64.74738032498902</data>
    </avgB>
    <avgRCells idx="1" type="struct" size="1 1">
      <data idx="1" type="double" size="1 9">117.2305452413523 131.8638655462186 180.3142698940042 102.1653312487786 155.6585499316005 177.6521713336497 63.6528431372549 64.8835098039216 75.49696428571427</data>
    </avgRCells>
    <avgGCells idx="1" type="struct" size="1 1">
      <data idx="1" type="double" size="1 9">110.4032831737346 116.7459058041822 145.5641907925962 100.9968927105725 143.1064100058627 147.5043110267363 58.4080588235294 59.32927450980391 63.85424603174607</data>
    </avgGCells>
    <avgBCells idx="1" type="struct" size="1 1">
      <data idx="1" type="double" size="1 9">71.28477623607581 73.6447918702364 76.89354928017723 75.10089896423685 91.33474692202465 70.16633048568266 41.90094117647057 41.32484313725491 41.70319444444449</data>
    </avgBCells>
  </features>
</root>
