<?xml version="1.0"?>
<!-- Written on 15-Jun-2010 21:44:36 using the XML Toolbox for Matlab -->
<root xml_tb_version="3.1" idx="1" type="struct" size="1 1">
  <filename idx="1" type="char" size="1 27">Cover_Me_by_nyctopterus.jpg</filename>
  <features idx="1" type="struct" size="1 1">
    <numFaces idx="1" type="struct" size="1 1">
      <data idx="1" type="double" size="1 1">0</data>
    </numFaces>
    <cornerRatio idx="1" type="struct" size="1 1">
      <data idx="1" type="double" size="1 1">4.492362982929021e-05</data>
    </cornerRatio>
    <edgeRatio idx="1" type="struct" size="1 1">
      <data idx="1" type="double" size="1 1">0.02079514824797844</data>
    </edgeRatio>
    <gridEdgeRatio idx="1" type="struct" size="1 1">
      <data idx="1" type="double" size="1 9">0.03107276939052635 0.03183161594376542 0.025439445250766 0.01869158878504672 0.002196661075165748 0.02620545073375262 0.02284527518172377 0.00427350427350427 0.0245524915336236</data>
    </gridEdgeRatio>
    <medianHue idx="1" type="struct" size="1 1">
      <data idx="1" type="double" size="1 1">17</data>
    </medianHue>
    <avgSat idx="1" type="struct" size="1 1">
      <data idx="1" type="double" size="1 1">19.87201707097935</data>
    </avgSat>
    <avgInt idx="1" type="struct" size="1 1">
      <data idx="1" type="double" size="1 1">199.229492362983</data>
    </avgInt>
    <medHueCells idx="1" type="struct" size="1 1">
      <data idx="1" type="double" size="1 9">20 24 22 17 24 22 15 15 15</data>
    </medHueCells>
    <avgSatCells idx="1" type="struct" size="1 1">
      <data idx="1" type="double" size="1 9">16.77242591261282 11.46261682242991 20.70836328780255 17.8233485102644 8.022885214474 11.19618180365844 32.72947911627158 25.31535236252217 34.74129172714079</data>
    </avgSatCells>
    <avgIntCells idx="1" type="struct" size="1 1">
      <data idx="1" type="double" size="1 9">200.1219745986102 212.0387810527997 211.8579758766675 191.8041377106798 241.2754213595335 231.7949117341642 169.3808659893566 142.5643444605709 192.4431543299466</data>
    </avgIntCells>
    <cornerRatioGrid idx="1" type="struct" size="1 1">
      <data idx="1" type="double" size="1 9">5 2 1 0 0 0 1 0 1</data>
    </cornerRatioGrid>
    <avgR idx="1" type="struct" size="1 1">
      <data idx="1" type="double" size="1 1">199.2275157232705</data>
    </avgR>
    <avgG idx="1" type="struct" size="1 1">
      <data idx="1" type="double" size="1 1">193.0043081761007</data>
    </avgG>
    <avgB idx="1" type="struct" size="1 1">
      <data idx="1" type="double" size="1 1">184.4524258760108</data>
    </avgB>
    <avgRCells idx="1" type="struct" size="1 1">
      <data idx="1" type="double" size="1 9">200.120496844796 212.0359054237559 211.8551002476237 191.8011422637591 241.2707484623371 231.7931544053041 169.3808256732785 142.5643444605709 192.441864215449</data>
    </avgRCells>
    <avgGCells idx="1" type="struct" size="1 1">
      <data idx="1" type="double" size="1 9">195.0434938892882 209.186995766435 205.5479670900231 185.512301302021 238.9421279654924 229.262880421759 158.3748185776488 135.5197145621674 179.8931623931623</data>
    </avgGCells>
    <avgBCells idx="1" type="struct" size="1 1">
      <data idx="1" type="double" size="1 9">186.9269909737199 204.129922517773 195.5400591101525 177.5334691269271 233.6850387411134 221.5482866043614 146.676181261087 128.0709966134494 166.2384292855991</data>
    </avgBCells>
  </features>
</root>
