<?xml version="1.0"?>
<!-- Written on 15-Jun-2010 21:44:36 using the XML Toolbox for Matlab -->
<root xml_tb_version="3.1" idx="1" type="struct" size="1 1">
  <filename idx="1" type="char" size="1 23">Cow_boy_by_Craniata.jpg</filename>
  <features idx="1" type="struct" size="1 1">
    <numFaces idx="1" type="struct" size="1 1">
      <data idx="1" type="double" size="1 1">2</data>
    </numFaces>
    <cornerRatio idx="1" type="struct" size="1 1">
      <data idx="1" type="double" size="1 1">0.0005922303721814724</data>
    </cornerRatio>
    <edgeRatio idx="1" type="struct" size="1 1">
      <data idx="1" type="double" size="1 1">0.04178212442271122</data>
    </edgeRatio>
    <gridEdgeRatio idx="1" type="struct" size="1 1">
      <data idx="1" type="double" size="1 9">0.01550117494530427 0.0825540879993517 0.02980487804878043 0.03127785430678225 0.06539988655700497 0.03395934959349589 0.03399426524462062 0.05717697325134627 0.02671556642216788</data>
    </gridEdgeRatio>
    <medianHue idx="1" type="struct" size="1 1">
      <data idx="1" type="double" size="1 1">0</data>
    </medianHue>
    <avgSat idx="1" type="struct" size="1 1">
      <data idx="1" type="double" size="1 1">19.236873132301</data>
    </avgSat>
    <avgInt idx="1" type="struct" size="1 1">
      <data idx="1" type="double" size="1 1">201.8388191614597</data>
    </avgInt>
    <medHueCells idx="1" type="struct" size="1 1">
      <data idx="1" type="double" size="1 9">0 0 0 0 94 94 0 0 0</data>
    </medHueCells>
    <avgSatCells idx="1" type="struct" size="1 1">
      <data idx="1" type="double" size="1 9">9.35033627744915 14.28654890203387 22.3407143263287 31.64639008184101 29.81250303865163 24.90211113728484 9.877796747967478 18.45025203252032 12.72325998370008</data>
    </avgSatCells>
    <avgIntCells idx="1" type="struct" size="1 1">
      <data idx="1" type="double" size="1 9">211.7624422656186 213.1926181022608 200.0662096191181 198.4911676525403 184.8869135402317 190.8094777798536 210.4711056910569 204.0948943089433 202.5126242868785</data>
    </avgIntCells>
    <cornerRatioGrid idx="1" type="struct" size="1 1">
      <data idx="1" type="double" size="1 9">31 172 24 55 119 40 72 95 46</data>
    </cornerRatioGrid>
    <avgR idx="1" type="struct" size="1 1">
      <data idx="1" type="double" size="1 1">195.7080403875761</data>
    </avgR>
    <avgG idx="1" type="struct" size="1 1">
      <data idx="1" type="double" size="1 1">198.7630924567602</data>
    </avgG>
    <avgB idx="1" type="struct" size="1 1">
      <data idx="1" type="double" size="1 1">201.6539237526037</data>
    </avgB>
    <avgRCells idx="1" type="struct" size="1 1">
      <data idx="1" type="double" size="1 9">209.3874564459931 209.404067741674 194.6803970465197 190.2350944007779 172.879199416579 181.1576082983372 207.512569105691 197.6605853658538 198.1038223308883</data>
    </avgRCells>
    <avgGCells idx="1" type="struct" size="1 1">
      <data idx="1" type="double" size="1 9">210.2732112470627 210.8527509926261 196.5260622700208 193.0505469572967 180.2984117980716 186.9321576814043 208.7872032520326 201.3201138211384 200.5270008149959</data>
    </avgGCells>
    <avgBCells idx="1" type="struct" size="1 1">
      <data idx="1" type="double" size="1 9">211.680228506604 213.0244955838261 199.8987726323828 198.1114901547688 184.6205655943602 190.5513406818346 210.3628211382112 203.9710894308945 202.4023960880196</data>
    </avgBCells>
  </features>
</root>
