<?xml version="1.0"?>
<!-- Written on 15-Jun-2010 21:44:37 using the XML Toolbox for Matlab -->
<root xml_tb_version="3.1" idx="1" type="struct" size="1 1">
  <filename idx="1" type="char" size="1 36">Crashed_Zeppelins_by_nyctopterus.jpg</filename>
  <features idx="1" type="struct" size="1 1">
    <numFaces idx="1" type="struct" size="1 1">
      <data idx="1" type="double" size="1 1">0</data>
    </numFaces>
    <cornerRatio idx="1" type="struct" size="1 1">
      <data idx="1" type="double" size="1 1">9.504574076274207e-06</data>
    </cornerRatio>
    <edgeRatio idx="1" type="struct" size="1 1">
      <data idx="1" type="double" size="1 1">0.01764524177260306</data>
    </edgeRatio>
    <gridEdgeRatio idx="1" type="struct" size="1 1">
      <data idx="1" type="double" size="1 9">0.01582879574521984 0.01380270988983168 0.01707586441253938 0.02849183234139551 0.0188257144063147 0.03060487639113076 0.01811919736448038 0.006802721088435363 0.008524928958925346</data>
    </gridEdgeRatio>
    <medianHue idx="1" type="struct" size="1 1">
      <data idx="1" type="double" size="1 1">22</data>
    </medianHue>
    <avgSat idx="1" type="struct" size="1 1">
      <data idx="1" type="double" size="1 1">34.94460021385296</data>
    </avgSat>
    <avgInt idx="1" type="struct" size="1 1">
      <data idx="1" type="double" size="1 1">173.5079386954971</data>
    </avgInt>
    <medHueCells idx="1" type="struct" size="1 1">
      <data idx="1" type="double" size="1 9">22 22 24 22 22 23 23 23 24</data>
    </medHueCells>
    <avgSatCells idx="1" type="struct" size="1 1">
      <data idx="1" type="double" size="1 9">25.36083322780802 44.32356169009333 30.50254567235696 29.38791102106286 48.35424844877802 34.93836905831512 27.21397927108998 44.22748704443124 30.4920563161974</data>
    </avgSatCells>
    <avgIntCells idx="1" type="struct" size="1 1">
      <data idx="1" type="double" size="1 9">193.6789498121651 155.7404499599004 178.3107431651906 185.152209699886 151.6541724705585 170.8602233346168 190.0727423328521 158.2210517373205 177.1762464479463</data>
    </avgIntCells>
    <cornerRatioGrid idx="1" type="struct" size="1 1">
      <data idx="1" type="double" size="1 9">1 0 1 0 0 0 1 0 1</data>
    </cornerRatioGrid>
    <avgR idx="1" type="struct" size="1 1">
      <data idx="1" type="double" size="1 1">173.5027159320422</data>
    </avgR>
    <avgG idx="1" type="struct" size="1 1">
      <data idx="1" type="double" size="1 1">168.4381489841984</data>
    </avgG>
    <avgB idx="1" type="struct" size="1 1">
      <data idx="1" type="double" size="1 1">153.2530830462159</data>
    </avgB>
    <avgRCells idx="1" type="struct" size="1 1">
      <data idx="1" type="double" size="1 9">193.6649782617872 155.7278713435481 178.303619561032 185.1452661348191 151.6541724705585 170.8602233346168 190.0669441848611 158.2210517373205 177.1759020063721</data>
    </avgRCells>
    <avgGCells idx="1" type="struct" size="1 1">
      <data idx="1" type="double" size="1 9">189.1077413363724 149.5643071208475 174.515338210756 179.9167194293192 144.4570723059391 166.5261840585291 185.5729971965 152.1190638008666 173.4473004391629</data>
    </avgGCells>
    <avgBCells idx="1" type="struct" size="1 1">
      <data idx="1" type="double" size="1 9">176.2652061964458 130.8679667384239 162.9210627647285 165.430479929087 122.9939639525559 153.1616822829761 172.0329836037721 132.7869552289525 162.0483940411607</data>
    </avgBCells>
  </features>
</root>
