<?xml version="1.0"?>
<!-- Written on 15-Jun-2010 21:44:37 using the XML Toolbox for Matlab -->
<root xml_tb_version="3.1" idx="1" type="struct" size="1 1">
  <filename idx="1" type="char" size="1 18">Crow_in_Winter.jpg</filename>
  <features idx="1" type="struct" size="1 1">
    <numFaces idx="1" type="struct" size="1 1">
      <data idx="1" type="double" size="1 1">1</data>
    </numFaces>
    <cornerRatio idx="1" type="struct" size="1 1">
      <data idx="1" type="double" size="1 1">0.0002056921086675291</data>
    </cornerRatio>
    <edgeRatio idx="1" type="struct" size="1 1">
      <data idx="1" type="double" size="1 1">0.07807503234152652</data>
    </edgeRatio>
    <gridEdgeRatio idx="1" type="struct" size="1 1">
      <data idx="1" type="double" size="1 9">0.06516311007328958 0.05949876309157724 0.0610801742817865 0.05915196633759504 0.08884932837028633 0.1116521820172884 0.02441449148035969 0.09360044389984493 0.1408816608029077</data>
    </gridEdgeRatio>
    <medianHue idx="1" type="struct" size="1 1">
      <data idx="1" type="double" size="1 1">139</data>
    </medianHue>
    <avgSat idx="1" type="struct" size="1 1">
      <data idx="1" type="double" size="1 1">33.14480724450198</data>
    </avgSat>
    <avgInt idx="1" type="struct" size="1 1">
      <data idx="1" type="double" size="1 1">84.27288486416569</data>
    </avgInt>
    <medHueCells idx="1" type="struct" size="1 1">
      <data idx="1" type="double" size="1 9">139 139 127 141 134 134 2 141 139</data>
    </medHueCells>
    <avgSatCells idx="1" type="struct" size="1 1">
      <data idx="1" type="double" size="1 9">25.40848033662405 42.71251705084041 27.08877996901948 27.87316486717684 44.15082190830696 33.480059186646 21.76007129709452 41.09825485216334 34.97270439665416</data>
    </avgSatCells>
    <avgIntCells idx="1" type="struct" size="1 1">
      <data idx="1" type="double" size="1 9">118.4070815897163 75.35382516819638 39.01338635470373 126.9097866043974 102.4392990081613 38.13327399255549 123.944092360027 72.36122696241756 61.99977865281109</data>
    </avgIntCells>
    <cornerRatioGrid idx="1" type="struct" size="1 1">
      <data idx="1" type="double" size="1 9">7 11 13 9 33 26 15 37 8</data>
    </cornerRatioGrid>
    <avgR idx="1" type="struct" size="1 1">
      <data idx="1" type="double" size="1 1">82.55228848641666</data>
    </avgR>
    <avgG idx="1" type="struct" size="1 1">
      <data idx="1" type="double" size="1 1">74.43031177231569</data>
    </avgG>
    <avgB idx="1" type="struct" size="1 1">
      <data idx="1" type="double" size="1 1">80.15611901681758</data>
    </avgB>
    <avgRCells idx="1" type="struct" size="1 1">
      <data idx="1" type="double" size="1 9">113.9329179478881 71.8091577462835 36.980174785564 126.1881256791436 101.1719418306244 37.35939703604372 122.9478319625341 71.25343088142782 61.45449567790491</data>
    </avgRCells>
    <avgGCells idx="1" type="struct" size="1 1">
      <data idx="1" type="double" size="1 9">105.0568399879777 63.47548146949343 34.44391140498924 115.3888747601322 85.48423230758554 31.91824844519456 119.5829119970176 63.07214753372636 51.51909410750484</data>
    </avgGCells>
    <avgBCells idx="1" type="struct" size="1 1">
      <data idx="1" type="double" size="1 9">118.1633990705847 74.98341155526782 38.91405220447137 119.3786789355652 87.69728111344874 35.99277506762535 122.5028775134555 68.33245182786179 55.49862531745848</data>
    </avgBCells>
  </features>
</root>
