<?xml version="1.0"?>
<!-- Written on 15-Jun-2010 21:44:37 using the XML Toolbox for Matlab -->
<root xml_tb_version="3.1" idx="1" type="struct" size="1 1">
  <filename idx="1" type="char" size="1 33">Crucifix_toad_by_Mallimaakari.jpg</filename>
  <features idx="1" type="struct" size="1 1">
    <numFaces idx="1" type="struct" size="1 1">
      <data idx="1" type="double" size="1 1">1</data>
    </numFaces>
    <cornerRatio idx="1" type="struct" size="1 1">
      <data idx="1" type="double" size="1 1">0.001061728395061728</data>
    </cornerRatio>
    <edgeRatio idx="1" type="struct" size="1 1">
      <data idx="1" type="double" size="1 1">0.1560855967078189</data>
    </edgeRatio>
    <gridEdgeRatio idx="1" type="struct" size="1 1">
      <data idx="1" type="double" size="1 9">0.000396907064945756 0.02672507570634757 0.01887905604719765 0.1690971099285566 0.1411813130273718 0.1401474926253686 0.2898634182355113 0.3336138796603914 0.2875555555555556</data>
    </gridEdgeRatio>
    <medianHue idx="1" type="struct" size="1 1">
      <data idx="1" type="double" size="1 1">22</data>
    </medianHue>
    <avgSat idx="1" type="struct" size="1 1">
      <data idx="1" type="double" size="1 1">101.1731950617285</data>
    </avgSat>
    <avgInt idx="1" type="struct" size="1 1">
      <data idx="1" type="double" size="1 1">130.8935950617285</data>
    </avgInt>
    <medHueCells idx="1" type="struct" size="1 1">
      <data idx="1" type="double" size="1 9">13 24 22 20 22 22 22 21 22</data>
    </medHueCells>
    <avgSatCells idx="1" type="struct" size="1 1">
      <data idx="1" type="double" size="1 9">123.9686443418693 88.5199776556023 88.21221114802508 110.2770852321171 97.60060859083295 93.3353119232188 99.6896755162242 108.8524336283186 99.92964444444438</data>
    </avgSatCells>
    <avgIntCells idx="1" type="struct" size="1 1">
      <data idx="1" type="double" size="1 9">84.5638138358863 131.7212242377914 182.7883942414174 102.3131155734572 145.6609678652281 178.2905721668512 72.01171091445433 128.6648525073746 152.8146814814814</data>
    </avgIntCells>
    <cornerRatioGrid idx="1" type="struct" size="1 1">
      <data idx="1" type="double" size="1 9">0 1 0 96 44 78 108 196 122</data>
    </cornerRatioGrid>
    <avgR idx="1" type="struct" size="1 1">
      <data idx="1" type="double" size="1 1">130.3841893004115</data>
    </avgR>
    <avgG idx="1" type="struct" size="1 1">
      <data idx="1" type="double" size="1 1">116.6673267489712</data>
    </avgG>
    <avgB idx="1" type="struct" size="1 1">
      <data idx="1" type="double" size="1 1">80.69324115226338</data>
    </avgB>
    <avgRCells idx="1" type="struct" size="1 1">
      <data idx="1" type="double" size="1 9">84.52844500632115 130.4196336694792 182.7845699520117 102.2985476141475 144.9092258842208 178.0467626430416 71.9347787610619 127.16302359882 152.1472888888888</data>
    </avgRCells>
    <avgGCells idx="1" type="struct" size="1 1">
      <data idx="1" type="double" size="1 9">64.29090347808189 123.1525005145092 165.9799040236248 86.96604239555468 132.1124129009497 161.3108896271686 63.00241887905597 114.6144542772861 139.4287703703702</data>
    </avgGCells>
    <avgBCells idx="1" type="struct" size="1 1">
      <data idx="1" type="double" size="1 9">43.27345426748596 88.22270896421958 120.0337393872277 59.068121012554 90.57479493134981 114.1416906607605 42.34106194690262 74.46734513274332 94.68653333333337</data>
    </avgBCells>
  </features>
</root>
