<?xml version="1.0"?>
<!-- Written on 15-Jun-2010 21:44:37 using the XML Toolbox for Matlab -->
<root xml_tb_version="3.1" idx="1" type="struct" size="1 1">
  <filename idx="1" type="char" size="1 28">Crustacean_1_by_Craniata.jpg</filename>
  <features idx="1" type="struct" size="1 1">
    <numFaces idx="1" type="struct" size="1 1">
      <data idx="1" type="double" size="1 1">0</data>
    </numFaces>
    <cornerRatio idx="1" type="struct" size="1 1">
      <data idx="1" type="double" size="1 1">0.001145330112721417</data>
    </cornerRatio>
    <edgeRatio idx="1" type="struct" size="1 1">
      <data idx="1" type="double" size="1 1">0.07377012882447664</data>
    </edgeRatio>
    <gridEdgeRatio idx="1" type="struct" size="1 1">
      <data idx="1" type="double" size="1 9">0.02555445811259766 0.03598814761605462 0.02560360360360362 0.1144293795456587 0.1283110352877795 0.1126846846846842 0.06658962877365301 0.08953849487216517 0.06650362318840575</data>
    </gridEdgeRatio>
    <medianHue idx="1" type="struct" size="1 1">
      <data idx="1" type="double" size="1 1">0</data>
    </medianHue>
    <avgSat idx="1" type="struct" size="1 1">
      <data idx="1" type="double" size="1 1">4.267099436392914</data>
    </avgSat>
    <avgInt idx="1" type="struct" size="1 1">
      <data idx="1" type="double" size="1 1">238.9127194041874</data>
    </avgInt>
    <medHueCells idx="1" type="struct" size="1 1">
      <data idx="1" type="double" size="1 9">0 0 0 0 0 0 0 0 0</data>
    </medHueCells>
    <avgSatCells idx="1" type="struct" size="1 1">
      <data idx="1" type="double" size="1 9">0.9698123372541974 4.86069857232648 4.384930665896285 1.526317679806051 8.85719673161533 7.768416871298573 0.9842702702702697 4.827297297297299 4.32021739130435</data>
    </avgSatCells>
    <avgIntCells idx="1" type="struct" size="1 1">
      <data idx="1" type="double" size="1 9">250.6049205351532 233.2421298374789 239.8860501227794 248.2019753973243 223.2604651162791 230.49277769753 250.6098738738738 233.4955135135136 240.0785507246377</data>
    </avgIntCells>
    <cornerRatioGrid idx="1" type="struct" size="1 1">
      <data idx="1" type="double" size="1 9">21 36 20 92 89 90 63 97 61</data>
    </cornerRatioGrid>
    <avgR idx="1" type="struct" size="1 1">
      <data idx="1" type="double" size="1 1">238.7208333333338</data>
    </avgR>
    <avgG idx="1" type="struct" size="1 1">
      <data idx="1" type="double" size="1 1">237.7296215780999</data>
    </avgG>
    <avgB idx="1" type="struct" size="1 1">
      <data idx="1" type="double" size="1 1">238.7378401771335</data>
    </avgB>
    <avgRCells idx="1" type="struct" size="1 1">
      <data idx="1" type="double" size="1 9">250.5194576636438 232.9260842237588 239.7412429582552 248.1190985004939 222.8967944688874 230.3062978477539 250.5273513513514 233.164846846847 239.9382971014493</data>
    </avgRCells>
    <avgGCells idx="1" type="struct" size="1 1">
      <data idx="1" type="double" size="1 9">250.2256442489 231.4716350902398 238.9037267080747 247.6754781359432 220.9071922420761 228.9316770186332 250.227981981982 231.7539099099099 239.0992028985507</data>
    </avgGCells>
    <avgBCells idx="1" type="struct" size="1 1">
      <data idx="1" type="double" size="1 9">250.5510460626741 233.0169525006733 239.6987938754874 248.1308072191794 222.9224925922601 230.260833453705 250.5518558558559 233.2721441441442 239.8847101449275</data>
    </avgBCells>
  </features>
</root>
