<?xml version="1.0"?>
<!-- Written on 15-Jun-2010 21:47:27 using the XML Toolbox for Matlab -->
<root xml_tb_version="3.1" idx="1" type="struct" size="1 1">
  <filename idx="1" type="char" size="1 38">curiosity_colored_by_Kitsunebaka91.jpg</filename>
  <features idx="1" type="struct" size="1 1">
    <numFaces idx="1" type="struct" size="1 1">
      <data idx="1" type="double" size="1 1">1</data>
    </numFaces>
    <cornerRatio idx="1" type="struct" size="1 1">
      <data idx="1" type="double" size="1 1">0.0008590699325523607</data>
    </cornerRatio>
    <edgeRatio idx="1" type="struct" size="1 1">
      <data idx="1" type="double" size="1 1">0.1405656135368595</data>
    </edgeRatio>
    <gridEdgeRatio idx="1" type="struct" size="1 1">
      <data idx="1" type="double" size="1 9">0.1334722898194976 0.1464015912986437 0.06071125265392781 0.1618278773515035 0.3171170408616713 0.1190976645435244 0.02899812127837983 0.2044410007111544 0.09433439829605965</data>
    </gridEdgeRatio>
    <medianHue idx="1" type="struct" size="1 1">
      <data idx="1" type="double" size="1 1">5</data>
    </medianHue>
    <avgSat idx="1" type="struct" size="1 1">
      <data idx="1" type="double" size="1 1">56.84136196899772</data>
    </avgSat>
    <avgInt idx="1" type="struct" size="1 1">
      <data idx="1" type="double" size="1 1">205.9951059046265</data>
    </avgInt>
    <medHueCells idx="1" type="struct" size="1 1">
      <data idx="1" type="double" size="1 9">0 8 0 7 13 11 0 7 0</data>
    </medHueCells>
    <avgSatCells idx="1" type="struct" size="1 1">
      <data idx="1" type="double" size="1 9">64.76657426413016 61.82291512368538 8.57586532644115 74.3977611782381 122.6501893899317 74.648647214291 24.35816348195331 50.78691082802548 30.32277955271568</data>
    </avgSatCells>
    <avgIntCells idx="1" type="struct" size="1 1">
      <data idx="1" type="double" size="1 9">205.2605328311152 204.583130541507 249.1424750299852 194.1756353556086 135.4836637958397 186.3823463853184 236.4433651804669 203.8173673036094 238.1500532481362</data>
    </avgIntCells>
    <cornerRatioGrid idx="1" type="struct" size="1 1">
      <data idx="1" type="double" size="1 9">64 63 69 92 182 51 20 128 57</data>
    </cornerRatioGrid>
    <avgR idx="1" type="struct" size="1 1">
      <data idx="1" type="double" size="1 1">205.9609584664537</data>
    </avgR>
    <avgG idx="1" type="struct" size="1 1">
      <data idx="1" type="double" size="1 1">191.3678381256657</data>
    </avgG>
    <avgB idx="1" type="struct" size="1 1">
      <data idx="1" type="double" size="1 1">179.1921559578749</data>
    </avgB>
    <avgRCells idx="1" type="struct" size="1 1">
      <data idx="1" type="double" size="1 9">205.2273843028546 204.5312123071714 249.1312027002642 194.1340330533041 135.4446960238695 186.3476696421938 236.4236305732483 203.7800212314226 238.1116293929712</data>
    </avgRCells>
    <avgGCells idx="1" type="struct" size="1 1">
      <data idx="1" type="double" size="1 9">187.8612163277398 188.8620310218593 246.9061912899494 178.8971475125379 105.0873309774213 167.6835362423444 227.9341507430997 190.7305732484076 227.6442705005324</data>
    </avgGCells>
    <avgBCells idx="1" type="struct" size="1 1">
      <data idx="1" type="double" size="1 9">174.1319698668981 173.0944304547474 243.51194633437 162.941151575428 80.49637090801369 151.8146752571301 223.3033121019108 185.3338641188961 217.2052396166134</data>
    </avgBCells>
  </features>
</root>
