<?xml version="1.0"?>
<!-- Written on 15-Jun-2010 21:47:27 using the XML Toolbox for Matlab -->
<root xml_tb_version="3.1" idx="1" type="struct" size="1 1">
  <filename idx="1" type="char" size="1 30">curiosity_by_Kitsunebaka91.jpg</filename>
  <features idx="1" type="struct" size="1 1">
    <numFaces idx="1" type="struct" size="1 1">
      <data idx="1" type="double" size="1 1">0</data>
    </numFaces>
    <cornerRatio idx="1" type="struct" size="1 1">
      <data idx="1" type="double" size="1 1">0.0016796875</data>
    </cornerRatio>
    <edgeRatio idx="1" type="struct" size="1 1">
      <data idx="1" type="double" size="1 1">0.1647222222222222</data>
    </edgeRatio>
    <gridEdgeRatio idx="1" type="struct" size="1 1">
      <data idx="1" type="double" size="1 9">0.1439472189226877 0.1457806125083923 0.09453131097640297 0.1860507152817229 0.3430640913081653 0.1588183260920468 0.03579757462686566 0.23857276119403 0.1387844611528822</data>
    </gridEdgeRatio>
    <medianHue idx="1" type="struct" size="1 1">
      <data idx="1" type="double" size="1 1">0</data>
    </medianHue>
    <avgSat idx="1" type="struct" size="1 1">
      <data idx="1" type="double" size="1 1">29.17630931712964</data>
    </avgSat>
    <avgInt idx="1" type="struct" size="1 1">
      <data idx="1" type="double" size="1 1">203.6751403356481</data>
    </avgInt>
    <medHueCells idx="1" type="struct" size="1 1">
      <data idx="1" type="double" size="1 9">0 3 0 0 8 6 0 0 0</data>
    </medHueCells>
    <avgSatCells idx="1" type="struct" size="1 1">
      <data idx="1" type="double" size="1 9">30.33822238289522 32.03600939936995 2.279876658374793 33.32698961937717 60.70583070805144 37.70355254975123 15.15756952935973 38.14599214298723 13.14538951545531</data>
    </avgSatCells>
    <avgIntCells idx="1" type="struct" size="1 1">
      <data idx="1" type="double" size="1 9">206.5008392294582 200.0205675773381 249.1620802238808 200.5117750348602 141.5679388524506 185.5709343905472 227.8181960090539 195.9804615344591 225.4145650584796</data>
    </avgIntCells>
    <cornerRatioGrid idx="1" type="struct" size="1 1">
      <data idx="1" type="double" size="1 9">134 126 99 146 254 95 24 169 114</data>
    </cornerRatioGrid>
    <avgR idx="1" type="struct" size="1 1">
      <data idx="1" type="double" size="1 1">203.6373365162036</data>
    </avgR>
    <avgG idx="1" type="struct" size="1 1">
      <data idx="1" type="double" size="1 1">195.3007132523146</data>
    </avgG>
    <avgB idx="1" type="struct" size="1 1">
      <data idx="1" type="double" size="1 1">192.8133955439816</data>
    </avgB>
    <avgRCells idx="1" type="struct" size="1 1">
      <data idx="1" type="double" size="1 9">206.4558565304963 199.9857201879873 249.1447320688225 200.4711821515259 141.5466611578783 185.5176461442787 227.781902854021 195.951440018732 225.3514776524645</data>
    </avgRCells>
    <avgGCells idx="1" type="struct" size="1 1">
      <data idx="1" type="double" size="1 9">198.1436502608066 191.0560605278106 248.3729788557214 191.6397123379641 123.4785028146464 174.0740308872304 223.3989905559748 185.8873741447044 221.0536628028403</data>
    </avgGCells>
    <avgBCells idx="1" type="struct" size="1 1">
      <data idx="1" type="double" size="1 9">195.8482414915044 187.8243815524456 247.8636245854063 189.515002840469 118.3570727676497 170.2117925995024 222.1174519343342 183.7534406951636 219.1946924603175</data>
    </avgBCells>
  </features>
</root>
