<?xml version="1.0"?>
<!-- Written on 15-Jun-2010 21:44:37 using the XML Toolbox for Matlab -->
<root xml_tb_version="3.1" idx="1" type="struct" size="1 1">
  <filename idx="1" type="char" size="1 42">Current_Omnimo_2_desktop_by_fediaFedia.png</filename>
  <features idx="1" type="struct" size="1 1">
    <numFaces idx="1" type="struct" size="1 1">
      <data idx="1" type="double" size="1 1">0</data>
    </numFaces>
    <cornerRatio idx="1" type="struct" size="1 1">
      <data idx="1" type="double" size="1 1">0.0008264321010248902</data>
    </cornerRatio>
    <edgeRatio idx="1" type="struct" size="1 1">
      <data idx="1" type="double" size="1 1">0.07391181673987311</data>
    </edgeRatio>
    <gridEdgeRatio idx="1" type="struct" size="1 1">
      <data idx="1" type="double" size="1 9">0.09021093590006177 0.04060857396409302 0.0278602634992149 0.1250597310396619 0.1278329578810847 0.05842548979452506 0.07012404057017543 0.0756578947368421 0.0493421052631579</data>
    </gridEdgeRatio>
    <medianHue idx="1" type="struct" size="1 1">
      <data idx="1" type="double" size="1 1">63</data>
    </medianHue>
    <avgSat idx="1" type="struct" size="1 1">
      <data idx="1" type="double" size="1 1">160.6233938430331</data>
    </avgSat>
    <avgInt idx="1" type="struct" size="1 1">
      <data idx="1" type="double" size="1 1">107.796071444912</data>
    </avgInt>
    <medHueCells idx="1" type="struct" size="1 1">
      <data idx="1" type="double" size="1 9">51 51 46 114 100 38 118 117 42</data>
    </medHueCells>
    <avgSatCells idx="1" type="struct" size="1 1">
      <data idx="1" type="double" size="1 9">165.819552529183 140.1205031060139 122.5241913377193 209.1149651853369 145.2885521195985 112.0224181058114 245.4200457369104 193.7769557648987 110.5763517680921</data>
    </avgSatCells>
    <avgIntCells idx="1" type="struct" size="1 1">
      <data idx="1" type="double" size="1 9">121.3325397638064 153.5565396955423 83.97138843201755 86.58550924977816 141.0745784695202 128.4760999177632 42.57345211277222 69.60574100621199 143.7517047012061</data>
    </avgIntCells>
    <cornerRatioGrid idx="1" type="struct" size="1 1">
      <data idx="1" type="double" size="1 9">87 59 60 109 166 133 72 116 65</data>
    </cornerRatioGrid>
    <avgR idx="1" type="struct" size="1 1">
      <data idx="1" type="double" size="1 1">73.65150873901901</data>
    </avgR>
    <avgG idx="1" type="struct" size="1 1">
      <data idx="1" type="double" size="1 1">89.55977572901426</data>
    </avgG>
    <avgB idx="1" type="struct" size="1 1">
      <data idx="1" type="double" size="1 1">77.97608494234998</data>
    </avgB>
    <avgRCells idx="1" type="struct" size="1 1">
      <data idx="1" type="double" size="1 9">82.86558809475045 82.72071472455457 60.56160053453947 44.35238753498534 105.8669192436342 102.9596097176535 6.67789610212302 55.02178476346505 122.5398763020833</data>
    </avgRCells>
    <avgGCells idx="1" type="struct" size="1 1">
      <data idx="1" type="double" size="1 9">103.2661615127312 121.5315294559355 81.12982284813596 53.45402416547205 116.0503362004231 125.0655838815789 9.768124104034383 56.276384053519 140.591736910636</data>
    </avgGCells>
    <avgBCells idx="1" type="struct" size="1 1">
      <data idx="1" type="double" size="1 9">69.10987098095428 117.8578913236397 47.9836211622807 64.86819066147861 101.6431241040343 79.54644668311404 42.57345211277222 67.55961157758205 110.9815823739035</data>
    </avgBCells>
  </features>
</root>
