<?xml version="1.0"?>
<!-- Written on 15-Jun-2010 21:44:38 using the XML Toolbox for Matlab -->
<root xml_tb_version="3.1" idx="1" type="struct" size="1 1">
  <filename idx="1" type="char" size="1 11">Curses_.jpg</filename>
  <features idx="1" type="struct" size="1 1">
    <numFaces idx="1" type="struct" size="1 1">
      <data idx="1" type="double" size="1 1">0</data>
    </numFaces>
    <cornerRatio idx="1" type="struct" size="1 1">
      <data idx="1" type="double" size="1 1">5.033059252352293e-05</data>
    </cornerRatio>
    <edgeRatio idx="1" type="struct" size="1 1">
      <data idx="1" type="double" size="1 1">0.009946914469780452</data>
    </edgeRatio>
    <gridEdgeRatio idx="1" type="struct" size="1 1">
      <data idx="1" type="double" size="1 9">0.02014833711262279 0.003968253968253957 0.009849773242630375 0.01504629629629627 0.003850151171579741 0.005952380952380952 0.00997619047619048 0.009880952380952388 0.01080952380952381</data>
    </gridEdgeRatio>
    <medianHue idx="1" type="struct" size="1 1">
      <data idx="1" type="double" size="1 1">9</data>
    </medianHue>
    <avgSat idx="1" type="struct" size="1 1">
      <data idx="1" type="double" size="1 1">57.39466866576243</data>
    </avgSat>
    <avgInt idx="1" type="struct" size="1 1">
      <data idx="1" type="double" size="1 1">208.7517403789099</data>
    </avgInt>
    <medHueCells idx="1" type="struct" size="1 1">
      <data idx="1" type="double" size="1 9">9 9 9 9 9 9 9 9 9</data>
    </medHueCells>
    <avgSatCells idx="1" type="struct" size="1 1">
      <data idx="1" type="double" size="1 9">57.16661942554798 55.57402683295538 57.67542857142861 58.30954743008309 57.86418178382461 57.1067142857143 58.18794879062735 58.0942932728647 56.55278571428574</data>
    </avgSatCells>
    <avgIntCells idx="1" type="struct" size="1 1">
      <data idx="1" type="double" size="1 9">201.6649896069539 201.8629535147393 208.7120476190477 209.8018235071806 211.7633219954649 211.3553095238095 207.869779856387 211.2411422902496 214.4229285714286</data>
    </avgIntCells>
    <cornerRatioGrid idx="1" type="struct" size="1 1">
      <data idx="1" type="double" size="1 9">10 0 1 6 0 0 1 0 1</data>
    </cornerRatioGrid>
    <avgR idx="1" type="struct" size="1 1">
      <data idx="1" type="double" size="1 1">208.7515602483682</data>
    </avgR>
    <avgG idx="1" type="struct" size="1 1">
      <data idx="1" type="double" size="1 1">176.2639892557429</data>
    </avgG>
    <avgB idx="1" type="struct" size="1 1">
      <data idx="1" type="double" size="1 1">161.2232373696702</data>
    </avgB>
    <avgRCells idx="1" type="struct" size="1 1">
      <data idx="1" type="double" size="1 9">201.6645880574452 201.8629535147393 208.7118095238096 209.8018235071806 211.7633219954649 211.3553095238095 207.8693310657596 211.2411422902496 214.4224047619048</data>
    </avgRCells>
    <avgGCells idx="1" type="struct" size="1 1">
      <data idx="1" type="double" size="1 9">170.2137896825398 170.9373818972033 175.9225952380952 176.8755196523054 178.987788170824 178.5277142857143 175.0519652305367 178.3482379062737 181.4555476190478</data>
    </avgGCells>
    <avgBCells idx="1" type="struct" size="1 1">
      <data idx="1" type="double" size="1 9">155.629157218443 156.8680555555555 161.0529761904761 161.4683012093728 163.2626842403629 163.6157380952381 159.9698601662888 162.6571948223735 166.4463095238095</data>
    </avgBCells>
  </features>
</root>
