<?xml version="1.0"?>
<!-- Written on 15-Jun-2010 21:44:41 using the XML Toolbox for Matlab -->
<root xml_tb_version="3.1" idx="1" type="struct" size="1 1">
  <filename idx="1" type="char" size="1 42">Customize_Graphic_Border_CSS_by_Jeysie.png</filename>
  <features idx="1" type="struct" size="1 1">
    <numFaces idx="1" type="struct" size="1 1">
      <data idx="1" type="double" size="1 1">3</data>
    </numFaces>
    <cornerRatio idx="1" type="struct" size="1 1">
      <data idx="1" type="double" size="1 1">0.001057346550908783</data>
    </cornerRatio>
    <edgeRatio idx="1" type="struct" size="1 1">
      <data idx="1" type="double" size="1 1">0.08828174493410545</data>
    </edgeRatio>
    <gridEdgeRatio idx="1" type="struct" size="1 1">
      <data idx="1" type="double" size="1 9">0.07945134575569354 0.1024844720496894 0.06965679248287962 0.09203296703296704 0.1176939003025959 0.1028627169931518 0.05892606692045683 0.1114405930675214 0.05868563414145472</data>
    </gridEdgeRatio>
    <medianHue idx="1" type="struct" size="1 1">
      <data idx="1" type="double" size="1 1">57</data>
    </medianHue>
    <avgSat idx="1" type="struct" size="1 1">
      <data idx="1" type="double" size="1 1">107.5347541334667</data>
    </avgSat>
    <avgInt idx="1" type="struct" size="1 1">
      <data idx="1" type="double" size="1 1">156.3623084953555</data>
    </avgInt>
    <medHueCells idx="1" type="struct" size="1 1">
      <data idx="1" type="double" size="1 9">60 60 60 57 57 57 60 60 60</data>
    </medHueCells>
    <avgSatCells idx="1" type="struct" size="1 1">
      <data idx="1" type="double" size="1 9">140.3678730689601 126.9888915432393 145.4839911841312 61.08799171842649 30.59390428412166 67.43019434982963 140.7014652014654 107.3036112438286 145.518873973152</data>
    </avgSatCells>
    <avgIntCells idx="1" type="struct" size="1 1">
      <data idx="1" type="double" size="1 9">136.06969660774 148.9214046822742 133.181186135043 182.4382067208153 210.6198837394489 179.3733520336608 134.3454172638955 149.9706959706959 133.7773993187739</data>
    </avgIntCells>
    <cornerRatioGrid idx="1" type="struct" size="1 1">
      <data idx="1" type="double" size="1 9">50 87 43 31 53 51 22 111 26</data>
    </cornerRatioGrid>
    <avgR idx="1" type="struct" size="1 1">
      <data idx="1" type="double" size="1 1">128.6188131842638</data>
    </avgR>
    <avgG idx="1" type="struct" size="1 1">
      <data idx="1" type="double" size="1 1">151.6374952040185</data>
    </avgG>
    <avgB idx="1" type="struct" size="1 1">
      <data idx="1" type="double" size="1 1">122.2301535606257</data>
    </avgB>
    <avgRCells idx="1" type="struct" size="1 1">
      <data idx="1" type="double" size="1 9">107.9943661411053 122.3488214683867 91.00793428170701 165.4981485905399 200.2243987896161 151.1530755359647 104.0952181876096 125.6319079471254 91.40040072129862</data>
    </avgRCells>
    <avgGCells idx="1" type="struct" size="1 1">
      <data idx="1" type="double" size="1 9">126.3511904761904 139.3422121356904 133.181186135043 178.2445851250199 204.9782011466795 179.2020837507515 127.4712135690396 143.8929367733716 133.7773993187739</data>
    </avgGCells>
    <avgBCells idx="1" type="struct" size="1 1">
      <data idx="1" type="double" size="1 9">94.18006450071671 110.4243908265647 90.66824283710673 158.1587036152253 192.5141941391941 150.5699058304948 93.89914795349577 120.6391543239369 91.06082949308774</data>
    </avgBCells>
  </features>
</root>
