<?xml version="1.0"?>
<!-- Written on 15-Jun-2010 21:44:40 using the XML Toolbox for Matlab -->
<root xml_tb_version="3.1" idx="1" type="struct" size="1 1">
  <filename idx="1" type="char" size="1 43">Custom_Browsing_With_Channels_by_Jeysie.png</filename>
  <features idx="1" type="struct" size="1 1">
    <numFaces idx="1" type="struct" size="1 1">
      <data idx="1" type="double" size="1 1">2</data>
    </numFaces>
    <cornerRatio idx="1" type="struct" size="1 1">
      <data idx="1" type="double" size="1 1">0.0007145024734630571</data>
    </cornerRatio>
    <edgeRatio idx="1" type="struct" size="1 1">
      <data idx="1" type="double" size="1 1">0.07289188319838068</data>
    </edgeRatio>
    <gridEdgeRatio idx="1" type="struct" size="1 1">
      <data idx="1" type="double" size="1 9">0.0433033710451506 0.1060390699030541 0.05441194069029943 0.03745957392935653 0.1176432224229939 0.04675020363100131 0.08271732028808788 0.09998839129212592 0.06806086109510198</data>
    </gridEdgeRatio>
    <medianHue idx="1" type="struct" size="1 1">
      <data idx="1" type="double" size="1 1">55</data>
    </medianHue>
    <avgSat idx="1" type="struct" size="1 1">
      <data idx="1" type="double" size="1 1">24.43709236563473</data>
    </avgSat>
    <avgInt idx="1" type="struct" size="1 1">
      <data idx="1" type="double" size="1 1">210.1895673005131</data>
    </avgInt>
    <medHueCells idx="1" type="struct" size="1 1">
      <data idx="1" type="double" size="1 9">55 55 55 78 78 54 55 55 55</data>
    </medHueCells>
    <avgSatCells idx="1" type="struct" size="1 1">
      <data idx="1" type="double" size="1 9">21.57010446518658 17.20035218156917 27.00708131180316 30.89367895465761 26.80813969101629 25.7938926683814 25.50511104162566 20.62405084791563 24.60681245758385</data>
    </avgSatCells>
    <avgIntCells idx="1" type="struct" size="1 1">
      <data idx="1" type="double" size="1 9">217.669535335167 224.1628935667398 205.2232431275969 202.3476248844285 213.1897090473834 205.5772252501869 207.6144300069099 212.0031287758593 203.7079982275717</data>
    </avgIntCells>
    <cornerRatioGrid idx="1" type="struct" size="1 1">
      <data idx="1" type="double" size="1 9">318 1293 454 370 1446 296 868 1068 562</data>
    </cornerRatioGrid>
    <avgR idx="1" type="struct" size="1 1">
      <data idx="1" type="double" size="1 1">199.3445036562722</data>
    </avgR>
    <avgG idx="1" type="struct" size="1 1">
      <data idx="1" type="double" size="1 1">206.5709745010924</data>
    </avgG>
    <avgB idx="1" type="struct" size="1 1">
      <data idx="1" type="double" size="1 1">197.3819272085217</data>
    </avgB>
    <avgRCells idx="1" type="struct" size="1 1">
      <data idx="1" type="double" size="1 9">205.6747787355992 211.2823187972117 192.860224441415 192.4212521244068 203.096267757739 194.3025987195884 198.2421027844368 202.6517147467448 193.3729870726648</data>
    </avgRCells>
    <avgGCells idx="1" type="struct" size="1 1">
      <data idx="1" type="double" size="1 9">216.3087314557987 222.5097866577661 200.7163551343588 196.516346902682 206.5635269564684 200.3842415148499 204.4504559018247 210.0455081510305 201.430287865141</data>
    </avgGCells>
    <avgBCells idx="1" type="struct" size="1 1">
      <data idx="1" type="double" size="1 9">205.9637440967386 214.4974046750377 192.3604379073242 189.9243375495376 200.1294382358695 194.3315792351876 191.7043152400917 197.0642595745174 190.21231683218</data>
    </avgBCells>
  </features>
</root>
