<?xml version="1.0"?>
<!-- Written on 15-Jun-2010 21:47:27 using the XML Toolbox for Matlab -->
<root xml_tb_version="3.1" idx="1" type="struct" size="1 1">
  <filename idx="1" type="char" size="1 29">cute_li__l_sid_by_iakobos.jpg</filename>
  <features idx="1" type="struct" size="1 1">
    <numFaces idx="1" type="struct" size="1 1">
      <data idx="1" type="double" size="1 1">1</data>
    </numFaces>
    <cornerRatio idx="1" type="struct" size="1 1">
      <data idx="1" type="double" size="1 1">0.0001592592592592593</data>
    </cornerRatio>
    <edgeRatio idx="1" type="struct" size="1 1">
      <data idx="1" type="double" size="1 1">0.04205925925925926</data>
    </edgeRatio>
    <gridEdgeRatio idx="1" type="struct" size="1 1">
      <data idx="1" type="double" size="1 9">0.01338820845936436 0.08783325895439739 0.05945273631840801 0.009140344787689459 0.02236326672286409 0.02797678275290216 0.05338870431893695 0.04408637873754152 0.06064999999999997</data>
    </gridEdgeRatio>
    <medianHue idx="1" type="struct" size="1 1">
      <data idx="1" type="double" size="1 1">70</data>
    </medianHue>
    <avgSat idx="1" type="struct" size="1 1">
      <data idx="1" type="double" size="1 1">107.285574074074</data>
    </avgSat>
    <avgInt idx="1" type="struct" size="1 1">
      <data idx="1" type="double" size="1 1">137.1508870370371</data>
    </avgInt>
    <medHueCells idx="1" type="struct" size="1 1">
      <data idx="1" type="double" size="1 9">76 74 73 84 84 58 30 13 10</data>
    </medHueCells>
    <avgSatCells idx="1" type="struct" size="1 1">
      <data idx="1" type="double" size="1 9">107.4195302556983 154.8934397778548 132.8828073089701 112.0872382274673 140.5749161170889 93.32847176079729 94.49094527363191 85.05325041459369 44.68695000000002</data>
    </avgSatCells>
    <avgIntCells idx="1" type="struct" size="1 1">
      <data idx="1" type="double" size="1 9">148.9957686649808 102.1678319366622 123.4281727574751 108.1750714864216 78.47369464967524 152.6256644518273 154.1533830845771 179.3112437810946 187.3577833333332</data>
    </avgIntCells>
    <cornerRatioGrid idx="1" type="struct" size="1 1">
      <data idx="1" type="double" size="1 9">0 3 3 0 2 0 21 25 32</data>
    </cornerRatioGrid>
    <avgR idx="1" type="struct" size="1 1">
      <data idx="1" type="double" size="1 1">111.2741537037036</data>
    </avgR>
    <avgG idx="1" type="struct" size="1 1">
      <data idx="1" type="double" size="1 1">129.1796444444446</data>
    </avgG>
    <avgB idx="1" type="struct" size="1 1">
      <data idx="1" type="double" size="1 1">112.9822074074073</data>
    </avgB>
    <avgRCells idx="1" type="struct" size="1 1">
      <data idx="1" type="double" size="1 9">98.67911274193814 51.58747789292741 94.4522425249169 74.82497809953551 50.03875968992246 135.9035714285714 132.8394361525705 176.9827529021561 186.8280500000001</data>
    </avgRCells>
    <avgGCells idx="1" type="struct" size="1 1">
      <data idx="1" type="double" size="1 9">148.9419017867474 102.1535677096247 123.3760963455152 106.1053040445612 71.61537825821063 148.3372757475083 142.7212603648423 147.1007462686567 172.2770833333335</data>
    </avgGCells>
    <avgBCells idx="1" type="struct" size="1 1">
      <data idx="1" type="double" size="1 9">126.4970826928481 71.34779590419991 107.8940863787375 99.29039189434886 61.19969917852595 139.0965116279069 125.776368159204 123.4953233830846 162.0936166666667</data>
    </avgBCells>
  </features>
</root>
