<?xml version="1.0"?>
<!-- Written on 15-Jun-2010 21:44:41 using the XML Toolbox for Matlab -->
<root xml_tb_version="3.1" idx="1" type="struct" size="1 1">
  <filename idx="1" type="char" size="1 25">Cyclopses_by_Craniata.jpg</filename>
  <features idx="1" type="struct" size="1 1">
    <numFaces idx="1" type="struct" size="1 1">
      <data idx="1" type="double" size="1 1">0</data>
    </numFaces>
    <cornerRatio idx="1" type="struct" size="1 1">
      <data idx="1" type="double" size="1 1">9.730330831248263e-05</data>
    </cornerRatio>
    <edgeRatio idx="1" type="struct" size="1 1">
      <data idx="1" type="double" size="1 1">0.01428690575479566</data>
    </edgeRatio>
    <gridEdgeRatio idx="1" type="struct" size="1 1">
      <data idx="1" type="double" size="1 9">0.006114282400311513 0.01947788336467798 0.007472984206151296 0.01652016139054358 0.04871542075044945 0.011238570241064 0.00731063539246788 0.01159876435274233 0.0002923976608187135</data>
    </gridEdgeRatio>
    <medianHue idx="1" type="struct" size="1 1">
      <data idx="1" type="double" size="1 1">0</data>
    </medianHue>
    <avgSat idx="1" type="struct" size="1 1">
      <data idx="1" type="double" size="1 1">4.829158558057644</data>
    </avgSat>
    <avgInt idx="1" type="struct" size="1 1">
      <data idx="1" type="double" size="1 1">211.8221823742006</data>
    </avgInt>
    <medHueCells idx="1" type="struct" size="1 1">
      <data idx="1" type="double" size="1 9">0 0 0 0 111 0 0 0 0</data>
    </medHueCells>
    <avgSatCells idx="1" type="struct" size="1 1">
      <data idx="1" type="double" size="1 9">1.743282988541934 3.513922834110738 1.048285164739091 9.680897424213548 14.05400120960058 2.914337338362516 4.496325852036576 6.077090606816289 0</data>
    </avgSatCells>
    <avgIntCells idx="1" type="struct" size="1 1">
      <data idx="1" type="double" size="1 9">226.7900265946429 217.4909984175773 228.7037111050051 188.6597791236194 176.7408720723109 218.671187936619 211.8512551953449 202.6165669160432 234.5462740183791</data>
    </avgIntCells>
    <cornerRatioGrid idx="1" type="struct" size="1 1">
      <data idx="1" type="double" size="1 9">5 13 4 14 58 7 1 3 0</data>
    </cornerRatioGrid>
    <avgR idx="1" type="struct" size="1 1">
      <data idx="1" type="double" size="1 1">210.3842470577333</data>
    </avgR>
    <avgG idx="1" type="struct" size="1 1">
      <data idx="1" type="double" size="1 1">210.4317811138911</data>
    </avgG>
    <avgB idx="1" type="struct" size="1 1">
      <data idx="1" type="double" size="1 1">211.8130673709575</data>
    </avgB>
    <avgRCells idx="1" type="struct" size="1 1">
      <data idx="1" type="double" size="1 9">226.2862196667799 216.3485969461728 228.482235489055 186.4131283087962 170.7514685048178 218.0779273765809 210.9374397339984 201.2696009975062 234.5462740183791</data>
    </avgRCells>
    <avgGCells idx="1" type="struct" size="1 1">
      <data idx="1" type="double" size="1 9">226.2960041756075 216.4176270287735 228.4482302100768 186.2374545364164 171.6585778079716 217.9875436098553 210.8023690773067 201.1459517871986 234.5462740183791</data>
    </avgGCells>
    <avgBCells idx="1" type="struct" size="1 1">
      <data idx="1" type="double" size="1 9">226.7856272938914 217.4795486367139 228.6953430086844 188.6430766936478 176.7264148598602 218.6610962622504 211.8441812136325 202.606982543641 234.5462740183791</data>
    </avgBCells>
  </features>
</root>
