<?xml version="1.0"?>
<!-- Written on 15-Jun-2010 21:44:41 using the XML Toolbox for Matlab -->
<root xml_tb_version="3.1" idx="1" type="struct" size="1 1">
  <filename idx="1" type="char" size="1 28">Cynthia_Posing_by_woekan.jpg</filename>
  <features idx="1" type="struct" size="1 1">
    <numFaces idx="1" type="struct" size="1 1">
      <data idx="1" type="double" size="1 1">0</data>
    </numFaces>
    <cornerRatio idx="1" type="struct" size="1 1">
      <data idx="1" type="double" size="1 1">0.0001175390266299357</data>
    </cornerRatio>
    <edgeRatio idx="1" type="struct" size="1 1">
      <data idx="1" type="double" size="1 1">0.04076951331496786</data>
    </edgeRatio>
    <gridEdgeRatio idx="1" type="struct" size="1 1">
      <data idx="1" type="double" size="1 9">0.09030653159419351 0.08259823576583829 0.04747126436781617 0.0268399260265454 0.02767458226273668 0.04532019704433501 0.02254508189947281 0.01128906960215535 0.01285240464344947</data>
    </gridEdgeRatio>
    <medianHue idx="1" type="struct" size="1 1">
      <data idx="1" type="double" size="1 1">24</data>
    </medianHue>
    <avgSat idx="1" type="struct" size="1 1">
      <data idx="1" type="double" size="1 1">71.9189127640037</data>
    </avgSat>
    <avgInt idx="1" type="struct" size="1 1">
      <data idx="1" type="double" size="1 1">121.079792470156</data>
    </avgInt>
    <medHueCells idx="1" type="struct" size="1 1">
      <data idx="1" type="double" size="1 9">106 17 18 8 8 30 106 105 105</data>
    </medHueCells>
    <avgSatCells idx="1" type="struct" size="1 1">
      <data idx="1" type="double" size="1 9">74.36757606009519 87.62998543443044 65.90496024859097 118.760240904702 114.144542821138 46.26913604733806 56.73730706075538 47.67600985221673 35.38656716417913</data>
    </avgSatCells>
    <avgIntCells idx="1" type="struct" size="1 1">
      <data idx="1" type="double" size="1 9">164.1699916534376 102.1317611246584 73.51909885787012 49.5226911935584 84.10789977578847 41.58486636584517 185.9305090311987 199.1504926108376 188.6545771144279</data>
    </avgIntCells>
    <cornerRatioGrid idx="1" type="struct" size="1 1">
      <data idx="1" type="double" size="1 9">14 10 3 1 10 20 2 3 1</data>
    </cornerRatioGrid>
    <avgR idx="1" type="struct" size="1 1">
      <data idx="1" type="double" size="1 1">106.5122791551883</data>
    </avgR>
    <avgG idx="1" type="struct" size="1 1">
      <data idx="1" type="double" size="1 1">105.2180495867768</data>
    </avgG>
    <avgB idx="1" type="struct" size="1 1">
      <data idx="1" type="double" size="1 1">107.6525068870523</data>
    </avgB>
    <avgRCells idx="1" type="struct" size="1 1">
      <data idx="1" type="double" size="1 9">137.0932360113251 100.7601427098507 73.50713211351876 48.00363320949872 82.81477177879977 39.80134212657644 146.0722167487685 163.0918719211823 166.6519237147594</data>
    </avgRCells>
    <avgGCells idx="1" type="struct" size="1 1">
      <data idx="1" type="double" size="1 9">143.5898401060504 87.21743613243218 65.63063420439329 36.87542346529629 53.0526324403057 38.92988545643876 163.6850082101807 179.6038916256158 177.7033830845771</data>
    </avgGCells>
    <avgBCells idx="1" type="struct" size="1 1">
      <data idx="1" type="double" size="1 9">157.02386134887 69.09704924471794 54.53445397596732 33.35908220545635 44.35870579185966 37.01733855638751 185.4611658456486 198.6956157635469 188.638391376451</data>
    </avgBCells>
  </features>
</root>
