<?xml version="1.0"?>
<!-- Written on 15-Jun-2010 21:44:42 using the XML Toolbox for Matlab -->
<root xml_tb_version="3.1" idx="1" type="struct" size="1 1">
  <filename idx="1" type="char" size="1 33">Cynthia_at_the_lake_by_woekan.jpg</filename>
  <features idx="1" type="struct" size="1 1">
    <numFaces idx="1" type="struct" size="1 1">
      <data idx="1" type="double" size="1 1">1</data>
    </numFaces>
    <cornerRatio idx="1" type="struct" size="1 1">
      <data idx="1" type="double" size="1 1">0.0001633986928104575</data>
    </cornerRatio>
    <edgeRatio idx="1" type="struct" size="1 1">
      <data idx="1" type="double" size="1 1">0.04082244008714597</data>
    </edgeRatio>
    <gridEdgeRatio idx="1" type="struct" size="1 1">
      <data idx="1" type="double" size="1 9">0.02999756907868084 0.1161170083461631 0 0.001685438781298113 0.1102827971801311 0 0.02574750830564779 0.08315419190932186 0</data>
    </gridEdgeRatio>
    <medianHue idx="1" type="struct" size="1 1">
      <data idx="1" type="double" size="1 1">19</data>
    </medianHue>
    <avgSat idx="1" type="struct" size="1 1">
      <data idx="1" type="double" size="1 1">140.0241757443719</data>
    </avgSat>
    <avgInt idx="1" type="struct" size="1 1">
      <data idx="1" type="double" size="1 1">74.95257080610028</data>
    </avgInt>
    <medHueCells idx="1" type="struct" size="1 1">
      <data idx="1" type="double" size="1 9">13 9 11 21 14 20 21 21 28</data>
    </medHueCells>
    <avgSatCells idx="1" type="struct" size="1 1">
      <data idx="1" type="double" size="1 9">159.2569970018638 172.4767684952596 164.8157286170282 158.3001053399239 143.960845960619 117.3576965669988 146.0329268292682 140.8979999999999 56.58449346405232</data>
    </avgSatCells>
    <avgIntCells idx="1" type="struct" size="1 1">
      <data idx="1" type="double" size="1 9">32.33182076006806 29.49336358479866 58.56468633965211 79.57419982173245 107.6406287983145 98.73684124812713 75.86482926829265 87.57027642276421 105.2366993464052</data>
    </avgIntCells>
    <cornerRatioGrid idx="1" type="struct" size="1 1">
      <data idx="1" type="double" size="1 9">3 26 0 1 29 0 7 24 0</data>
    </cornerRatioGrid>
    <avgR idx="1" type="struct" size="1 1">
      <data idx="1" type="double" size="1 1">74.77508896151045</data>
    </avgR>
    <avgG idx="1" type="struct" size="1 1">
      <data idx="1" type="double" size="1 1">59.70073347857657</data>
    </avgG>
    <avgB idx="1" type="struct" size="1 1">
      <data idx="1" type="double" size="1 1">39.01448620188822</data>
    </avgB>
    <avgRCells idx="1" type="struct" size="1 1">
      <data idx="1" type="double" size="1 9">32.33055668098209 29.47984766226402 58.5441339326428 79.47375415282397 107.5905356129972 98.67279004625101 75.74899186991868 87.5110243902439 104.0560620915033</data>
    </avgRCells>
    <avgGCells idx="1" type="struct" size="1 1">
      <data idx="1" type="double" size="1 9">23.38862328822622 17.94122032250224 37.90878444401018 59.05328579531643 80.37588526051368 79.84517295290208 62.95930081300817 73.86427642276419 102.4568790849673</data>
    </avgGCells>
    <avgBCells idx="1" type="struct" size="1 1">
      <data idx="1" type="double" size="1 9">14.08407746535938 13.16251519325824 25.59776236075826 29.77996920832996 55.87966939470061 58.76402188782492 30.98962601626016 40.53455284552847 82.82501633986926</data>
    </avgBCells>
  </features>
</root>
