<?xml version="1.0"?>
<!-- Written on 15-Jun-2010 21:44:42 using the XML Toolbox for Matlab -->
<root xml_tb_version="3.1" idx="1" type="struct" size="1 1">
  <filename idx="1" type="char" size="1 33">Cynthia_in_the_tree_by_woekan.jpg</filename>
  <features idx="1" type="struct" size="1 1">
    <numFaces idx="1" type="struct" size="1 1">
      <data idx="1" type="double" size="1 1">1</data>
    </numFaces>
    <cornerRatio idx="1" type="struct" size="1 1">
      <data idx="1" type="double" size="1 1">0.000505388331475288</data>
    </cornerRatio>
    <edgeRatio idx="1" type="struct" size="1 1">
      <data idx="1" type="double" size="1 1">0.06878298030471944</data>
    </edgeRatio>
    <gridEdgeRatio idx="1" type="struct" size="1 1">
      <data idx="1" type="double" size="1 9">0.05629568106312289 0.09013289036544848 0.0646333333333333 0.07724252491694353 0.0952325581395349 0.1052999999999999 0.0604983388704319 0.02340531561461792 0.04746666666666662</data>
    </gridEdgeRatio>
    <medianHue idx="1" type="struct" size="1 1">
      <data idx="1" type="double" size="1 1">19</data>
    </medianHue>
    <avgSat idx="1" type="struct" size="1 1">
      <data idx="1" type="double" size="1 1">92.82729282794514</data>
    </avgSat>
    <avgInt idx="1" type="struct" size="1 1">
      <data idx="1" type="double" size="1 1">128.2687476774432</data>
    </avgInt>
    <medHueCells idx="1" type="struct" size="1 1">
      <data idx="1" type="double" size="1 9">21 19 20 30 9 13 28 27 19</data>
    </medHueCells>
    <avgSatCells idx="1" type="struct" size="1 1">
      <data idx="1" type="double" size="1 9">108.6206810631229 129.7565780730897 130.3748671096346 46.39769102990036 131.2439534883721 108.711146179402 48.74428333333334 58.7984833333333 72.14913333333335</data>
    </avgSatCells>
    <avgIntCells idx="1" type="struct" size="1 1">
      <data idx="1" type="double" size="1 9">89.49631229235881 106.3504485049834 102.6702159468439 169.1536544850496 114.750365448505 90.41707641196012 192.4103333333333 173.3553499999999 115.9412833333333</data>
    </avgIntCells>
    <cornerRatioGrid idx="1" type="struct" size="1 1">
      <data idx="1" type="double" size="1 9">31 34 28 39 38 39 29 15 19</data>
    </cornerRatioGrid>
    <avgR idx="1" type="struct" size="1 1">
      <data idx="1" type="double" size="1 1">125.9028056484579</data>
    </avgR>
    <avgG idx="1" type="struct" size="1 1">
      <data idx="1" type="double" size="1 1">111.194017094017</data>
    </avgG>
    <avgB idx="1" type="struct" size="1 1">
      <data idx="1" type="double" size="1 1">93.1176384243777</data>
    </avgB>
    <avgRCells idx="1" type="struct" size="1 1">
      <data idx="1" type="double" size="1 9">88.66083056478406 106.0060797342193 102.550315614618 162.7790697674418 114.4245514950166 90.30852159468442 186.4882500000001 167.7724 114.2399166666665</data>
    </avgRCells>
    <avgGCells idx="1" type="struct" size="1 1">
      <data idx="1" type="double" size="1 9">79.4801993355482 87.63574750830566 85.31790697674418 159.3110465116278 75.43938538205977 64.08279069767445 185.6813833333333 164.7767166666666 99.20541666666665</data>
    </avgGCells>
    <avgBCells idx="1" type="struct" size="1 1">
      <data idx="1" type="double" size="1 9">57.41398671096346 56.21169435215948 51.84383720930236 155.9131063122924 58.61448504983387 46.97915282392029 177.4781666666668 149.3260833333333 84.69944999999998</data>
    </avgBCells>
  </features>
</root>
