<?xml version="1.0"?>
<!-- Written on 15-Jun-2010 21:47:27 using the XML Toolbox for Matlab -->
<root xml_tb_version="3.1" idx="1" type="struct" size="1 1">
  <filename idx="1" type="char" size="1 36">d4ce280644f1d6b2e6b020bc8e39f003.jpg</filename>
  <features idx="1" type="struct" size="1 1">
    <numFaces idx="1" type="struct" size="1 1">
      <data idx="1" type="double" size="1 1">0</data>
    </numFaces>
    <cornerRatio idx="1" type="struct" size="1 1">
      <data idx="1" type="double" size="1 1">0.00155268022181146</data>
    </cornerRatio>
    <edgeRatio idx="1" type="struct" size="1 1">
      <data idx="1" type="double" size="1 1">0.1916150646950092</data>
    </edgeRatio>
    <gridEdgeRatio idx="1" type="struct" size="1 1">
      <data idx="1" type="double" size="1 9">0.06353591160220995 0.05594953409746846 0.05937165003710727 0.115980869134988 0.2751092603281932 0.2322091201451305 0.2681635026793504 0.3485232418061729 0.3101399908611305</data>
    </gridEdgeRatio>
    <medianHue idx="1" type="struct" size="1 1">
      <data idx="1" type="double" size="1 1">42</data>
    </medianHue>
    <avgSat idx="1" type="struct" size="1 1">
      <data idx="1" type="double" size="1 1">84.66766173752303</data>
    </avgSat>
    <avgInt idx="1" type="struct" size="1 1">
      <data idx="1" type="double" size="1 1">112.1286021256932</data>
    </avgInt>
    <medHueCells idx="1" type="struct" size="1 1">
      <data idx="1" type="double" size="1 9">112 80 19 114 37 17 114 35 18</data>
    </medHueCells>
    <avgSatCells idx="1" type="struct" size="1 1">
      <data idx="1" type="double" size="1 9">73.28601467799126 64.12430939226522 107.5363062352013 71.97818916467389 65.13480250680297 146.1387446516846 73.69673043621673 57.37228910695141 104.5847630125036</data>
    </avgSatCells>
    <avgIntCells idx="1" type="struct" size="1 1">
      <data idx="1" type="double" size="1 9">122.0704213737939 120.1949987630906 98.78963984546999 118.9528119073143 111.3937907149336 104.6878453038673 114.3751752288282 108.660056073225 108.6426494412828</data>
    </avgIntCells>
    <cornerRatioGrid idx="1" type="struct" size="1 1">
      <data idx="1" type="double" size="1 9">17 22 21 8 55 38 129 221 161</data>
    </cornerRatioGrid>
    <avgR idx="1" type="struct" size="1 1">
      <data idx="1" type="double" size="1 1">102.3538123844732</data>
    </avgR>
    <avgG idx="1" type="struct" size="1 1">
      <data idx="1" type="double" size="1 1">99.9623128465804</data>
    </avgG>
    <avgB idx="1" type="struct" size="1 1">
      <data idx="1" type="double" size="1 1">95.63558456561917</data>
    </avgB>
    <avgRCells idx="1" type="struct" size="1 1">
      <data idx="1" type="double" size="1 9">97.72847777686158 110.9404634287128 97.32461679059527 96.71342871278962 107.2349303207719 104.495825198355 93.55436216706528 105.0472499381545 107.101337598139</data>
    </avgRCells>
    <avgGCells idx="1" type="struct" size="1 1">
      <data idx="1" type="double" size="1 9">103.8151438937907 116.1843201121465 88.34507539567149 100.7402284159314 106.539210027212 84.29287999003029 96.4911560979632 104.9224251669828 97.00874423628134</data>
    </avgGCells>
    <avgBCells idx="1" type="struct" size="1 1">
      <data idx="1" type="double" size="1 9">120.3604766224128 110.1937206234023 72.81333859510654 116.3704955883566 94.2312814381133 56.61103726166244 112.406922569473 93.9481116516863 81.76423794292359</data>
    </avgBCells>
  </features>
</root>
