<?xml version="1.0"?>
<!-- Written on 15-Jun-2010 21:47:28 using the XML Toolbox for Matlab -->
<root xml_tb_version="3.1" idx="1" type="struct" size="1 1">
  <filename idx="1" type="char" size="1 36">d4d82cbc8f75330aad3a82b632e09b06.jpg</filename>
  <features idx="1" type="struct" size="1 1">
    <numFaces idx="1" type="struct" size="1 1">
      <data idx="1" type="double" size="1 1">0</data>
    </numFaces>
    <cornerRatio idx="1" type="struct" size="1 1">
      <data idx="1" type="double" size="1 1">0.001608910891089109</data>
    </cornerRatio>
    <edgeRatio idx="1" type="struct" size="1 1">
      <data idx="1" type="double" size="1 1">0.1486200495049505</data>
    </edgeRatio>
    <gridEdgeRatio idx="1" type="struct" size="1 1">
      <data idx="1" type="double" size="1 9">0.014263657084038 0.1369568414087199 0.25132412311567 0.1779464745239315 0.1642526284831993 0.2501388940331118 0.0960913255504654 0.09245234224915011 0.15486116280801</data>
    </gridEdgeRatio>
    <medianHue idx="1" type="struct" size="1 1">
      <data idx="1" type="double" size="1 1">0</data>
    </medianHue>
    <avgSat idx="1" type="struct" size="1 1">
      <data idx="1" type="double" size="1 1">0</data>
    </avgSat>
    <avgInt idx="1" type="struct" size="1 1">
      <data idx="1" type="double" size="1 1">166.9612334983497</data>
    </avgInt>
    <medHueCells idx="1" type="struct" size="1 1">
      <data idx="1" type="double" size="1 9">0 0 0 0 0 0 0 0 0</data>
    </medHueCells>
    <avgSatCells idx="1" type="struct" size="1 1">
      <data idx="1" type="double" size="1 9">0 0 0 0 0 0 0 0 0</data>
    </avgSatCells>
    <avgIntCells idx="1" type="struct" size="1 1">
      <data idx="1" type="double" size="1 9">172.2969266965665 185.8175869421365 177.534302497414 184.9446915667966 171.5756378207486 204.9248374464312 66.76025037964368 146.3881254861292 192.3618700215885</data>
    </avgIntCells>
    <cornerRatioGrid idx="1" type="struct" size="1 1">
      <data idx="1" type="double" size="1 9">6 115 171 108 82 158 33 44 63</data>
    </cornerRatioGrid>
    <avgR idx="1" type="struct" size="1 1">
      <data idx="1" type="double" size="1 1">166.9612334983497</data>
    </avgR>
    <avgG idx="1" type="struct" size="1 1">
      <data idx="1" type="double" size="1 1">166.9612334983497</data>
    </avgG>
    <avgB idx="1" type="struct" size="1 1">
      <data idx="1" type="double" size="1 1">166.9612334983497</data>
    </avgB>
    <avgRCells idx="1" type="struct" size="1 1">
      <data idx="1" type="double" size="1 9">172.2969266965665 185.8175869421365 177.534302497414 184.9446915667966 171.5756378207486 204.9248374464312 66.76025037964368 146.3881254861292 192.3618700215885</data>
    </avgRCells>
    <avgGCells idx="1" type="struct" size="1 1">
      <data idx="1" type="double" size="1 9">172.2969266965665 185.8175869421365 177.534302497414 184.9446915667966 171.5756378207486 204.9248374464312 66.76025037964368 146.3881254861292 192.3618700215885</data>
    </avgGCells>
    <avgBCells idx="1" type="struct" size="1 1">
      <data idx="1" type="double" size="1 9">172.2969266965665 185.8175869421365 177.534302497414 184.9446915667966 171.5756378207486 204.9248374464312 66.76025037964368 146.3881254861292 192.3618700215885</data>
    </avgBCells>
  </features>
</root>
