<?xml version="1.0"?>
<!-- Written on 15-Jun-2010 21:47:28 using the XML Toolbox for Matlab -->
<root xml_tb_version="3.1" idx="1" type="struct" size="1 1">
  <filename idx="1" type="char" size="1 36">d511ae6571031250c1f3f7b0e1fad0fd.jpg</filename>
  <features idx="1" type="struct" size="1 1">
    <numFaces idx="1" type="struct" size="1 1">
      <data idx="1" type="double" size="1 1">0</data>
    </numFaces>
    <cornerRatio idx="1" type="struct" size="1 1">
      <data idx="1" type="double" size="1 1">0.0001472457627118644</data>
    </cornerRatio>
    <edgeRatio idx="1" type="struct" size="1 1">
      <data idx="1" type="double" size="1 1">0.07210487288135593</data>
    </edgeRatio>
    <gridEdgeRatio idx="1" type="struct" size="1 1">
      <data idx="1" type="double" size="1 9">0.02584476096673993 0.03182059246912653 0.004389145452463641 0.06825327676339116 0.1152360027274792 0.09362238082515952 0.1073850291688764 0.1067031593302523 0.09609366054730736</data>
    </gridEdgeRatio>
    <medianHue idx="1" type="struct" size="1 1">
      <data idx="1" type="double" size="1 1">21</data>
    </medianHue>
    <avgSat idx="1" type="struct" size="1 1">
      <data idx="1" type="double" size="1 1">105.1841144067798</data>
    </avgSat>
    <avgInt idx="1" type="struct" size="1 1">
      <data idx="1" type="double" size="1 1">163.0931069915255</data>
    </avgInt>
    <medHueCells idx="1" type="struct" size="1 1">
      <data idx="1" type="double" size="1 9">14 26 26 13 27 23 13 24 21</data>
    </medHueCells>
    <avgSatCells idx="1" type="struct" size="1 1">
      <data idx="1" type="double" size="1 9">101.3426774755664 133.3763542692627 107.9490586408061 87.20041291006899 145.1475869384045 115.1448405182211 74.28574291057593 88.67345711995725 93.68885729552301</data>
    </avgSatCells>
    <avgIntCells idx="1" type="struct" size="1 1">
      <data idx="1" type="double" size="1 9">180.0300401545572 175.7464201833472 150.0789548450641 172.3369668156678 140.6642264565497 161.7467232366089 184.6305389107287 142.7526716537537 159.6480287011945</data>
    </avgIntCells>
    <cornerRatioGrid idx="1" type="struct" size="1 1">
      <data idx="1" type="double" size="1 9">4 2 1 3 29 2 41 42 15</data>
    </cornerRatioGrid>
    <avgR idx="1" type="struct" size="1 1">
      <data idx="1" type="double" size="1 1">161.2946875000001</data>
    </avgR>
    <avgG idx="1" type="struct" size="1 1">
      <data idx="1" type="double" size="1 1">145.3188432203388</data>
    </avgG>
    <avgB idx="1" type="struct" size="1 1">
      <data idx="1" type="double" size="1 1">97.20690677966105</data>
    </avgB>
    <avgRCells idx="1" type="struct" size="1 1">
      <data idx="1" type="double" size="1 9">178.2803621486476 173.3693935146601 147.5077846806576 171.8515891355406 136.6538847639972 159.6656186074701 184.623554444487 141.0374222357924 158.4608793557499</data>
    </avgRCells>
    <avgGCells idx="1" type="struct" size="1 1">
      <data idx="1" type="double" size="1 9">157.5097071747861 161.3666281536481 138.910201530419 146.9126354269263 129.7777293734373 145.5282691870595 154.0418400061067 129.8101122094577 143.7961432769741</data>
    </avgGCells>
    <avgBCells idx="1" type="struct" size="1 1">
      <data idx="1" type="double" size="1 9">109.3197780134859 85.68250435639061 95.09783885142812 114.6935184483673 52.04108265777712 87.9512652473672 130.7126350139308 94.72733865119652 104.3413037670317</data>
    </avgBCells>
  </features>
</root>
