<?xml version="1.0"?>
<!-- Written on 15-Jun-2010 21:47:28 using the XML Toolbox for Matlab -->
<root xml_tb_version="3.1" idx="1" type="struct" size="1 1">
  <filename idx="1" type="char" size="1 36">d57b9b47fdce002435f8f934d73e29a8.jpg</filename>
  <features idx="1" type="struct" size="1 1">
    <numFaces idx="1" type="struct" size="1 1">
      <data idx="1" type="double" size="1 1">0</data>
    </numFaces>
    <cornerRatio idx="1" type="struct" size="1 1">
      <data idx="1" type="double" size="1 1">3.230252390386769e-05</data>
    </cornerRatio>
    <edgeRatio idx="1" type="struct" size="1 1">
      <data idx="1" type="double" size="1 1">0.01215292732649956</data>
    </edgeRatio>
    <gridEdgeRatio idx="1" type="struct" size="1 1">
      <data idx="1" type="double" size="1 9">0.01570571771291485 0.01108356657337066 0.007958921694480106 0.02011995201919234 0.01538584566173532 0.003289473684210526 0.01342162642332237 0.006848098199144053 0.01562094892403423</data>
    </gridEdgeRatio>
    <medianHue idx="1" type="struct" size="1 1">
      <data idx="1" type="double" size="1 1">116</data>
    </medianHue>
    <avgSat idx="1" type="struct" size="1 1">
      <data idx="1" type="double" size="1 1">141.0476749361128</data>
    </avgSat>
    <avgInt idx="1" type="struct" size="1 1">
      <data idx="1" type="double" size="1 1">44.06952579894909</data>
    </avgInt>
    <medHueCells idx="1" type="struct" size="1 1">
      <data idx="1" type="double" size="1 9">112 125 134 115 117 126 114 116 120</data>
    </medHueCells>
    <avgSatCells idx="1" type="struct" size="1 1">
      <data idx="1" type="double" size="1 9">156.7034146341464 119.8450379848061 131.0558669143182 129.8046541383447 115.4527948820472 125.4569328918679 181.062676508344 175.9086810012839 134.5913112522685</data>
    </avgSatCells>
    <avgIntCells idx="1" type="struct" size="1 1">
      <data idx="1" type="double" size="1 9">64.24663734506201 40.93442622950818 25.58357425502706 81.15246701319478 61.88986805277887 32.50073487846237 58.67915596919128 15.71241976893452 15.02349624060151</data>
    </avgIntCells>
    <cornerRatioGrid idx="1" type="struct" size="1 1">
      <data idx="1" type="double" size="1 9">1 0 1 1 0 0 2 0 13</data>
    </cornerRatioGrid>
    <avgR idx="1" type="struct" size="1 1">
      <data idx="1" type="double" size="1 1">28.37706915611449</data>
    </avgR>
    <avgG idx="1" type="struct" size="1 1">
      <data idx="1" type="double" size="1 1">29.48788296436672</data>
    </avgG>
    <avgB idx="1" type="struct" size="1 1">
      <data idx="1" type="double" size="1 1">42.95495413041606</data>
    </avgB>
    <avgRCells idx="1" type="struct" size="1 1">
      <data idx="1" type="double" size="1 9">31.28027189124349 31.18590963614555 24.3582007591052 46.36044782087164 43.94443822471015 31.16047807477992 27.41835686777921 5.902005776636716 13.39724850920404</data>
    </avgRCells>
    <avgGCells idx="1" type="struct" size="1 1">
      <data idx="1" type="double" size="1 9">39.43678528588566 29.83480207916833 20.05996931276751 51.16190323870453 44.906293482607 25.60570136477428 33.62408536585369 6.933103337612325 13.28235999481462</data>
    </avgGCells>
    <avgBCells idx="1" type="struct" size="1 1">
      <data idx="1" type="double" size="1 9">64.14256697321078 39.82072770891648 22.19153678430107 81.11472211115559 61.40558176729304 27.61519825567308 58.61951219512193 15.69216944801026 15.01895903551983</data>
    </avgBCells>
  </features>
</root>
