<?xml version="1.0"?>
<!-- Written on 15-Jun-2010 21:47:28 using the XML Toolbox for Matlab -->
<root xml_tb_version="3.1" idx="1" type="struct" size="1 1">
  <filename idx="1" type="char" size="1 36">d6801088fdb3b768c9df3ca7736b3945.jpg</filename>
  <features idx="1" type="struct" size="1 1">
    <numFaces idx="1" type="struct" size="1 1">
      <data idx="1" type="double" size="1 1">0</data>
    </numFaces>
    <cornerRatio idx="1" type="struct" size="1 1">
      <data idx="1" type="double" size="1 1">0.001560185185185185</data>
    </cornerRatio>
    <edgeRatio idx="1" type="struct" size="1 1">
      <data idx="1" type="double" size="1 1">0.1657314814814815</data>
    </edgeRatio>
    <gridEdgeRatio idx="1" type="struct" size="1 1">
      <data idx="1" type="double" size="1 9">0.008514059536571339 0.03556114455347571 0.1065924479707556 0.2722231384513897 0.2664715098540448 0.2018859302953517 0.1923300165837478 0.1777985074626865 0.2302631578947368</data>
    </gridEdgeRatio>
    <medianHue idx="1" type="struct" size="1 1">
      <data idx="1" type="double" size="1 1">102</data>
    </medianHue>
    <avgSat idx="1" type="struct" size="1 1">
      <data idx="1" type="double" size="1 1">73.82833564814801</data>
    </avgSat>
    <avgInt idx="1" type="struct" size="1 1">
      <data idx="1" type="double" size="1 1">161.4349212962961</data>
    </avgInt>
    <medHueCells idx="1" type="struct" size="1 1">
      <data idx="1" type="double" size="1 9">105 93 102 102 107 102 102 6 22</data>
    </medHueCells>
    <avgSatCells idx="1" type="struct" size="1 1">
      <data idx="1" type="double" size="1 9">29.5796363486435 115.4521728374702 69.65905887230512 63.63187515461369 85.6669003051043 32.03982172470976 91.15467536243925 105.2592738752959 71.66781537176276</data>
    </avgSatCells>
    <avgIntCells idx="1" type="struct" size="1 1">
      <data idx="1" type="double" size="1 9">236.0632679145707 115.244743135153 146.8235903814263 227.9624598004452 102.9051084357219 156.975 212.8907074315622 133.3325094504216 120.4503341687552</data>
    </avgIntCells>
    <cornerRatioGrid idx="1" type="struct" size="1 1">
      <data idx="1" type="double" size="1 9">1 9 14 137 164 113 66 77 93</data>
    </cornerRatioGrid>
    <avgR idx="1" type="struct" size="1 1">
      <data idx="1" type="double" size="1 1">136.0890810185186</data>
    </avgR>
    <avgG idx="1" type="struct" size="1 1">
      <data idx="1" type="double" size="1 1">141.1787962962961</data>
    </avgG>
    <avgB idx="1" type="struct" size="1 1">
      <data idx="1" type="double" size="1 1">149.8309027777777</data>
    </avgB>
    <avgRCells idx="1" type="struct" size="1 1">
      <data idx="1" type="double" size="1 9">208.9441741568402 101.5497443720624 118.0548092868988 176.7407850251506 91.97338583326464 143.8366500829188 142.0148091222532 125.3183234328916 116.0739348370927</data>
    </avgRCells>
    <avgGCells idx="1" type="struct" size="1 1">
      <data idx="1" type="double" size="1 9">221.7386616640554 89.0851818256782 135.5253938640134 206.5203471592315 86.53279871361428 149.9671849087894 182.0890624350934 91.34686162921118 107.6667084377611</data>
    </avgGCells>
    <avgBCells idx="1" type="struct" size="1 1">
      <data idx="1" type="double" size="1 9">236.0366743629916 87.83916055083698 146.6461650082919 227.711573348726 88.8401500783375 155.4260986733003 212.2544759689278 91.15631620487684 102.4058270676692</data>
    </avgBCells>
  </features>
</root>
