<?xml version="1.0"?>
<!-- Written on 15-Jun-2010 21:47:29 using the XML Toolbox for Matlab -->
<root xml_tb_version="3.1" idx="1" type="struct" size="1 1">
  <filename idx="1" type="char" size="1 36">d81296072f778403754a2dedd20d48b2.jpg</filename>
  <features idx="1" type="struct" size="1 1">
    <numFaces idx="1" type="struct" size="1 1">
      <data idx="1" type="double" size="1 1">1</data>
    </numFaces>
    <cornerRatio idx="1" type="struct" size="1 1">
      <data idx="1" type="double" size="1 1">0.000640625</data>
    </cornerRatio>
    <edgeRatio idx="1" type="struct" size="1 1">
      <data idx="1" type="double" size="1 1">0.1109328125</data>
    </edgeRatio>
    <gridEdgeRatio idx="1" type="struct" size="1 1">
      <data idx="1" type="double" size="1 9">0.01271162842503901 0.1372521719759411 0.2158427785882616 0.02848629984406326 0.2193278012920471 0.2031898776792727 0.02112557513185945 0.05623667377398719 0.106294872519645</data>
    </gridEdgeRatio>
    <medianHue idx="1" type="struct" size="1 1">
      <data idx="1" type="double" size="1 1">30</data>
    </medianHue>
    <avgSat idx="1" type="struct" size="1 1">
      <data idx="1" type="double" size="1 1">156.6468375</data>
    </avgSat>
    <avgInt idx="1" type="struct" size="1 1">
      <data idx="1" type="double" size="1 1">127.404640625</data>
    </avgInt>
    <medHueCells idx="1" type="struct" size="1 1">
      <data idx="1" type="double" size="1 9">172 21 177 173 27 17 172 31 18</data>
    </medHueCells>
    <avgSatCells idx="1" type="struct" size="1 1">
      <data idx="1" type="double" size="1 9">167.0465860993541 155.3371853419471 178.7830069576928 156.8920834261528 147.8934339496547 148.4008528784648 167.2532684322747 145.120609359219 142.5357001526372</data>
    </avgSatCells>
    <avgIntCells idx="1" type="struct" size="1 1">
      <data idx="1" type="double" size="1 9">144.1784779460904 94.05865727333484 68.52386095836604 183.2875640454444 140.357136890176 89.13284143193803 152.8539585905061 156.3442795421389 118.250268528464</data>
    </avgIntCells>
    <cornerRatioGrid idx="1" type="struct" size="1 1">
      <data idx="1" type="double" size="1 9">1 68 66 10 103 90 9 30 33</data>
    </cornerRatioGrid>
    <avgR idx="1" type="struct" size="1 1">
      <data idx="1" type="double" size="1 1">127.1856046874999</data>
    </avgR>
    <avgG idx="1" type="struct" size="1 1">
      <data idx="1" type="double" size="1 1">70.0313937499999</data>
    </avgG>
    <avgB idx="1" type="struct" size="1 1">
      <data idx="1" type="double" size="1 1">65.81757187499994</data>
    </avgB>
    <avgRCells idx="1" type="struct" size="1 1">
      <data idx="1" type="double" size="1 9">144.1776425707284 94.01809979950993 68.52154640332171 183.2781521496993 139.5362970594788 88.68247110313096 152.7883374480978 156.0081921220962 117.9951240884165</data>
    </avgRCells>
    <avgGCells idx="1" type="struct" size="1 1">
      <data idx="1" type="double" size="1 9">69.02983682334599 61.21004121185116 39.36677982269108 85.12454054355089 80.96668244597902 57.62351307372911 74.10091459993268 87.08350634047805 76.32032619141846</data>
    </avgGCells>
    <avgBCells idx="1" type="struct" size="1 1">
      <data idx="1" type="double" size="1 9">75.6596959233682 47.92016596123856 40.93920435416902 85.95007239919808 66.10464468701271 47.72345976882502 77.11520873078213 83.91737739872065 67.27281078636442</data>
    </avgBCells>
  </features>
</root>
