<?xml version="1.0"?>
<!-- Written on 15-Jun-2010 21:47:29 using the XML Toolbox for Matlab -->
<root xml_tb_version="3.1" idx="1" type="struct" size="1 1">
  <filename idx="1" type="char" size="1 36">d87c5849a1a695a0b71ca519aaf9081c.jpg</filename>
  <features idx="1" type="struct" size="1 1">
    <numFaces idx="1" type="struct" size="1 1">
      <data idx="1" type="double" size="1 1">0</data>
    </numFaces>
    <cornerRatio idx="1" type="struct" size="1 1">
      <data idx="1" type="double" size="1 1">0.000728395061728395</data>
    </cornerRatio>
    <edgeRatio idx="1" type="struct" size="1 1">
      <data idx="1" type="double" size="1 1">0.0625082304526749</data>
    </edgeRatio>
    <gridEdgeRatio idx="1" type="struct" size="1 1">
      <data idx="1" type="double" size="1 9">0.0615189733986892 0.09061702557324086 0.04097785977859778 0.08112573663050067 0.1166675845862936 0.07162361623616241 0.03040353786622445 0.03886124930901052 0.03362962962962963</data>
    </gridEdgeRatio>
    <medianHue idx="1" type="struct" size="1 1">
      <data idx="1" type="double" size="1 1">82</data>
    </medianHue>
    <avgSat idx="1" type="struct" size="1 1">
      <data idx="1" type="double" size="1 1">59.15110288065845</data>
    </avgSat>
    <avgInt idx="1" type="struct" size="1 1">
      <data idx="1" type="double" size="1 1">135.7172983539095</data>
    </avgInt>
    <medHueCells idx="1" type="struct" size="1 1">
      <data idx="1" type="double" size="1 9">84 90 112 62 62 102 69 68 105</data>
    </medHueCells>
    <avgSatCells idx="1" type="struct" size="1 1">
      <data idx="1" type="double" size="1 9">48.25877990123181 60.69653577132785 98.42563110374049 56.03511960492737 51.87876117567148 71.567274737424 31.19570110701107 38.42247232472323 75.92651851851856</data>
    </avgSatCells>
    <avgIntCells idx="1" type="struct" size="1 1">
      <data idx="1" type="double" size="1 9">138.5180187622772 136.8066126929927 54.62740003685275 160.4004148996714 181.3831396522919 90.33152754744799 197.3422140221402 184.9468819188191 77.32607407407407</data>
    </avgIntCells>
    <cornerRatioGrid idx="1" type="struct" size="1 1">
      <data idx="1" type="double" size="1 9">49 50 26 45 89 56 20 19 0</data>
    </cornerRatioGrid>
    <avgR idx="1" type="struct" size="1 1">
      <data idx="1" type="double" size="1 1">121.0234320987655</data>
    </avgR>
    <avgG idx="1" type="struct" size="1 1">
      <data idx="1" type="double" size="1 1">131.4990164609053</data>
    </avgG>
    <avgB idx="1" type="struct" size="1 1">
      <data idx="1" type="double" size="1 1">126.815722222222</data>
    </avgB>
    <avgRCells idx="1" type="struct" size="1 1">
      <data idx="1" type="double" size="1 9">124.1233133226853 120.4173964127701 41.07427676432652 147.1281966551009 168.8998549686989 72.39192924267552 183.1273247232473 170.7845940959409 61.53666666666668</data>
    </avgRCells>
    <avgGCells idx="1" type="struct" size="1 1">
      <data idx="1" type="double" size="1 9">134.4717188962934 133.4170108865268 45.03915607149439 157.6793706743038 179.634502762938 83.2099133959831 196.53573800738 184.6034686346864 69.16324074074073</data>
    </avgGCells>
    <avgBCells idx="1" type="struct" size="1 1">
      <data idx="1" type="double" size="1 9">130.1748820473279 126.1598832406234 53.27669062096921 147.18639275945 163.2162067889335 86.38605122535472 186.6459594095942 172.3207380073801 76.07475925925924</data>
    </avgBCells>
  </features>
</root>
