<?xml version="1.0"?>
<!-- Written on 15-Jun-2010 21:44:45 using the XML Toolbox for Matlab -->
<root xml_tb_version="3.1" idx="1" type="struct" size="1 1">
  <filename idx="1" type="char" size="1 39">Daffodil_Spirit_by_Red_Priest_Usada.jpg</filename>
  <features idx="1" type="struct" size="1 1">
    <numFaces idx="1" type="struct" size="1 1">
      <data idx="1" type="double" size="1 1">1</data>
    </numFaces>
    <cornerRatio idx="1" type="struct" size="1 1">
      <data idx="1" type="double" size="1 1">0.0004166666666666667</data>
    </cornerRatio>
    <edgeRatio idx="1" type="struct" size="1 1">
      <data idx="1" type="double" size="1 1">0.1472222222222222</data>
    </edgeRatio>
    <gridEdgeRatio idx="1" type="struct" size="1 1">
      <data idx="1" type="double" size="1 9">0.103392731299708 0.1827074734051478 0.09654686398872445 0.1103224940434243 0.1920702036981107 0.1668847947917715 0.1257744107744108 0.2139057239057238 0.1345454545454546</data>
    </gridEdgeRatio>
    <medianHue idx="1" type="struct" size="1 1">
      <data idx="1" type="double" size="1 1">20</data>
    </medianHue>
    <avgSat idx="1" type="struct" size="1 1">
      <data idx="1" type="double" size="1 1">128.4184496996996</data>
    </avgSat>
    <avgInt idx="1" type="struct" size="1 1">
      <data idx="1" type="double" size="1 1">209.4032301051051</data>
    </avgInt>
    <medHueCells idx="1" type="struct" size="1 1">
      <data idx="1" type="double" size="1 9">22 21 15 27 20 12 25 19 16</data>
    </medHueCells>
    <avgSatCells idx="1" type="struct" size="1 1">
      <data idx="1" type="double" size="1 9">89.73240712775599 105.3341555085741 138.2766666666666 132.0444981375214 168.2883318232156 177.6393771043772 73.09282190677538 142.2674754186382 130.0130471380471</data>
    </avgSatCells>
    <avgIntCells idx="1" type="struct" size="1 1">
      <data idx="1" type="double" size="1 9">235.6988657337496 224.5119131514481 222.5830639730641 190.5696835464278 160.4716097855633 174.5055050505051 235.8874291083592 230.5224671968859 209.4748653198653</data>
    </avgIntCells>
    <cornerRatioGrid idx="1" type="struct" size="1 1">
      <data idx="1" type="double" size="1 9">32 31 12 31 38 9 18 25 26</data>
    </cornerRatioGrid>
    <avgR idx="1" type="struct" size="1 1">
      <data idx="1" type="double" size="1 1">206.3386786786787</data>
    </avgR>
    <avgG idx="1" type="struct" size="1 1">
      <data idx="1" type="double" size="1 1">159.7074737237238</data>
    </avgG>
    <avgB idx="1" type="struct" size="1 1">
      <data idx="1" type="double" size="1 1">110.1246715465466</data>
    </avgB>
    <avgRCells idx="1" type="struct" size="1 1">
      <data idx="1" type="double" size="1 9">234.2607302258466 223.1931272861506 220.9182323232323 182.8163696768347 159.2281955770328 168.8344612794612 231.7865700191282 229.1774388402297 206.3908417508417</data>
    </avgRCells>
    <avgGCells idx="1" type="struct" size="1 1">
      <data idx="1" type="double" size="1 9">201.5478203966578 186.989563408168 155.9065656565658 148.8594248129132 109.7127923755831 89.42737373737377 220.6899560387932 173.1362461827578 150.6325252525253</data>
    </avgGCells>
    <avgBCells idx="1" type="struct" size="1 1">
      <data idx="1" type="double" size="1 9">158.0132722574583 138.9990268129803 105.8418181818182 99.75791133930667 55.51580589952683 51.13424242424239 168.2966374710561 103.6879593274941 108.7880976430976</data>
    </avgBCells>
  </features>
</root>
