<?xml version="1.0"?>
<!-- Written on 15-Jun-2010 21:44:45 using the XML Toolbox for Matlab -->
<root xml_tb_version="3.1" idx="1" type="struct" size="1 1">
  <filename idx="1" type="char" size="1 37">Damion___Art_Trade__by_Knuxtiger4.jpg</filename>
  <features idx="1" type="struct" size="1 1">
    <numFaces idx="1" type="struct" size="1 1">
      <data idx="1" type="double" size="1 1">0</data>
    </numFaces>
    <cornerRatio idx="1" type="struct" size="1 1">
      <data idx="1" type="double" size="1 1">0.000578027001169342</data>
    </cornerRatio>
    <edgeRatio idx="1" type="struct" size="1 1">
      <data idx="1" type="double" size="1 1">0.09508211969809716</data>
    </edgeRatio>
    <gridEdgeRatio idx="1" type="struct" size="1 1">
      <data idx="1" type="double" size="1 9">0.1325641629385449 0.1705321403343536 0.1334210841210961 0.1220861784789263 0.06951966093713213 0.1230704798372621 0.03202260419119377 0.03537791382152106 0.03829125284192893</data>
    </gridEdgeRatio>
    <medianHue idx="1" type="struct" size="1 1">
      <data idx="1" type="double" size="1 1">97</data>
    </medianHue>
    <avgSat idx="1" type="struct" size="1 1">
      <data idx="1" type="double" size="1 1">136.5425746784309</data>
    </avgSat>
    <avgInt idx="1" type="struct" size="1 1">
      <data idx="1" type="double" size="1 1">79.61991070479431</data>
    </avgInt>
    <medHueCells idx="1" type="struct" size="1 1">
      <data idx="1" type="double" size="1 9">97 97 10 97 97 112 97 97 13</data>
    </medHueCells>
    <avgSatCells idx="1" type="struct" size="1 1">
      <data idx="1" type="double" size="1 9">85.36419825759363 124.93177537085 173.7717800800566 140.2268660230751 208.4298328231693 185.8368259948199 89.5979418451598 86.91234892904147 133.9119899485461</data>
    </avgSatCells>
    <avgIntCells idx="1" type="struct" size="1 1">
      <data idx="1" type="double" size="1 9">122.7866140805275 101.4225335530963 51.33464798681422 73.94660937132092 29.38750882976219 29.89881092535908 123.7624147421323 120.8429460332655 62.84851023094414</data>
    </avgIntCells>
    <cornerRatioGrid idx="1" type="struct" size="1 1">
      <data idx="1" type="double" size="1 9">14 32 12 7 6 9 0 1 6</data>
    </cornerRatioGrid>
    <avgR idx="1" type="struct" size="1 1">
      <data idx="1" type="double" size="1 1">58.27264935686194</data>
    </avgR>
    <avgG idx="1" type="struct" size="1 1">
      <data idx="1" type="double" size="1 1">64.92441798660572</data>
    </avgG>
    <avgB idx="1" type="struct" size="1 1">
      <data idx="1" type="double" size="1 1">71.48452615073882</data>
    </avgB>
    <avgRCells idx="1" type="struct" size="1 1">
      <data idx="1" type="double" size="1 9">86.7780197786673 72.11496350364962 42.14227690134215 52.69307746644692 23.06604662114432 20.19478455380268 88.67254995811895 85.97786286945076 52.71676438913484</data>
    </avgRCells>
    <avgGCells idx="1" type="struct" size="1 1">
      <data idx="1" type="double" size="1 9">111.2848481280904 84.76942547680713 35.23510713444784 57.68189310101248 7.493819166470448 11.72268660230752 113.9801962426709 111.0938733995453 50.7725260260859</data>
    </avgGCells>
    <avgBCells idx="1" type="struct" size="1 1">
      <data idx="1" type="double" size="1 9">120.807393454203 95.63256416293852 36.81663527195666 66.25353190487402 14.40628679067578 19.85878267012007 118.5662917314825 119.5853176977385 50.79364604523156</data>
    </avgBCells>
  </features>
</root>
