<?xml version="1.0"?>
<!-- Written on 15-Jun-2010 21:44:45 using the XML Toolbox for Matlab -->
<root xml_tb_version="3.1" idx="1" type="struct" size="1 1">
  <filename idx="1" type="char" size="1 31">Damned__Hunger_by_Mentosik8.jpg</filename>
  <features idx="1" type="struct" size="1 1">
    <numFaces idx="1" type="struct" size="1 1">
      <data idx="1" type="double" size="1 1">0</data>
    </numFaces>
    <cornerRatio idx="1" type="struct" size="1 1">
      <data idx="1" type="double" size="1 1">0.0001687180196376711</data>
    </cornerRatio>
    <edgeRatio idx="1" type="struct" size="1 1">
      <data idx="1" type="double" size="1 1">0.02340893375743327</data>
    </edgeRatio>
    <gridEdgeRatio idx="1" type="struct" size="1 1">
      <data idx="1" type="double" size="1 9">0.00618109748544531 0.03057103926669143 0.005177753003839955 0.02093397745571658 0.08420661464139721 0.009810479375696766 0.002700359222098353 0.03625665799578843 0.01532268054007183</data>
    </gridEdgeRatio>
    <medianHue idx="1" type="struct" size="1 1">
      <data idx="1" type="double" size="1 1">14</data>
    </medianHue>
    <avgSat idx="1" type="struct" size="1 1">
      <data idx="1" type="double" size="1 1">118.190143825197</data>
    </avgSat>
    <avgInt idx="1" type="struct" size="1 1">
      <data idx="1" type="double" size="1 1">78.86419858940674</data>
    </avgInt>
    <medHueCells idx="1" type="struct" size="1 1">
      <data idx="1" type="double" size="1 9">13 13 38 13 13 30 13 14 38</data>
    </medHueCells>
    <avgSatCells idx="1" type="struct" size="1 1">
      <data idx="1" type="double" size="1 9">192.8998018084974 98.29727486684013 21.4984392419175 210.3156447417317 172.7572897312027 62.2412733804038 192.1317354143442 86.04305710392661 27.90218010652792</data>
    </avgSatCells>
    <avgIntCells idx="1" type="struct" size="1 1">
      <data idx="1" type="double" size="1 9">33.53977455716588 59.71086337173297 156.1547256286387 42.99764647590735 48.64619100706054 118.5916759568934 35.60986002725134 68.42385730211818 145.6534869317478</data>
    </avgIntCells>
    <cornerRatioGrid idx="1" type="struct" size="1 1">
      <data idx="1" type="double" size="1 9">6 26 4 6 68 2 2 8 0</data>
    </cornerRatioGrid>
    <avgR idx="1" type="struct" size="1 1">
      <data idx="1" type="double" size="1 1">77.7687899322362</data>
    </avgR>
    <avgG idx="1" type="struct" size="1 1">
      <data idx="1" type="double" size="1 1">68.47574194440597</data>
    </avgG>
    <avgB idx="1" type="struct" size="1 1">
      <data idx="1" type="double" size="1 1">56.85125432167056</data>
    </avgB>
    <avgRCells idx="1" type="struct" size="1 1">
      <data idx="1" type="double" size="1 9">33.53935340022297 59.70863371732941 152.3356620834881 42.98960733308558 48.63584788802179 115.7921218877741 35.60964944877989 68.42354762789546 142.4523101697013</data>
    </avgRCells>
    <avgGCells idx="1" type="struct" size="1 1">
      <data idx="1" type="double" size="1 9">19.5997150997151 48.82211073950205 155.6482844048061 23.12446426359468 32.57757958627523 113.2110987241422 20.21119781989348 58.59290226681533 144.0233246624551</data>
    </avgGCells>
    <avgBCells idx="1" type="struct" size="1 1">
      <data idx="1" type="double" size="1 9">8.9608819521863 40.32700359222097 143.377616747182 8.493893224328003 19.21698253437383 99.94839588752632 9.09020190759321 49.91005821875385 131.8914529914531</data>
    </avgBCells>
  </features>
</root>
