<?xml version="1.0"?>
<!-- Written on 15-Jun-2010 21:47:29 using the XML Toolbox for Matlab -->
<root xml_tb_version="3.1" idx="1" type="struct" size="1 1">
  <filename idx="1" type="char" size="1 37">dance_with_nobody_III_by_sujawoto.jpg</filename>
  <features idx="1" type="struct" size="1 1">
    <numFaces idx="1" type="struct" size="1 1">
      <data idx="1" type="double" size="1 1">0</data>
    </numFaces>
    <cornerRatio idx="1" type="struct" size="1 1">
      <data idx="1" type="double" size="1 1">0.000488</data>
    </cornerRatio>
    <edgeRatio idx="1" type="struct" size="1 1">
      <data idx="1" type="double" size="1 1">0.08881866666666667</data>
    </edgeRatio>
    <gridEdgeRatio idx="1" type="struct" size="1 1">
      <data idx="1" type="double" size="1 9">0.1429520015177388 0.09685069246822245 0.08121729947679177 0.1522955795864165 0.1252608613166384 0.01058416934670954 0.08871428571428562 0.09721428571428557 0.001807228915662651</data>
    </gridEdgeRatio>
    <medianHue idx="1" type="struct" size="1 1">
      <data idx="1" type="double" size="1 1">0</data>
    </medianHue>
    <avgSat idx="1" type="struct" size="1 1">
      <data idx="1" type="double" size="1 1">1.336253333333334</data>
    </avgSat>
    <avgInt idx="1" type="struct" size="1 1">
      <data idx="1" type="double" size="1 1">46.80563466666667</data>
    </avgInt>
    <medHueCells idx="1" type="struct" size="1 1">
      <data idx="1" type="double" size="1 9">0 0 0 0 0 0 0 0 0</data>
    </medHueCells>
    <avgSatCells idx="1" type="struct" size="1 1">
      <data idx="1" type="double" size="1 9">3.001233162587744 4.678690001897172 2.221642857142856 0.0747723392145703 1.139062796433314 0.6275714285714283 0 0 0.2353493975903615</data>
    </avgSatCells>
    <avgIntCells idx="1" type="struct" size="1 1">
      <data idx="1" type="double" size="1 9">33.06597419844432 75.76918516410547 94.09885714285718 25.02893189148168 56.27677385695314 71.0149285714286 62.92581481303704 1.680026880430086 1.679590361445783</data>
    </avgIntCells>
    <cornerRatioGrid idx="1" type="struct" size="1 1">
      <data idx="1" type="double" size="1 9">3 7 41 41 43 4 20 23 1</data>
    </cornerRatioGrid>
    <avgR idx="1" type="struct" size="1 1">
      <data idx="1" type="double" size="1 1">46.80386400000001</data>
    </avgR>
    <avgG idx="1" type="struct" size="1 1">
      <data idx="1" type="double" size="1 1">46.57340799999998</data>
    </avgG>
    <avgB idx="1" type="struct" size="1 1">
      <data idx="1" type="double" size="1 1">46.58344799999995</data>
    </avgB>
    <avgRCells idx="1" type="struct" size="1 1">
      <data idx="1" type="double" size="1 9">33.06063839878583 75.7632327831531 94.09666666666672 25.02871845949534 56.27523240371846 71.0144047619048 62.92581481303704 1.680026880430086 1.679518072289157</data>
    </avgRCells>
    <avgGCells idx="1" type="struct" size="1 1">
      <data idx="1" type="double" size="1 9">32.61024947827737 74.9545389869095 93.68628571428579 25.02110605198253 56.05931037753742 70.88430952380955 62.92581481303704 1.680026880430086 1.636626506024097</data>
    </avgGCells>
    <avgBCells idx="1" type="struct" size="1 1">
      <data idx="1" type="double" size="1 9">32.79958736482643 74.90772623790554 93.64900000000004 25.02456839309428 55.96312369569339 70.94061904761905 62.92581481303704 1.680026880430086 1.655373493975904</data>
    </avgBCells>
  </features>
</root>
