<?xml version="1.0"?>
<!-- Written on 15-Jun-2010 21:47:29 using the XML Toolbox for Matlab -->
<root xml_tb_version="3.1" idx="1" type="struct" size="1 1">
  <filename idx="1" type="char" size="1 38">dance_with_nobody_VIII_by_sujawoto.jpg</filename>
  <features idx="1" type="struct" size="1 1">
    <numFaces idx="1" type="struct" size="1 1">
      <data idx="1" type="double" size="1 1">0</data>
    </numFaces>
    <cornerRatio idx="1" type="struct" size="1 1">
      <data idx="1" type="double" size="1 1">0.000112</data>
    </cornerRatio>
    <edgeRatio idx="1" type="struct" size="1 1">
      <data idx="1" type="double" size="1 1">0.022592</data>
    </edgeRatio>
    <gridEdgeRatio idx="1" type="struct" size="1 1">
      <data idx="1" type="double" size="1 9">0.05784006829823563 0.01536710301650538 0 0.02466325175488522 0.04453614114968708 0.02926190476190479 0.01212019392310278 0.01173618777900447 0.007590361445783136</data>
    </gridEdgeRatio>
    <medianHue idx="1" type="struct" size="1 1">
      <data idx="1" type="double" size="1 1">16</data>
    </medianHue>
    <avgSat idx="1" type="struct" size="1 1">
      <data idx="1" type="double" size="1 1">88.68734133333338</data>
    </avgSat>
    <avgInt idx="1" type="struct" size="1 1">
      <data idx="1" type="double" size="1 1">46.80245600000006</data>
    </avgInt>
    <medHueCells idx="1" type="struct" size="1 1">
      <data idx="1" type="double" size="1 9">11 10 8 120 86 16 139 110 16</data>
    </medHueCells>
    <avgSatCells idx="1" type="struct" size="1 1">
      <data idx="1" type="double" size="1 9">85.72196926579399 129.936776702713 145.4711275380406 16.18604154809335 56.26354107380008 149.7937887006192 21.39735714285714 45.81830952380952 148.5456385542169</data>
    </avgSatCells>
    <avgIntCells idx="1" type="struct" size="1 1">
      <data idx="1" type="double" size="1 9">32.60825744640485 18.86466040599506 11.77823645178323 118.8566685638399 55.05250426863972 23.18103489655836 98.72038095238096 47.9525 13.85489156626505</data>
    </avgIntCells>
    <cornerRatioGrid idx="1" type="struct" size="1 1">
      <data idx="1" type="double" size="1 9">21 0 0 8 0 9 0 1 3</data>
    </cornerRatioGrid>
    <avgR idx="1" type="struct" size="1 1">
      <data idx="1" type="double" size="1 1">44.86031999999999</data>
    </avgR>
    <avgG idx="1" type="struct" size="1 1">
      <data idx="1" type="double" size="1 1">42.01758933333333</data>
    </avgG>
    <avgB idx="1" type="struct" size="1 1">
      <data idx="1" type="double" size="1 1">39.836248</data>
    </avgB>
    <avgRCells idx="1" type="struct" size="1 1">
      <data idx="1" type="double" size="1 9">32.53540599506734 18.83537279453614 9.357245715931455 115.3115869853918 48.79159552267121 19.52810444967119 98.35097619047619 46.79859523809521 13.83084337349397</data>
    </avgRCells>
    <avgGCells idx="1" type="struct" size="1 1">
      <data idx="1" type="double" size="1 9">25.05231455131852 12.46523430089166 8.14628234051745 113.5909931701765 52.81991083285906 18.91957471319541 93.48276190476192 43.25840476190472 10.15518072289156</data>
    </avgGCells>
    <avgBCells idx="1" type="struct" size="1 1">
      <data idx="1" type="double" size="1 9">19.42304591159173 8.438057294631003 4.125618009888155 116.7668136975906 52.75818155947638 12.4234387750204 94.47628571428568 42.85607142857142 6.899590361445786</data>
    </avgBCells>
  </features>
</root>
