<?xml version="1.0"?>
<!-- Written on 15-Jun-2010 21:47:29 using the XML Toolbox for Matlab -->
<root xml_tb_version="3.1" idx="1" type="struct" size="1 1">
  <filename idx="1" type="char" size="1 36">dance_with_nobody_II_by_sujawoto.jpg</filename>
  <features idx="1" type="struct" size="1 1">
    <numFaces idx="1" type="struct" size="1 1">
      <data idx="1" type="double" size="1 1">0</data>
    </numFaces>
    <cornerRatio idx="1" type="struct" size="1 1">
      <data idx="1" type="double" size="1 1">0.0005226666666666666</data>
    </cornerRatio>
    <edgeRatio idx="1" type="struct" size="1 1">
      <data idx="1" type="double" size="1 1">0.09215733333333333</data>
    </edgeRatio>
    <gridEdgeRatio idx="1" type="struct" size="1 1">
      <data idx="1" type="double" size="1 9">0.1546907607664581 0.1100834756213245 0.1548504776076419 0.1355055966609754 0.05131853538228044 0.1271540344645516 0.03309523809523809 0.02907142857142858 0.03197590361445778</data>
    </gridEdgeRatio>
    <medianHue idx="1" type="struct" size="1 1">
      <data idx="1" type="double" size="1 1">0</data>
    </medianHue>
    <avgSat idx="1" type="struct" size="1 1">
      <data idx="1" type="double" size="1 1">0</data>
    </avgSat>
    <avgInt idx="1" type="struct" size="1 1">
      <data idx="1" type="double" size="1 1">45.14472533333329</data>
    </avgInt>
    <medHueCells idx="1" type="struct" size="1 1">
      <data idx="1" type="double" size="1 9">0 0 0 0 0 0 0 0 0</data>
    </medHueCells>
    <avgSatCells idx="1" type="struct" size="1 1">
      <data idx="1" type="double" size="1 9">0 0 0 0 0 0 0 0 0</data>
    </avgSatCells>
    <avgIntCells idx="1" type="struct" size="1 1">
      <data idx="1" type="double" size="1 9">80.82752324037185 75.01387307911205 28.54261904761906 60.92861885790172 20.23266457977613 16.7015238095238 63.29623673978783 40.89252628042047 20.04501204819276</data>
    </avgIntCells>
    <cornerRatioGrid idx="1" type="struct" size="1 1">
      <data idx="1" type="double" size="1 9">39 39 24 44 36 13 0 1 0</data>
    </cornerRatioGrid>
    <avgR idx="1" type="struct" size="1 1">
      <data idx="1" type="double" size="1 1">45.14472533333329</data>
    </avgR>
    <avgG idx="1" type="struct" size="1 1">
      <data idx="1" type="double" size="1 1">45.14472533333329</data>
    </avgG>
    <avgB idx="1" type="struct" size="1 1">
      <data idx="1" type="double" size="1 1">45.14472533333329</data>
    </avgB>
    <avgRCells idx="1" type="struct" size="1 1">
      <data idx="1" type="double" size="1 9">80.82752324037185 75.01387307911205 28.54261904761906 60.92861885790172 20.23266457977613 16.7015238095238 63.29623673978783 40.89252628042047 20.04501204819276</data>
    </avgRCells>
    <avgGCells idx="1" type="struct" size="1 1">
      <data idx="1" type="double" size="1 9">80.82752324037185 75.01387307911205 28.54261904761906 60.92861885790172 20.23266457977613 16.7015238095238 63.29623673978783 40.89252628042047 20.04501204819276</data>
    </avgGCells>
    <avgBCells idx="1" type="struct" size="1 1">
      <data idx="1" type="double" size="1 9">80.82752324037185 75.01387307911205 28.54261904761906 60.92861885790172 20.23266457977613 16.7015238095238 63.29623673978783 40.89252628042047 20.04501204819276</data>
    </avgBCells>
  </features>
</root>
