<?xml version="1.0"?>
<!-- Written on 15-Jun-2010 21:47:30 using the XML Toolbox for Matlab -->
<root xml_tb_version="3.1" idx="1" type="struct" size="1 1">
  <filename idx="1" type="char" size="1 35">dance_with_nobody_V_by_sujawoto.jpg</filename>
  <features idx="1" type="struct" size="1 1">
    <numFaces idx="1" type="struct" size="1 1">
      <data idx="1" type="double" size="1 1">0</data>
    </numFaces>
    <cornerRatio idx="1" type="struct" size="1 1">
      <data idx="1" type="double" size="1 1">7.466666666666666e-05</data>
    </cornerRatio>
    <edgeRatio idx="1" type="struct" size="1 1">
      <data idx="1" type="double" size="1 1">0.03593066666666667</data>
    </edgeRatio>
    <gridEdgeRatio idx="1" type="struct" size="1 1">
      <data idx="1" type="double" size="1 9">0.03284481123126539 0.1398928097135269 0.03102380952380959 0.008987858091443748 0.09042401821286285 0.01628571428571427 0.001128018048288773 0.00105601689627034 0.0006506024096385543</data>
    </gridEdgeRatio>
    <medianHue idx="1" type="struct" size="1 1">
      <data idx="1" type="double" size="1 1">0</data>
    </medianHue>
    <avgSat idx="1" type="struct" size="1 1">
      <data idx="1" type="double" size="1 1">0.001117333333333333</data>
    </avgSat>
    <avgInt idx="1" type="struct" size="1 1">
      <data idx="1" type="double" size="1 1">22.41339199999998</data>
    </avgInt>
    <medHueCells idx="1" type="struct" size="1 1">
      <data idx="1" type="double" size="1 9">0 0 0 0 0 0 0 0 0</data>
    </medHueCells>
    <avgSatCells idx="1" type="struct" size="1 1">
      <data idx="1" type="double" size="1 9">0 0 0 0.002608613166382091 0.007327831531018782 0 0 0 0</data>
    </avgSatCells>
    <avgIntCells idx="1" type="struct" size="1 1">
      <data idx="1" type="double" size="1 9">27.34924587364825 9.212009106431417 1.074905198483176 44.71438057294633 34.00507493834186 3.325325205203282 42.25695238095238 33.73204761904762 5.49212048192771</data>
    </avgIntCells>
    <cornerRatioGrid idx="1" type="struct" size="1 1">
      <data idx="1" type="double" size="1 9">0 17 0 0 11 0 0 0 0</data>
    </cornerRatioGrid>
    <avgR idx="1" type="struct" size="1 1">
      <data idx="1" type="double" size="1 1">22.41338666666665</data>
    </avgR>
    <avgG idx="1" type="struct" size="1 1">
      <data idx="1" type="double" size="1 1">22.41312533333332</data>
    </avgG>
    <avgB idx="1" type="struct" size="1 1">
      <data idx="1" type="double" size="1 1">22.41325333333331</data>
    </avgB>
    <avgRCells idx="1" type="struct" size="1 1">
      <data idx="1" type="double" size="1 9">27.34924587364825 9.212009106431417 1.074905198483176 44.71433314361604 34.00507493834186 3.325325205203282 42.25695238095238 33.73204761904762 5.49212048192771</data>
    </avgRCells>
    <avgGCells idx="1" type="struct" size="1 1">
      <data idx="1" type="double" size="1 9">27.34924587364825 9.212009106431417 1.074905198483176 44.71314741035859 34.00393663441471 3.325325205203282 42.25695238095238 33.73204761904762 5.49212048192771</data>
    </avgGCells>
    <avgBCells idx="1" type="struct" size="1 1">
      <data idx="1" type="double" size="1 9">27.34924587364825 9.212009106431417 1.074905198483176 44.71371656232216 34.00450578637829 3.325325205203282 42.25695238095238 33.73204761904762 5.49212048192771</data>
    </avgBCells>
  </features>
</root>
