<?xml version="1.0"?>
<!-- Written on 15-Jun-2010 21:44:46 using the XML Toolbox for Matlab -->
<root xml_tb_version="3.1" idx="1" type="struct" size="1 1">
  <filename idx="1" type="char" size="1 43">Dark_horse_project_completed_by_Skarbog.jpg</filename>
  <features idx="1" type="struct" size="1 1">
    <numFaces idx="1" type="struct" size="1 1">
      <data idx="1" type="double" size="1 1">0</data>
    </numFaces>
    <cornerRatio idx="1" type="struct" size="1 1">
      <data idx="1" type="double" size="1 1">0.000294414272201655</data>
    </cornerRatio>
    <edgeRatio idx="1" type="struct" size="1 1">
      <data idx="1" type="double" size="1 1">0.1809943059026929</data>
    </edgeRatio>
    <gridEdgeRatio idx="1" type="struct" size="1 1">
      <data idx="1" type="double" size="1 9">0.2465126050420171 0.2107703081232497 0.1621708683473396 0.1851960784313727 0.1691176470588236 0.1824649859943983 0.1687429696287964 0.1981299212598424 0.1057649043869518</data>
    </gridEdgeRatio>
    <medianHue idx="1" type="struct" size="1 1">
      <data idx="1" type="double" size="1 1">25</data>
    </medianHue>
    <avgSat idx="1" type="struct" size="1 1">
      <data idx="1" type="double" size="1 1">14.62477370817907</data>
    </avgSat>
    <avgInt idx="1" type="struct" size="1 1">
      <data idx="1" type="double" size="1 1">93.58446714148799</data>
    </avgInt>
    <medHueCells idx="1" type="struct" size="1 1">
      <data idx="1" type="double" size="1 9">106 105 103 0 0 0 103 36 24</data>
    </medHueCells>
    <avgSatCells idx="1" type="struct" size="1 1">
      <data idx="1" type="double" size="1 9">26.13850140056023 20.68121848739495 17.70118110236222 2.323627450980391 1.12327731092437 0 11.65577030812325 15.79766106442577 36.07456411698538</data>
    </avgSatCells>
    <avgIntCells idx="1" type="struct" size="1 1">
      <data idx="1" type="double" size="1 9">123.7804201680672 114.5000840336135 103.9018700787402 74.11316526610648 89.56424369747894 88.93976377952754 111.3748319327731 101.7693837535014 34.08665635545558</data>
    </avgIntCells>
    <cornerRatioGrid idx="1" type="struct" size="1 1">
      <data idx="1" type="double" size="1 9">56 14 13 29 17 15 13 20 11</data>
    </cornerRatioGrid>
    <avgR idx="1" type="struct" size="1 1">
      <data idx="1" type="double" size="1 1">88.87233696026672</data>
    </avgR>
    <avgG idx="1" type="struct" size="1 1">
      <data idx="1" type="double" size="1 1">90.89513370792865</data>
    </avgG>
    <avgB idx="1" type="struct" size="1 1">
      <data idx="1" type="double" size="1 1">92.86934270447694</data>
    </avgB>
    <avgRCells idx="1" type="struct" size="1 1">
      <data idx="1" type="double" size="1 9">109.7746778711485 104.6921988795518 96.62006467941507 73.19770308123253 89.21934173669467 88.93976377952754 105.7259103641457 97.55686274509793 33.95711473565806</data>
    </avgRCells>
    <avgGCells idx="1" type="struct" size="1 1">
      <data idx="1" type="double" size="1 9">115.6603781512605 109.0818347338936 100.3605033745781 73.61780112044825 89.37770308123248 88.93976377952754 108.4200700280113 99.04161064425772 33.36493250843647</data>
    </avgGCells>
    <avgBCells idx="1" type="struct" size="1 1">
      <data idx="1" type="double" size="1 9">123.5330672268906 114.230756302521 103.7194178852644 74.09095238095239 89.55484593837532 88.93976377952754 111.0700700280112 99.74425770308123 30.70396512935881</data>
    </avgBCells>
  </features>
</root>
