<?xml version="1.0"?>
<!-- Written on 15-Jun-2010 21:44:45 using the XML Toolbox for Matlab -->
<root xml_tb_version="3.1" idx="1" type="struct" size="1 1">
  <filename idx="1" type="char" size="1 25">Dark_Rider_by_One_Vox.jpg</filename>
  <features idx="1" type="struct" size="1 1">
    <numFaces idx="1" type="struct" size="1 1">
      <data idx="1" type="double" size="1 1">1</data>
    </numFaces>
    <cornerRatio idx="1" type="struct" size="1 1">
      <data idx="1" type="double" size="1 1">9.646302250803858e-05</data>
    </cornerRatio>
    <edgeRatio idx="1" type="struct" size="1 1">
      <data idx="1" type="double" size="1 1">0.04847467845659164</data>
    </edgeRatio>
    <gridEdgeRatio idx="1" type="struct" size="1 1">
      <data idx="1" type="double" size="1 9">0.02604764638346727 0.04630094718714117 0.01897962112514351 0.07008826061997701 0.09383969575200918 0.06667982204362793 0.05756578947368424 0.02772556390977443 0.02982215153267787</data>
    </gridEdgeRatio>
    <medianHue idx="1" type="struct" size="1 1">
      <data idx="1" type="double" size="1 1">124</data>
    </medianHue>
    <avgSat idx="1" type="struct" size="1 1">
      <data idx="1" type="double" size="1 1">116.3712057877814</data>
    </avgSat>
    <avgInt idx="1" type="struct" size="1 1">
      <data idx="1" type="double" size="1 1">53.58303054662385</data>
    </avgInt>
    <medHueCells idx="1" type="struct" size="1 1">
      <data idx="1" type="double" size="1 9">119 120 129 119 126 124 120 138 143</data>
    </medHueCells>
    <avgSatCells idx="1" type="struct" size="1 1">
      <data idx="1" type="double" size="1 9">120.4252834385763 99.21431902985081 125.5637290341238 105.6945321469575 111.1346333237657 132.5840080971659 114.2999784730196 94.32645665901262 144.31616902834</data>
    </avgSatCells>
    <avgIntCells idx="1" type="struct" size="1 1">
      <data idx="1" type="double" size="1 9">61.28578860505167 63.99808051090701 18.59228600347021 85.2895737657864 38.56056257175662 24.23986046847888 76.22843714121696 76.34245838117107 37.18603600347021</data>
    </avgIntCells>
    <cornerRatioGrid idx="1" type="struct" size="1 1">
      <data idx="1" type="double" size="1 9">2 14 2 1 20 0 7 2 0</data>
    </cornerRatioGrid>
    <avgR idx="1" type="struct" size="1 1">
      <data idx="1" type="double" size="1 1">38.35353697749196</data>
    </avgR>
    <avgG idx="1" type="struct" size="1 1">
      <data idx="1" type="double" size="1 1">35.46607516077167</data>
    </avgG>
    <avgB idx="1" type="struct" size="1 1">
      <data idx="1" type="double" size="1 1">52.52931672025722</data>
    </avgB>
    <avgRCells idx="1" type="struct" size="1 1">
      <data idx="1" type="double" size="1 9">33.90481486796786 46.29217494259475 14.10620300751879 56.06728975315729 31.74802669345579 14.42905942741469 46.13619402985071 69.81590843857632 32.37031882591093</data>
    </avgRCells>
    <avgGCells idx="1" type="struct" size="1 1">
      <data idx="1" type="double" size="1 9">35.18839695752008 48.41626004592423 10.64529713707345 56.5345687428243 28.37334959816303 12.51422426257953 44.48116389207807 59.90793628013778 22.79260049161363</data>
    </avgGCells>
    <avgBCells idx="1" type="struct" size="1 1">
      <data idx="1" type="double" size="1 9">61.1073299368542 63.21505453501724 18.53929294389821 84.12821110792189 37.28679319747415 24.21721370734529 76.2065693168771 71.78137557405283 35.75596443030654</data>
    </avgBCells>
  </features>
</root>
