<?xml version="1.0"?>
<!-- Written on 15-Jun-2010 21:44:46 using the XML Toolbox for Matlab -->
<root xml_tb_version="3.1" idx="1" type="struct" size="1 1">
  <filename idx="1" type="char" size="1 36">Day_or_Night_by_Red_Priest_Usada.jpg</filename>
  <features idx="1" type="struct" size="1 1">
    <numFaces idx="1" type="struct" size="1 1">
      <data idx="1" type="double" size="1 1">1</data>
    </numFaces>
    <cornerRatio idx="1" type="struct" size="1 1">
      <data idx="1" type="double" size="1 1">0.0004123222748815166</data>
    </cornerRatio>
    <edgeRatio idx="1" type="struct" size="1 1">
      <data idx="1" type="double" size="1 1">0.05980568720379147</data>
    </edgeRatio>
    <gridEdgeRatio idx="1" type="struct" size="1 1">
      <data idx="1" type="double" size="1 9">0.05908936843294525 0.08171393062930739 0.03206856429321443 0.07237882725115805 0.05790306180092631 0.05604903936203409 0.01745565472827928 0.07155971076714503 0.0896500837188184</data>
    </gridEdgeRatio>
    <medianHue idx="1" type="struct" size="1 1">
      <data idx="1" type="double" size="1 1">124</data>
    </medianHue>
    <avgSat idx="1" type="struct" size="1 1">
      <data idx="1" type="double" size="1 1">93.55358925750393</data>
    </avgSat>
    <avgInt idx="1" type="struct" size="1 1">
      <data idx="1" type="double" size="1 1">151.0537124802527</data>
    </avgInt>
    <medHueCells idx="1" type="struct" size="1 1">
      <data idx="1" type="double" size="1 9">120 95 93 131 128 26 133 131 123</data>
    </medHueCells>
    <avgSatCells idx="1" type="struct" size="1 1">
      <data idx="1" type="double" size="1 9">98.07140436108917 39.16486837645466 23.062718901819 112.7625974466162 84.41585696531463 52.936094791549 173.6881261174336 175.2571586684452 83.14181116440108</data>
    </avgSatCells>
    <avgIntCells idx="1" type="struct" size="1 1">
      <data idx="1" type="double" size="1 9">147.8674302338719 226.4121991865326 231.4782792904757 116.8731922946559 155.5834933905773 218.4305586939329 40.59292788829924 54.79913159463064 167.0561483667736</data>
    </avgIntCells>
    <cornerRatioGrid idx="1" type="struct" size="1 1">
      <data idx="1" type="double" size="1 9">32 72 32 2 14 40 22 16 31</data>
    </cornerRatioGrid>
    <avgR idx="1" type="struct" size="1 1">
      <data idx="1" type="double" size="1 1">139.1515387045814</data>
    </avgR>
    <avgG idx="1" type="struct" size="1 1">
      <data idx="1" type="double" size="1 1">129.9883601895734</data>
    </avgG>
    <avgB idx="1" type="struct" size="1 1">
      <data idx="1" type="double" size="1 1">135.7537930489733</data>
    </avgB>
    <avgRCells idx="1" type="struct" size="1 1">
      <data idx="1" type="double" size="1 9">138.0067930177381 218.8529685911196 219.8365438933454 101.4636199299514 143.874590441758 209.2649983052763 28.10361267985357 32.71660470528136 160.0031784771688</data>
    </avgRCells>
    <avgGCells idx="1" type="struct" size="1 1">
      <data idx="1" type="double" size="1 9">122.7821008925546 211.8978787707602 222.7423313749857 93.59006044514736 134.6983250480171 196.6828183256129 20.48056020660099 21.58439992053807 145.030819876834</data>
    </avgGCells>
    <avgBCells idx="1" type="struct" size="1 1">
      <data idx="1" type="double" size="1 9">116.1762089029487 201.87803638007 222.2135210710654 114.1651649531126 148.4058863405265 184.3271381764773 40.54752107160089 53.27106450605895 140.3240060164032</data>
    </avgBCells>
  </features>
</root>
