<?xml version="1.0"?>
<!-- Written on 15-Jun-2010 21:47:30 using the XML Toolbox for Matlab -->
<root xml_tb_version="3.1" idx="1" type="struct" size="1 1">
  <filename idx="1" type="char" size="1 27">dead_things_by_Udodelig.jpg</filename>
  <features idx="1" type="struct" size="1 1">
    <numFaces idx="1" type="struct" size="1 1">
      <data idx="1" type="double" size="1 1">0</data>
    </numFaces>
    <cornerRatio idx="1" type="struct" size="1 1">
      <data idx="1" type="double" size="1 1">0.00168</data>
    </cornerRatio>
    <edgeRatio idx="1" type="struct" size="1 1">
      <data idx="1" type="double" size="1 1">0.170064</data>
    </edgeRatio>
    <gridEdgeRatio idx="1" type="struct" size="1 1">
      <data idx="1" type="double" size="1 9">0.2143331436160121 0.208451906659078 0.2085476190476192 0.2525374691709353 0.1619948776323279 0.1366666666666667 0.1411702587241395 0.114097825565209 0.0896626506024095</data>
    </gridEdgeRatio>
    <medianHue idx="1" type="struct" size="1 1">
      <data idx="1" type="double" size="1 1">56</data>
    </medianHue>
    <avgSat idx="1" type="struct" size="1 1">
      <data idx="1" type="double" size="1 1">46.81530666666663</data>
    </avgSat>
    <avgInt idx="1" type="struct" size="1 1">
      <data idx="1" type="double" size="1 1">115.9224586666666</data>
    </avgInt>
    <medHueCells idx="1" type="struct" size="1 1">
      <data idx="1" type="double" size="1 9">73 35 62 42 65 57 35 53 50</data>
    </medHueCells>
    <avgSatCells idx="1" type="struct" size="1 1">
      <data idx="1" type="double" size="1 9">21.64705463858851 38.74530449630051 63.76875630010082 20.57958641623981 29.18575697211155 58.71888350213603 42.53238095238096 57.86266666666664 89.30491566265057</data>
    </avgSatCells>
    <avgIntCells idx="1" type="struct" size="1 1">
      <data idx="1" type="double" size="1 9">170.4060899260103 133.9612028078163 73.04946479143672 164.5464095996965 150.2304828305823 94.9148226371621 109.4704047619047 93.07528571428567 51.71609638554216</data>
    </avgIntCells>
    <cornerRatioGrid idx="1" type="struct" size="1 1">
      <data idx="1" type="double" size="1 9">74 31 104 106 52 83 85 50 45</data>
    </cornerRatioGrid>
    <avgR idx="1" type="struct" size="1 1">
      <data idx="1" type="double" size="1 1">107.6563626666667</data>
    </avgR>
    <avgG idx="1" type="struct" size="1 1">
      <data idx="1" type="double" size="1 1">112.9269440000001</data>
    </avgG>
    <avgB idx="1" type="struct" size="1 1">
      <data idx="1" type="double" size="1 1">102.9925626666666</data>
    </avgB>
    <avgRCells idx="1" type="struct" size="1 1">
      <data idx="1" type="double" size="1 9">160.4131331815595 127.8441235059761 62.49642394278309 160.4118051603112 139.4908935685829 83.38266212259394 104.0377380952381 84.44719047619046 44.34154216867472</data>
    </avgRCells>
    <avgGCells idx="1" type="struct" size="1 1">
      <data idx="1" type="double" size="1 9">168.4143189148168 127.8829681274901 70.79323669178706 160.9181369759059 148.481383987858 93.1349301588826 104.9568571428571 90.31766666666663 49.56968674698796</data>
    </avgGCells>
    <avgBCells idx="1" type="struct" size="1 1">
      <data idx="1" type="double" size="1 9">162.6938673875924 116.7774615822424 60.05256084097342 154.5319673686208 139.642667425536 79.65888254212064 93.51921428571436 79.2132857142856 38.79250602409636</data>
    </avgBCells>
  </features>
</root>
