<?xml version="1.0"?>
<!-- Written on 15-Jun-2010 21:44:46 using the XML Toolbox for Matlab -->
<root xml_tb_version="3.1" idx="1" type="struct" size="1 1">
  <filename idx="1" type="char" size="1 35">Death_of_The_Author_by_sujawoto.jpg</filename>
  <features idx="1" type="struct" size="1 1">
    <numFaces idx="1" type="struct" size="1 1">
      <data idx="1" type="double" size="1 1">0</data>
    </numFaces>
    <cornerRatio idx="1" type="struct" size="1 1">
      <data idx="1" type="double" size="1 1">0.0001617777777777778</data>
    </cornerRatio>
    <edgeRatio idx="1" type="struct" size="1 1">
      <data idx="1" type="double" size="1 1">0.02055288888888889</data>
    </edgeRatio>
    <gridEdgeRatio idx="1" type="struct" size="1 1">
      <data idx="1" type="double" size="1 9">0.01090458881605053 0.02871382993920729 0.004541832669322708 0.007857018142569162 0.05160235551816656 0.004286852589641434 0.004749003984063745 0.05325896414342621 0.01905600000000001</data>
    </gridEdgeRatio>
    <medianHue idx="1" type="struct" size="1 1">
      <data idx="1" type="double" size="1 1">97</data>
    </medianHue>
    <avgSat idx="1" type="struct" size="1 1">
      <data idx="1" type="double" size="1 1">68.17225599999999</data>
    </avgSat>
    <avgInt idx="1" type="struct" size="1 1">
      <data idx="1" type="double" size="1 1">134.3124497777778</data>
    </avgInt>
    <medHueCells idx="1" type="struct" size="1 1">
      <data idx="1" type="double" size="1 9">0 0 93 120 100 98 0 95 95</data>
    </medHueCells>
    <avgSatCells idx="1" type="struct" size="1 1">
      <data idx="1" type="double" size="1 9">52.84301836478787 46.51448389708099 67.54121115537853 31.74017872732177 99.64681512991842 125.0702470119523 69.10970517928283 55.17477290836654 66.47710400000001</data>
    </avgSatCells>
    <avgIntCells idx="1" type="struct" size="1 1">
      <data idx="1" type="double" size="1 9">153.6862113299788 168.1050618244155 153.0675059760957 129.3962000603165 56.17772733766132 71.72328286852594 139.8246693227092 172.6036653386454 163.042096</data>
    </avgIntCells>
    <cornerRatioGrid idx="1" type="struct" size="1 1">
      <data idx="1" type="double" size="1 9">1 18 0 0 11 0 4 39 18</data>
    </cornerRatioGrid>
    <avgR idx="1" type="struct" size="1 1">
      <data idx="1" type="double" size="1 1">120.5927697777778</data>
    </avgR>
    <avgG idx="1" type="struct" size="1 1">
      <data idx="1" type="double" size="1 1">129.2990026666666</data>
    </avgG>
    <avgB idx="1" type="struct" size="1 1">
      <data idx="1" type="double" size="1 1">133.5552551111113</data>
    </avgB>
    <avgRCells idx="1" type="struct" size="1 1">
      <data idx="1" type="double" size="1 9">148.4253583276457 153.8374152791226 139.8019442231075 127.538213679148 43.40802526944016 38.03652589641435 133.3227569721116 154.1844780876494 145.360096</data>
    </avgRCells>
    <avgGCells idx="1" type="struct" size="1 1">
      <data idx="1" type="double" size="1 9">151.1927905906254 163.7606863383121 149.690262948207 124.4680560626022 48.50329359851434 62.15998406374504 137.4329402390438 167.0954581673307 158.144576</data>
    </avgGCells>
    <avgBCells idx="1" type="struct" size="1 1">
      <data idx="1" type="double" size="1 9">153.0769511595053 167.6723226615451 153.0653067729085 126.2924080570149 53.59538737480359 71.71966533864547 139.7538326693227 172.5964780876494 163.04128</data>
    </avgBCells>
  </features>
</root>
