<?xml version="1.0"?>
<!-- Written on 15-Jun-2010 21:44:46 using the XML Toolbox for Matlab -->
<root xml_tb_version="3.1" idx="1" type="struct" size="1 1">
  <filename idx="1" type="char" size="1 33">Death_from_above_by_Mentosik8.jpg</filename>
  <features idx="1" type="struct" size="1 1">
    <numFaces idx="1" type="struct" size="1 1">
      <data idx="1" type="double" size="1 1">0</data>
    </numFaces>
    <cornerRatio idx="1" type="struct" size="1 1">
      <data idx="1" type="double" size="1 1">0.0001015532299272024</data>
    </cornerRatio>
    <edgeRatio idx="1" type="struct" size="1 1">
      <data idx="1" type="double" size="1 1">0.02228558906218265</data>
    </edgeRatio>
    <gridEdgeRatio idx="1" type="struct" size="1 1">
      <data idx="1" type="double" size="1 9">0 0.03749103942652336 0.0153882915173238 0.002759856630824371 0.07015531660692957 0.001433691756272401 0.02828828828828828 0.03803003003003004 0.007303303303303299</data>
    </gridEdgeRatio>
    <medianHue idx="1" type="struct" size="1 1">
      <data idx="1" type="double" size="1 1">11</data>
    </medianHue>
    <avgSat idx="1" type="struct" size="1 1">
      <data idx="1" type="double" size="1 1">96.46896346221693</data>
    </avgSat>
    <avgInt idx="1" type="struct" size="1 1">
      <data idx="1" type="double" size="1 1">87.94862876415057</data>
    </avgInt>
    <medHueCells idx="1" type="struct" size="1 1">
      <data idx="1" type="double" size="1 9">11 8 11 13 12 10 12 12 10</data>
    </medHueCells>
    <avgSatCells idx="1" type="struct" size="1 1">
      <data idx="1" type="double" size="1 9">86.30260454002392 129.4259259259259 108.4243603603604 80.728853046595 91.05622461170847 112.5084564564565 63.57144563918754 88.12968936678615 108.411987987988</data>
    </avgSatCells>
    <avgIntCells idx="1" type="struct" size="1 1">
      <data idx="1" type="double" size="1 9">90.42224611708485 67.07956989247309 65.7616936936937 105.2197371565113 100.4045878136201 69.53114714714717 153.5358183990442 80.40281959378736 58.99525525525529</data>
    </avgIntCells>
    <cornerRatioGrid idx="1" type="struct" size="1 1">
      <data idx="1" type="double" size="1 9">0 3 1 1 25 0 26 20 0</data>
    </cornerRatioGrid>
    <avgR idx="1" type="struct" size="1 1">
      <data idx="1" type="double" size="1 1">87.94850048638645</data>
    </avgR>
    <avgG idx="1" type="struct" size="1 1">
      <data idx="1" type="double" size="1 1">68.99374111409249</data>
    </avgG>
    <avgB idx="1" type="struct" size="1 1">
      <data idx="1" type="double" size="1 1">56.93996600639247</data>
    </avgB>
    <avgRCells idx="1" type="struct" size="1 1">
      <data idx="1" type="double" size="1 9">90.42224611708485 67.07956989247309 65.76093693693693 105.2197371565113 100.4045878136201 69.530978978979 153.5358183990442 80.40281959378736 58.99502702702705</data>
    </avgRCells>
    <avgGCells idx="1" type="struct" size="1 1">
      <data idx="1" type="double" size="1 9">71.49326164874549 42.6036439665472 48.48217417417416 86.24084826762243 80.53393070489845 51.94922522522523 133.0650776583036 64.14063321385908 42.21135135135135</data>
    </avgGCells>
    <avgBCells idx="1" type="struct" size="1 1">
      <data idx="1" type="double" size="1 9">61.44902031063322 31.59648745519714 36.00565765765764 72.76384707287937 66.9688888888889 36.71625225225226 119.4091875746714 53.7700238948626 33.38873273273273</data>
    </avgBCells>
  </features>
</root>
